ts,family,name,window,exec_model,tc_bps,leverage_cap,params_json,mean_monthly,median_monthly,sharpe,sortino,max_drawdown,calmar,cagr,ann_vol,worst_month,hit_rate,turnover_ann,avg_gross,runtime_s,notes,ep_2018Q4_ret,ep_2018Q4_dd,ep_covid_ret,ep_covid_dd,ep_2022_ret,ep_2022_dd,ep_2026Q1_ret,ep_2026Q1_dd,pub_mean_monthly,pub_sharpe,pub_calmar,pub_max_drawdown,rank_calmar_legacy_period,rank_calmar_next_open,rank_change_calmar,rank_mean_monthly_legacy_period,rank_mean_monthly_next_open,rank_change_mean_monthly
2026-06-11T11:59:11,rescore,FINAL_3pct_lev_1.3x,dev,next_open,5.0,2.0,"{""lev"": 1.3, ""source"": ""run_final"", ""tc_bps"": 5.0, ""leverage_cap"": 2.0}",0.0195209422666551,0.017194696317951,0.9751613796643112,1.1992553502746393,-0.2965307145274253,0.7749778063344598,0.2298047226552539,0.24253178906816,-0.2060100586346979,0.6625,8.706741810101208,0.9024520872417928,0.14,,-0.2589806060461502,-0.2782266649979437,-0.2242920308978363,-0.2618262551523441,0.0046397337972834,-0.1581171427791845,,,0.0224386086460836,1.025030060269014,0.7460689802502914,-0.3559852121939064,12.0,10.0,2.0,19.0,18.0,1.0
2026-06-11T11:59:10,rescore,FINAL_3pct_lev_1.3x,full,legacy_period,5.0,2.0,"{""lev"": 1.3, ""source"": ""run_final"", ""tc_bps"": 5.0, ""leverage_cap"": 2.0}",0.0224386086460836,0.0144452796156877,1.025030060269014,1.2690652235188384,-0.3559852121939064,0.7460689802502914,0.2655895242456914,0.2647759501843324,-0.1917521279891165,0.6554621848739496,8.851001972797867,0.9334669585236676,0.07,,-0.251548840194115,-0.287201658757071,-0.3081596988394253,-0.3559852121939064,-0.0943951061146974,-0.1986637929921233,0.0507959970361042,-0.0869610614269238,0.0224386086460836,1.025030060269014,0.7460689802502914,-0.3559852121939064,12.0,10.0,2.0,19.0,18.0,1.0
2026-06-11T11:59:10,rescore,FINAL_3pct_lev_1.3x,full,next_close,5.0,2.0,"{""lev"": 1.3, ""source"": ""run_final"", ""tc_bps"": 5.0, ""leverage_cap"": 2.0}",0.02348532277766,0.0162370811668821,1.1118037644348593,1.4181628125075518,-0.2942725895587047,0.9618765225121596,0.2830538951153749,0.2538742533460184,-0.2049844345607291,0.6470588235294118,8.856920295343482,0.9345130286406352,0.13,,-0.2567779704088269,-0.2759097843278373,-0.2628168020842549,-0.2628168020842549,0.0208693074354717,-0.1547936086513978,0.0646203918073888,-0.0851589409747927,0.0224386086460836,1.025030060269014,0.7460689802502914,-0.3559852121939064,12.0,10.0,2.0,19.0,18.0,1.0
2026-06-11T11:59:10,rescore,FINAL_3pct_lev_1.3x,full,next_open,5.0,2.0,"{""lev"": 1.3, ""source"": ""run_final"", ""tc_bps"": 5.0, ""leverage_cap"": 2.0}",0.0234605770627015,0.0182463006524533,1.1091828190872337,1.4167986798241452,-0.2965307145274253,0.95547218047821,0.2833268483882807,0.2548985863323802,-0.2060100586346979,0.6386554621848739,8.856920295343482,0.9345130286406352,0.17,,-0.2589806060461502,-0.2782266649979437,-0.2242920308978363,-0.2618262551523441,0.0046397337972834,-0.1581171427791845,0.0569338881996517,-0.0864618503078104,0.0224386086460836,1.025030060269014,0.7460689802502914,-0.3559852121939064,12.0,10.0,2.0,19.0,18.0,1.0
2026-06-11T11:59:11,rescore,FINAL_3pct_lev_1.5x,dev,next_open,5.0,2.0,"{""lev"": 1.5, ""source"": ""run_final"", ""tc_bps"": 5.0, ""leverage_cap"": 2.0}",0.0224481402537881,0.0192690354576836,0.9751613796643142,1.199255350274644,-0.3354934109342407,0.7835101833982734,0.2628625039299992,0.2798443720017232,-0.2350032464702161,0.6625,10.046240550116778,1.041290869894376,0.14,,-0.294277323737954,-0.3153586683211179,-0.2560613973088753,-0.2972894866093589,-0.0005329242001602,-0.1813608730195282,,,0.025846035148479,1.0250300602690168,0.7576874993988535,-0.4012623902093775,9.0,9.0,0.0,12.0,11.0,1.0
2026-06-11T11:59:11,rescore,FINAL_3pct_lev_1.5x,full,legacy_period,5.0,2.0,"{""lev"": 1.5, ""source"": ""run_final"", ""tc_bps"": 5.0, ""leverage_cap"": 2.0}",0.025846035148479,0.0162435273168262,1.0250300602690168,1.2690652235188424,-0.4012623902093775,0.7576874993988535,0.3040314970405502,0.3055107117511531,-0.219267169143084,0.6554621848739496,10.212694583997536,1.077077259835001,0.07,,-0.2864216526541777,-0.3253912206960276,-0.3499632926858699,-0.4012623902093775,-0.114000985756422,-0.2272218362021916,0.0570774180941191,-0.1000179164444,0.025846035148479,1.0250300602690168,0.7576874993988535,-0.4012623902093775,9.0,9.0,0.0,12.0,11.0,1.0
2026-06-11T11:59:11,rescore,FINAL_3pct_lev_1.5x,full,next_close,5.0,2.0,"{""lev"": 1.5, ""source"": ""run_final"", ""tc_bps"": 5.0, ""leverage_cap"": 2.0}",0.0270734379939778,0.0179890603695884,1.111803764434858,1.4181628125075505,-0.3330275063027387,0.9774377466717206,0.3255136553402511,0.2929318307838674,-0.2338651906646862,0.6470588235294118,10.219523417704016,1.0782842638161174,0.13,,-0.2918519786388306,-0.3128180460632134,-0.2983803041709276,-0.2983803041709276,0.0181968093428595,-0.1775671289516875,0.0731933440682173,-0.0979580246247655,0.025846035148479,1.0250300602690168,0.7576874993988535,-0.4012623902093775,9.0,9.0,0.0,12.0,11.0,1.0
2026-06-11T11:59:11,rescore,FINAL_3pct_lev_1.5x,full,next_open,5.0,2.0,"{""lev"": 1.5, ""source"": ""run_final"", ""tc_bps"": 5.0, ""leverage_cap"": 2.0}",0.0270330259835146,0.0207000123657679,1.1091828190872364,1.41679867982415,-0.3354934109342407,0.9710454137452168,0.3257793380294338,0.2941137534604388,-0.2350032464702161,0.6386554621848739,10.219523417704016,1.0782842638161174,0.18,,-0.294277323737954,-0.3153586683211179,-0.2560613973088753,-0.2972894866093589,-0.0005329242001602,-0.1813608730195282,0.0642414085229328,-0.099446678100738,0.025846035148479,1.0250300602690168,0.7576874993988535,-0.4012623902093775,9.0,9.0,0.0,12.0,11.0,1.0
2026-06-11T11:59:10,rescore,FINAL_3pct_target,dev,next_open,5.0,1.5,"{""source"": ""run_final"", ""tc_bps"": 5.0, ""leverage_cap"": 1.5}",0.0150917466353945,0.013793378058435,0.9751613796643154,1.1992553502746444,-0.234870070275911,0.7608112463004687,0.1786917908852945,0.1865629146678152,-0.1611736854092391,0.6625,6.697493700077851,0.6941939132629172,0.17,,-0.2037812695715616,-0.2197659100060411,-0.1752382923226129,-0.2062832480158644,0.009464419653191,-0.1226835991940845,,,0.0173072614998088,1.0250300602690137,0.7273561903897356,-0.2835002946736311,14.0,11.0,3.0,27.0,30.0,-3.0
2026-06-11T11:59:09,rescore,FINAL_3pct_target,full,legacy_period,5.0,1.5,"{""source"": ""run_final"", ""tc_bps"": 5.0, ""leverage_cap"": 1.5}",0.0173072614998088,0.0111566833085483,1.0250300602690137,1.269065223518839,-0.2835002946736311,0.7273561903897356,0.2062056943081798,0.203673807834102,-0.1494615043804369,0.6554621848739496,6.808463055998358,0.7180515065566672,0.22,,-0.1972879642497212,-0.2269889867998241,-0.2425653468780588,-0.2835002946736311,-0.0673030124947173,-0.1547952006523708,0.0405737930709464,-0.0672127173630421,0.0173072614998088,1.0250300602690137,0.7273561903897356,-0.2835002946736311,14.0,11.0,3.0,27.0,30.0,-3.0
2026-06-11T11:59:10,rescore,FINAL_3pct_target,full,next_close,5.0,1.5,"{""source"": ""run_final"", ""tc_bps"": 5.0, ""leverage_cap"": 1.5}",0.0180910902182653,0.0131824958006045,1.1118037644348604,1.418162812507553,-0.2329862649981967,0.9372037271000052,0.2183555959194194,0.1952878871892449,-0.1603379583290186,0.6554621848739496,6.813015611802678,0.7188561758774116,0.15,,-0.201966325245136,-0.2178449171922939,-0.2070994266329207,-0.2070994266329207,0.0219087820666363,-0.1200885703616239,0.0510361557078919,-0.0658069965997784,0.0173072614998088,1.0250300602690137,0.7273561903897356,-0.2835002946736311,14.0,11.0,3.0,27.0,30.0,-3.0
2026-06-11T11:59:10,rescore,FINAL_3pct_target,full,next_open,5.0,1.5,"{""source"": ""run_final"", ""tc_bps"": 5.0, ""leverage_cap"": 1.5}",0.0180837671559942,0.0143869081423038,1.109182819087237,1.416798679824151,-0.234870070275911,0.9307701961762906,0.2186100613866488,0.1960758356402925,-0.1611736854092391,0.6470588235294118,6.813015611802678,0.7188561758774116,0.2,,-0.2037812695715616,-0.2197659100060411,-0.1752382923226129,-0.2062832480158644,0.009464419653191,-0.1226835991940845,0.0452100370540244,-0.0668239494670864,0.0173072614998088,1.0250300602690137,0.7273561903897356,-0.2835002946736311,14.0,11.0,3.0,27.0,30.0,-3.0
2026-06-11T11:59:12,rescore,acceleration_momentum,dev,next_open,5.0,2.0,"{""n_long"": 30, ""source"": ""run_v5"", ""tc_bps"": 5.0, ""leverage_cap"": 2.0}",0.0164091422614005,0.015571559650791,0.9292772629261776,0.9744026947487876,-0.4314037115393458,0.439730551491224,0.1897013919905574,0.2112725675669342,-0.1803722794772434,0.625,14.854320987654337,0.826572604350382,0.14,,-0.0989605650815188,-0.1398181961761602,-0.3131147181386661,-0.4314037115393458,-0.0064289078945098,-0.1333452217408726,,,0.0111762555750874,0.5954844905718656,0.2267029355006773,-0.5135775634402608,47.0,35.0,12.0,39.0,34.0,5.0
2026-06-11T11:59:12,rescore,acceleration_momentum,full,legacy_period,5.0,2.0,"{""n_long"": 30, ""source"": ""run_v5"", ""tc_bps"": 5.0, ""leverage_cap"": 2.0}",0.0111762555750874,0.0138005195121346,0.5954844905718656,0.6569126872906818,-0.5135775634402608,0.2267029355006773,0.1164295412391924,0.2304261380769441,-0.2321883243988972,0.5882352941176471,15.977388535031848,0.8746019108280253,0.06,,-0.1583387631521674,-0.2131021302252446,-0.3544350914074666,-0.5015355173807959,-0.0856092915730569,-0.2027955174333526,0.0186101267779337,-0.0859155130756329,0.0111762555750874,0.5954844905718656,0.2267029355006773,-0.5135775634402608,47.0,35.0,12.0,39.0,34.0,5.0
2026-06-11T11:59:12,rescore,acceleration_momentum,full,next_close,5.0,2.0,"{""n_long"": 30, ""source"": ""run_v5"", ""tc_bps"": 5.0, ""leverage_cap"": 2.0}",0.0143050334025146,0.0172705617819852,0.8149210424803436,0.9320496532673178,-0.4272782992356236,0.3771026050726874,0.1611277597327809,0.2114178678281097,-0.1744255254246088,0.6134453781512605,16.144585987261156,0.8825636942675158,0.13,,-0.0963528699148187,-0.1373287469407691,-0.3085240252743367,-0.4272782992356236,0.0043912522313629,-0.1333452217408727,-0.0251784832196309,-0.1152092656140676,0.0111762555750874,0.5954844905718656,0.2267029355006773,-0.5135775634402608,47.0,35.0,12.0,39.0,34.0,5.0
2026-06-11T11:59:12,rescore,acceleration_momentum,full,next_open,5.0,2.0,"{""n_long"": 30, ""source"": ""run_v5"", ""tc_bps"": 5.0, ""leverage_cap"": 2.0}",0.0147327834530959,0.0186316130003671,0.8347858172537777,0.9531976623807268,-0.4314037115393458,0.385863146877495,0.1664627937092031,0.2120540583210511,-0.1803722794772434,0.6218487394957983,16.144585987261156,0.8825636942675158,0.17,,-0.0989605650815188,-0.1398181961761602,-0.3131147181386661,-0.4314037115393458,-0.0064289078945098,-0.1333452217408726,-0.0226493745926611,-0.1156572674696593,0.0111762555750874,0.5954844905718656,0.2267029355006773,-0.5135775634402608,47.0,35.0,12.0,39.0,34.0,5.0
2026-06-11T11:59:18,rescore,adaptive_voltarget_momentum,dev,next_open,5.0,2.0,"{""n_long"": 30, ""source"": ""run_v5"", ""tc_bps"": 5.0, ""leverage_cap"": 2.0}",0.0213288777465133,0.008621962760741,0.9270056264694048,1.0967701944670731,-0.3440857081607422,0.7376452471489876,0.2538131872366651,0.2894271927921185,-0.1659547617724064,0.55,8.428789923918234,0.8139329805996472,0.13,,-0.2136461641068339,-0.2494414013417644,-0.1502078985842458,-0.2253328084498915,0.0422229192033352,-0.1911773493417172,,,0.0236824379258465,0.9198722935030617,0.8013499277247828,-0.3467011372968247,5.0,7.0,-2.0,16.0,10.0,6.0
2026-06-11T11:59:17,rescore,adaptive_voltarget_momentum,full,legacy_period,5.0,2.0,"{""n_long"": 30, ""source"": ""run_v5"", ""tc_bps"": 5.0, ""leverage_cap"": 2.0}",0.0236824379258465,0.0128271157687216,0.9198722935030617,1.1063278871001054,-0.3467011372968247,0.8013499277247828,0.2778289313149105,0.3248666104558988,-0.1714493819397813,0.5798319327731093,9.52865909019812,0.912221337579618,0.07,,-0.1992982547324246,-0.2386046851340144,-0.2555016823646657,-0.3467011372968247,0.19001821003511,-0.1885288758699846,0.0682489864023958,-0.195051520096082,0.0236824379258465,0.9198722935030617,0.8013499277247828,-0.3467011372968247,5.0,7.0,-2.0,16.0,10.0,6.0
2026-06-11T11:59:18,rescore,adaptive_voltarget_momentum,full,next_close,5.0,2.0,"{""n_long"": 30, ""source"": ""run_v5"", ""tc_bps"": 5.0, ""leverage_cap"": 2.0}",0.0271205594301521,0.0166533019801669,1.0706480410807713,1.3156021153263522,-0.3375176149399255,0.9727186353686564,0.3283096738172479,0.3113132976254583,-0.1765014313522794,0.5714285714285714,9.612059150049046,0.9177945859872612,0.13,,-0.2237072905440649,-0.2590445400497664,-0.1464388956251047,-0.2243186797051148,0.0171611610486432,-0.1911773493417173,0.2044303172257653,-0.2131652689961012,0.0236824379258465,0.9198722935030617,0.8013499277247828,-0.3467011372968247,5.0,7.0,-2.0,16.0,10.0,6.0
2026-06-11T11:59:18,rescore,adaptive_voltarget_momentum,full,next_open,5.0,2.0,"{""n_long"": 30, ""source"": ""run_v5"", ""tc_bps"": 5.0, ""leverage_cap"": 2.0}",0.02753732266351,0.0175630227800076,1.08462037603175,1.3334552985979415,-0.3440857081607422,0.9731400181908072,0.3348435722987415,0.3120555558167889,-0.1659547617724064,0.5882352941176471,9.612059150049046,0.9177945859872612,0.17,,-0.2136461641068339,-0.2494414013417644,-0.1502078985842458,-0.2253328084498915,0.0422229192033352,-0.1911773493417172,0.1954782803246111,-0.2131652689961013,0.0236824379258465,0.9198722935030617,0.8013499277247828,-0.3467011372968247,5.0,7.0,-2.0,16.0,10.0,6.0
2026-06-11T11:58:47,rescore,buy_hold_spy,dev,next_open,5.0,1.0,"{""source"": ""run_all"", ""tc_bps"": 5.0, ""leverage_cap"": 1.0}",0.0103705388914333,0.0179975263175939,0.6673745471636308,0.7801153658997727,-0.3371727297052124,0.3413549137411821,0.1150955680644016,0.1906300787272824,-0.1248710786202306,0.725,0.1481481481481481,0.9994121105232217,0.17,,-0.1383148858111933,-0.1920323175669757,-0.2117721716010806,-0.3371727297052124,-0.1864639919624652,-0.24496372484148,,,0.0118184970115825,0.8086451218148535,0.4064414798947212,-0.3371727297052124,31.0,34.0,-3.0,38.0,37.0,1.0
2026-06-11T11:58:47,rescore,buy_hold_spy,full,legacy_period,5.0,1.0,"{""source"": ""run_all"", ""tc_bps"": 5.0, ""leverage_cap"": 1.0}",0.0118184970115825,0.0181004444602899,0.8086451218148535,0.9707385657972112,-0.3371727297052124,0.4064414798947212,0.1370409832415293,0.1790673824533964,-0.1248710786202306,0.7142857142857143,0.1003184713375796,0.9996019108280256,0.1,,-0.1383148858111935,-0.1920323175669758,-0.2117721716010806,-0.3371727297052124,-0.1864639919624653,-0.2449637248414807,-0.0693066974170466,-0.0857931094442887,0.0118184970115825,0.8086451218148535,0.4064414798947212,-0.3371727297052124,31.0,34.0,-3.0,38.0,37.0,1.0
2026-06-11T11:58:47,rescore,buy_hold_spy,full,next_close,5.0,1.0,"{""source"": ""run_all"", ""tc_bps"": 5.0, ""leverage_cap"": 1.0}",0.0118184970115825,0.0181004444602899,0.8086451218148535,0.9707385657972112,-0.3371727297052124,0.4064414798947212,0.1370409832415293,0.1790673824533964,-0.1248710786202306,0.7142857142857143,0.1003184713375796,0.9996019108280256,0.14,,-0.1383148858111935,-0.1920323175669758,-0.2117721716010806,-0.3371727297052124,-0.1864639919624653,-0.2449637248414807,-0.0693066974170466,-0.0857931094442887,0.0118184970115825,0.8086451218148535,0.4064414798947212,-0.3371727297052124,31.0,34.0,-3.0,38.0,37.0,1.0
2026-06-11T11:58:47,rescore,buy_hold_spy,full,next_open,5.0,1.0,"{""source"": ""run_all"", ""tc_bps"": 5.0, ""leverage_cap"": 1.0}",0.0118184970115825,0.0181004444602896,0.8088929619097731,0.9710135742214984,-0.3371727297052124,0.4065886394409522,0.1370906014274342,0.1790663853421469,-0.1248710786202306,0.7142857142857143,0.1003184713375796,0.9996019108280256,0.17,,-0.1383148858111933,-0.1920323175669757,-0.2117721716010806,-0.3371727297052124,-0.1864639919624652,-0.24496372484148,-0.069306697417046,-0.0857931094442884,0.0118184970115825,0.8086451218148535,0.4064414798947212,-0.3371727297052124,31.0,34.0,-3.0,38.0,37.0,1.0
2026-06-11T11:59:17,rescore,calendar_tom,dev,next_open,5.0,2.0,"{""n_long"": 30, ""source"": ""run_v5"", ""tc_bps"": 5.0, ""leverage_cap"": 2.0}",0.0118404669930008,0.0058705373372556,1.022744898801804,0.851334803756877,-0.1429194818144047,0.96998609771023,0.1386299104519226,0.1359938907644275,-0.0948688151872927,0.5625,38.81481481481482,0.2739564961787183,0.15,,-0.0665621898648706,-0.0702711479872435,-0.0530366840057742,-0.0697005297155434,0.2396396333841761,-0.0562216499373805,,,0.007666264739625,0.6274615729768266,0.2807832493584162,-0.2986355555815834,42.0,43.0,-1.0,45.0,44.0,1.0
2026-06-11T11:59:16,rescore,calendar_tom,full,legacy_period,5.0,2.0,"{""n_long"": 30, ""source"": ""run_v5"", ""tc_bps"": 5.0, ""leverage_cap"": 2.0}",0.007666264739625,0.0031622861694851,0.6274615729768266,0.4965535797754093,-0.2986355555815834,0.2807832493584162,0.0838518616701529,0.1454868932303285,-0.0997797982310538,0.5294117647058824,39.11082802547771,0.2786624203821655,0.08,,-0.0539160292081718,-0.057174694051384,-0.0376800247947212,-0.0663778320588311,0.260627102305444,-0.0521096550490421,-0.1371299326017884,-0.1981862869233418,0.007666264739625,0.6274615729768266,0.2807832493584162,-0.2986355555815834,42.0,43.0,-1.0,45.0,44.0,1.0
2026-06-11T11:59:16,rescore,calendar_tom,full,next_close,5.0,2.0,"{""n_long"": 30, ""source"": ""run_v5"", ""tc_bps"": 5.0, ""leverage_cap"": 2.0}",0.007666264739625,0.0031622861694851,0.6274615729768266,0.4965535797754093,-0.2986355555815834,0.2807832493584162,0.0838518616701529,0.1454868932303285,-0.0997797982310538,0.5294117647058824,39.11082802547771,0.2786624203821655,0.14,,-0.0539160292081718,-0.057174694051384,-0.0376800247947212,-0.0663778320588311,0.260627102305444,-0.0521096550490421,-0.1371299326017884,-0.1981862869233418,0.007666264739625,0.6274615729768266,0.2807832493584162,-0.2986355555815834,42.0,43.0,-1.0,45.0,44.0,1.0
2026-06-11T11:59:17,rescore,calendar_tom,full,next_open,5.0,2.0,"{""n_long"": 30, ""source"": ""run_v5"", ""tc_bps"": 5.0, ""leverage_cap"": 2.0}",0.0074704834692494,0.005722975369609,0.5929185813599419,0.4753110873942582,-0.2934625307237053,0.2729364175426041,0.0800966118187145,0.1489877220872117,-0.0953271194133799,0.5462184873949579,39.11082802547771,0.2786624203821655,0.18,,-0.0665621898648706,-0.0702711479872435,-0.0530366840057742,-0.0697005297155434,0.2396396333841761,-0.0562216499373805,-0.172051237187322,-0.2260534725838917,0.007666264739625,0.6274615729768266,0.2807832493584162,-0.2986355555815834,42.0,43.0,-1.0,45.0,44.0,1.0
2026-06-11T11:59:05,rescore,combo_4way_1.5x,dev,next_open,5.0,2.5,"{""lev"": 1.5, ""source"": ""run_v3"", ""tc_bps"": 5.0, ""leverage_cap"": 2.5}",0.0213694515534146,0.0219319914751128,0.9428431432199114,1.1834374518654591,-0.3253830257187964,0.7546751753943554,0.2455584920046787,0.2726554828546317,-0.2317983055024857,0.65,17.52135994173374,1.1486317451322952,0.14,,-0.2894985939728858,-0.3098396865577322,-0.2403260422711136,-0.2782517640927209,-0.1531281273463983,-0.2209529299514189,,,0.0250661677286912,0.9950174028443012,0.7271529092699576,-0.3981655370467537,15.0,5.0,10.0,13.0,8.0,5.0
2026-06-11T11:59:04,rescore,combo_4way_1.5x,full,legacy_period,5.0,2.5,"{""lev"": 1.5, ""source"": ""run_v3"", ""tc_bps"": 5.0, ""leverage_cap"": 2.5}",0.0250661677286912,0.020145080348271,0.9950174028443012,1.2523475537930475,-0.3981655370467537,0.7271529092699576,0.289527228634582,0.3025421791274926,-0.2226289228850853,0.6554621848739496,17.720830096679528,1.2090903428436428,0.06,,-0.2772540645492902,-0.3175191934774571,-0.3597580993521949,-0.3981655370467537,-0.2344081821899577,-0.3002890148267567,0.0904017932637515,-0.1004291693201931,0.0250661677286912,0.9950174028443012,0.7271529092699576,-0.3981655370467537,15.0,5.0,10.0,13.0,8.0,5.0
2026-06-11T11:59:04,rescore,combo_4way_1.5x,full,next_close,5.0,2.5,"{""lev"": 1.5, ""source"": ""run_v3"", ""tc_bps"": 5.0, ""leverage_cap"": 2.5}",0.027439864673016,0.0207271951705998,1.1260433191356052,1.4658126100543387,-0.3160910686060728,1.0370915029198975,0.3278153614002286,0.2899905471861656,-0.2239759163448094,0.6470588235294118,17.73576106470628,1.2107259329605589,0.13,,-0.2801567739576645,-0.3005950429286956,-0.2778476003265442,-0.2778476003265442,-0.1342591333876146,-0.2082385359561971,0.1030475974602931,-0.1042157667546391,0.0250661677286912,0.9950174028443012,0.7271529092699576,-0.3981655370467537,15.0,5.0,10.0,13.0,8.0,5.0
2026-06-11T11:59:05,rescore,combo_4way_1.5x,full,next_open,5.0,2.5,"{""lev"": 1.5, ""source"": ""run_v3"", ""tc_bps"": 5.0, ""leverage_cap"": 2.5}",0.0276196115902549,0.0229603667769768,1.1313391345851187,1.4796125977795005,-0.3253830257187964,1.015951574228373,0.3305733972062024,0.2906252866197037,-0.2317983055024857,0.6386554621848739,17.73576106470628,1.2107259329605589,0.17,,-0.2894985939728858,-0.3098396865577322,-0.2403260422711136,-0.2782517640927209,-0.1531281273463983,-0.2209529299514189,0.0969290199461452,-0.1045884508811731,0.0250661677286912,0.9950174028443012,0.7271529092699576,-0.3981655370467537,15.0,5.0,10.0,13.0,8.0,5.0
2026-06-11T11:59:04,rescore,combo_4way_1x,dev,next_open,5.0,1.5,"{""lev"": 1.0, ""source"": ""run_v3"", ""tc_bps"": 5.0, ""leverage_cap"": 1.5}",0.0143145975475176,0.0150094174441862,0.9428431432199114,1.183437451865461,-0.227757879186557,0.7348595667471532,0.1673700564222837,0.181770321903088,-0.1591227742686408,0.6625,11.680906627822491,0.7657544967548633,0.17,,-0.2007512776462637,-0.2161290331707974,-0.1641141872238927,-0.1924053185889307,-0.0966745359687534,-0.1476805272258071,,,0.0167330091828647,0.9950174028443028,0.6998904845498103,-0.2814759895036502,17.0,8.0,9.0,29.0,28.0,1.0
2026-06-11T11:59:04,rescore,combo_4way_1x,full,legacy_period,5.0,1.5,"{""lev"": 1.0, ""source"": ""run_v3"", ""tc_bps"": 5.0, ""leverage_cap"": 1.5}",0.0167330091828647,0.01402643149191,0.9950174028443028,1.2523475537930493,-0.2814759895036502,0.6998904845498103,0.1970023666828471,0.201694786084995,-0.1497550913130458,0.6554621848739496,11.813886731119686,0.8060602285624285,0.24,,-0.190907652629292,-0.2214582709126263,-0.2508992584399961,-0.2814759895036502,-0.1541866632015902,-0.2065837254384673,0.0627275536042728,-0.0672035739648724,0.0167330091828647,0.9950174028443028,0.6998904845498103,-0.2814759895036502,17.0,8.0,9.0,29.0,28.0,1.0
2026-06-11T11:59:04,rescore,combo_4way_1x,full,next_close,5.0,1.5,"{""lev"": 1.0, ""source"": ""run_v3"", ""tc_bps"": 5.0, ""leverage_cap"": 1.5}",0.0182665794417941,0.0145767734053647,1.1260433191356054,1.4658126100543378,-0.2206718560669589,0.9947951987365926,0.2195233029117032,0.1933270314574437,-0.1533994198000012,0.6554621848739496,11.823840709804186,0.8071506219737058,0.14,,-0.1937503002137618,-0.2091343923057391,-0.1921116651172432,-0.1921116651172432,-0.0834192361864962,-0.1399093158904665,0.0709556647576235,-0.0700153405098504,0.0167330091828647,0.9950174028443028,0.6998904845498103,-0.2814759895036502,17.0,8.0,9.0,29.0,28.0,1.0
2026-06-11T11:59:04,rescore,combo_4way_1x,full,next_open,5.0,1.5,"{""lev"": 1.0, ""source"": ""run_v3"", ""tc_bps"": 5.0, ""leverage_cap"": 1.5}",0.0183885817245112,0.0153504988860209,1.1313391345851185,1.479612597779503,-0.227757879186557,0.9714547590117504,0.221256475638204,0.1937501910798026,-0.1591227742686408,0.6470588235294118,11.823840709804186,0.8071506219737058,0.2,,-0.2007512776462637,-0.2161290331707974,-0.1641141872238927,-0.1924053185889307,-0.0966745359687534,-0.1476805272258071,0.0670150963629867,-0.0702763225043906,0.0167330091828647,0.9950174028443028,0.6998904845498103,-0.2814759895036502,17.0,8.0,9.0,29.0,28.0,1.0
2026-06-11T11:59:06,rescore,combo_4way_2.5x,dev,next_open,5.0,3.0,"{""lev"": 2.5, ""source"": ""run_v4"", ""tc_bps"": 5.0, ""leverage_cap"": 3.0}",0.0352767400303108,0.0352336273654632,0.9428431432199076,1.183437451865456,-0.4913920646270505,0.7782369355625467,0.3824194545351087,0.4544258047577199,-0.3637935486196021,0.65,29.202266569556233,1.9143862418871584,0.14,,-0.4450097347170946,-0.4710734299682807,-0.3805347264384525,-0.4304178082062401,-0.2761736779561615,-0.362336923149506,,,0.0417332583667786,0.995017402844302,0.75694740035233,-0.59490255285394,10.0,2.0,8.0,4.0,4.0,0.0
2026-06-11T11:59:05,rescore,combo_4way_2.5x,full,legacy_period,5.0,3.0,"{""lev"": 2.5, ""source"": ""run_v4"", ""tc_bps"": 5.0, ""leverage_cap"": 3.0}",0.0417332583667786,0.0305261440651867,0.995017402844302,1.252347553793048,-0.59490255285394,0.75694740035233,0.4503099408457545,0.5042369652124875,-0.3677369746218754,0.6470588235294118,29.53471682779921,2.015150571406071,0.06,,-0.4313772773886128,-0.4824998610969264,-0.5450898693588333,-0.5888047735633741,-0.3931479367688787,-0.4671779941087274,0.137048205007366,-0.1659187681408306,0.0417332583667786,0.995017402844302,0.75694740035233,-0.59490255285394,10.0,2.0,8.0,4.0,4.0,0.0
2026-06-11T11:59:06,rescore,combo_4way_2.5x,full,next_close,5.0,3.0,"{""lev"": 2.5, ""source"": ""run_v4"", ""tc_bps"": 5.0, ""leverage_cap"": 3.0}",0.0459058603941117,0.0323766091322617,1.1260433191356043,1.4658126100543365,-0.4865924895970521,1.088622767683498,0.5297156627591466,0.4833175786436093,-0.3530515579345812,0.6218487394957983,29.559601774510465,2.0178765549342645,0.12,,-0.4328287578378185,-0.4592451034527239,-0.4298574986579181,-0.4298574986579181,-0.2486121130114649,-0.3443376823898513,0.1589355108180394,-0.1709337974947571,0.0417332583667786,0.995017402844302,0.75694740035233,-0.59490255285394,10.0,2.0,8.0,4.0,4.0,0.0
2026-06-11T11:59:06,rescore,combo_4way_2.5x,full,next_open,5.0,3.0,"{""lev"": 2.5, ""source"": ""run_v4"", ""tc_bps"": 5.0, ""leverage_cap"": 3.0}",0.0461939377924236,0.0371020173572063,1.1313391345851185,1.4796125977795,-0.4999435961248013,1.0696271906017736,0.5347532641823189,0.4843754776995059,-0.3637935486196021,0.6386554621848739,29.559601774510465,2.0178765549342645,0.17,,-0.4450097347170946,-0.4710734299682807,-0.3805347264384525,-0.4304178082062401,-0.2761736779561615,-0.362336923149506,0.1481114426124969,-0.1714941014928969,0.0417332583667786,0.995017402844302,0.75694740035233,-0.59490255285394,10.0,2.0,8.0,4.0,4.0,0.0
2026-06-11T11:59:05,rescore,combo_4way_2x,dev,next_open,5.0,2.5,"{""lev"": 2.0, ""source"": ""run_v3"", ""tc_bps"": 5.0, ""leverage_cap"": 2.5}",0.0283566077033796,0.0289051566096227,0.9428431432199076,1.1834374518654562,-0.4130374826330928,0.7694400116442083,0.3178075654467014,0.3635406438061761,-0.2999879772569225,0.65,23.361813255644982,1.5315089935097266,0.14,,-0.3708190719293918,-0.3946453912657749,-0.3124890008569533,-0.357504004146575,-0.2133803078190279,-0.2927455783376523,,,0.0333951061450648,0.9950174028443002,0.7472701545465417,-0.5015462064727416,11.0,3.0,8.0,5.0,5.0,0.0
2026-06-11T11:59:05,rescore,combo_4way_2x,full,legacy_period,5.0,2.5,"{""lev"": 2.0, ""source"": ""run_v3"", ""tc_bps"": 5.0, ""leverage_cap"": 2.5}",0.0333951061450648,0.0256492228224309,0.9950174028443002,1.252347553793046,-0.5015462064727416,0.7472701545465417,0.3747905112231173,0.4033895721699902,-0.2959712414724588,0.6470588235294118,23.62777346223937,1.612120457124857,0.07,,-0.3574065323103033,-0.4043701867348604,-0.4577193336477392,-0.5002341966653991,-0.3145540118746194,-0.3872025587251837,0.1152586035499931,-0.1333476400229019,0.0333951061450648,0.9950174028443002,0.7472701545465417,-0.5015462064727416,11.0,3.0,8.0,5.0,5.0,0.0
2026-06-11T11:59:05,rescore,combo_4way_2x,full,next_close,5.0,2.5,"{""lev"": 2.0, ""source"": ""run_v3"", ""tc_bps"": 5.0, ""leverage_cap"": 2.5}",0.0366502364741247,0.0267771383489099,1.1260433191356043,1.4658126100543367,-0.4022496086796161,1.074056010683618,0.4320386099974749,0.3866540629148873,-0.2905084892277519,0.6302521008403361,23.64768141960837,1.6143012439474116,0.13,,-0.3597806321816607,-0.3838249581006532,-0.3570115007414761,-0.3570115007414761,-0.1897195310211566,-0.2770683853961332,0.1324724451920602,-0.1378595598909163,0.0333951061450648,0.9950174028443002,0.7472701545465417,-0.5015462064727416,11.0,3.0,8.0,5.0,5.0,0.0
2026-06-11T11:59:05,rescore,combo_4way_2x,full,next_open,5.0,2.5,"{""lev"": 2.0, ""source"": ""run_v3"", ""tc_bps"": 5.0, ""leverage_cap"": 2.5}",0.0368853474140151,0.0305239229229676,1.1313391345851171,1.4796125977795012,-0.4130374826330928,1.055365260681543,0.4359054105303221,0.3875003821596053,-0.2999879772569225,0.6386554621848739,23.64768141960837,1.6143012439474116,0.17,,-0.3708190719293918,-0.3946453912657749,-0.3124890008569533,-0.357504004146575,-0.2133803078190279,-0.2927455783376523,0.1240541591981378,-0.1383318932932181,0.0333951061450648,0.9950174028443002,0.7472701545465417,-0.5015462064727416,11.0,3.0,8.0,5.0,5.0,0.0
2026-06-11T11:59:09,rescore,combo_4way_kelly_0.25,dev,next_open,5.0,3.0,"{""kelly"": 0.25, ""max_lev"": 2.0, ""source"": ""run_v4"", ""tc_bps"": 5.0, ""leverage_cap"": 3.0}",0.0157490985074548,0.0078047071386737,0.74003604853977,0.8526046596131869,-0.2904016364564373,0.5893334411744373,0.1711433957355601,0.259263940706368,-0.1805905365011655,0.6,21.36881404117458,1.0402379077148145,0.16,,-0.1803496218879599,-0.1853252179348792,-0.2490515658020097,-0.2786549718807739,-0.1246980249111684,-0.202241102854785,,,0.020056498857653,0.844548940980157,0.5380458984740043,-0.4078751643673263,24.0,24.0,0.0,24.0,20.0,4.0
2026-06-11T11:59:08,rescore,combo_4way_kelly_0.25,full,legacy_period,5.0,3.0,"{""kelly"": 0.25, ""max_lev"": 2.0, ""source"": ""run_v4"", ""tc_bps"": 5.0, ""leverage_cap"": 3.0}",0.020056498857653,0.0108858843554415,0.844548940980157,0.988876771866634,-0.4078751643673263,0.5380458984740043,0.2194555592772502,0.2833471226520391,-0.2136868117453283,0.6134453781512605,20.990047880589415,1.0408096619764111,0.24,,-0.2123955094090966,-0.220392932021212,-0.3633165288628112,-0.395241300918456,-0.2518344329057888,-0.3036076958742404,0.0699877078648607,-0.0913963703175273,0.020056498857653,0.844548940980157,0.5380458984740043,-0.4078751643673263,24.0,24.0,0.0,24.0,20.0,4.0
2026-06-11T11:59:09,rescore,combo_4way_kelly_0.25,full,next_close,5.0,3.0,"{""kelly"": 0.25, ""max_lev"": 2.0, ""source"": ""run_v4"", ""tc_bps"": 5.0, ""leverage_cap"": 3.0}",0.0218412709631048,0.0070549538874373,0.9628276118749534,1.1532153402072345,-0.344558772218654,0.72099559574853,0.2484253572461705,0.2687095028842247,-0.181979147881751,0.5714285714285714,21.003621487886463,1.0422965620826987,0.14,,-0.1815119612734351,-0.1848968859388897,-0.2829594196845364,-0.2829594196845364,-0.1148245510327667,-0.1995909880074551,0.0802506962160232,-0.094943019618955,0.020056498857653,0.844548940980157,0.5380458984740043,-0.4078751643673263,24.0,24.0,0.0,24.0,20.0,4.0
2026-06-11T11:59:09,rescore,combo_4way_kelly_0.25,full,next_open,5.0,3.0,"{""kelly"": 0.25, ""max_lev"": 2.0, ""source"": ""run_v4"", ""tc_bps"": 5.0, ""leverage_cap"": 3.0}",0.0214002101534792,0.0085441619311033,0.9386726161429444,1.135945779384793,-0.3624263120560569,0.6658303901318958,0.2413144527503485,0.2698191284211606,-0.1805905365011655,0.5714285714285714,21.003621487886463,1.0422965620826987,0.2,,-0.1803496218879599,-0.1853252179348792,-0.2490515658020097,-0.2786549718807739,-0.1246980249111684,-0.202241102854785,0.0777406749206626,-0.0952864502335908,0.020056498857653,0.844548940980157,0.5380458984740043,-0.4078751643673263,24.0,24.0,0.0,24.0,20.0,4.0
2026-06-11T11:59:07,rescore,combo_4way_kelly_0.4,dev,next_open,5.0,3.0,"{""kelly"": 0.4, ""max_lev"": 2.5, ""source"": ""run_v4"", ""tc_bps"": 5.0, ""leverage_cap"": 3.0}",0.0177216500963669,0.0107892006592867,0.7620120713053435,0.8801723979701596,-0.3176634781356373,0.60564549180221,0.1923914534430586,0.2845564523235278,-0.2006451628648315,0.5875,24.00134046774808,1.1503336186271047,0.16,,-0.2004101445132247,-0.2191038362515038,-0.2799624366873779,-0.3172244656590178,-0.1264289405179214,-0.2196750342904647,,,0.0215957299935406,0.8549099657013449,0.5223349286958608,-0.4536197953142492,26.0,17.0,9.0,20.0,17.0,3.0
2026-06-11T11:59:06,rescore,combo_4way_kelly_0.4,full,legacy_period,5.0,3.0,"{""kelly"": 0.4, ""max_lev"": 2.5, ""source"": ""run_v4"", ""tc_bps"": 5.0, ""leverage_cap"": 3.0}",0.0215957299935406,0.0120710290899563,0.8549099657013449,0.9995631987221998,-0.4536197953142492,0.5223349286958608,0.2369414634404993,0.30380194467153,-0.2272033845085949,0.6218487394957983,23.283898459802213,1.139144605518381,0.26,,-0.225589316300581,-0.2321660430714006,-0.4152711023912686,-0.4536197953142492,-0.2744557117045227,-0.3042427035065227,0.0831227771848186,-0.0913963703175269,0.0215957299935406,0.8549099657013449,0.5223349286958608,-0.4536197953142492,26.0,17.0,9.0,20.0,17.0,3.0
2026-06-11T11:59:07,rescore,combo_4way_kelly_0.4,full,next_close,5.0,3.0,"{""kelly"": 0.4, ""max_lev"": 2.5, ""source"": ""run_v4"", ""tc_bps"": 5.0, ""leverage_cap"": 3.0}",0.023962928251301,0.0113981674996097,0.9869026857959796,1.1875469000962844,-0.3454180989888358,0.7948810424384757,0.2745662986013624,0.2890393200156671,-0.2069454614825289,0.5630252100840336,23.297472067099253,1.140631505624668,0.15,,-0.2064925335906546,-0.2190372131485701,-0.3209838780084748,-0.3209838780084748,-0.1127652851667059,-0.2175304862004865,0.0945470630558171,-0.0949430196189551,0.0215957299935406,0.8549099657013449,0.5223349286958608,-0.4536197953142492,26.0,17.0,9.0,20.0,17.0,3.0
2026-06-11T11:59:07,rescore,combo_4way_kelly_0.4,full,next_open,5.0,3.0,"{""kelly"": 0.4, ""max_lev"": 2.5, ""source"": ""run_v4"", ""tc_bps"": 5.0, ""leverage_cap"": 3.0}",0.023891274226317,0.0102074249949501,0.9818411790417602,1.195918648018948,-0.3459226900846328,0.7908351174176591,0.2735678112305131,0.2899695896467926,-0.2006451628648315,0.5630252100840336,23.297472067099253,1.140631505624668,0.2,,-0.2004101445132247,-0.2191038362515038,-0.2799624366873779,-0.3172244656590178,-0.1264289405179214,-0.2196750342904647,0.0890351573670997,-0.0952864502335908,0.0215957299935406,0.8549099657013449,0.5223349286958608,-0.4536197953142492,26.0,17.0,9.0,20.0,17.0,3.0
2026-06-11T11:59:08,rescore,combo_4way_kelly_0.6,dev,next_open,5.0,3.0,"{""kelly"": 0.6, ""max_lev"": 3.0, ""source"": ""run_v4"", ""tc_bps"": 5.0, ""leverage_cap"": 3.0}",0.0178953745160978,0.0113842803258664,0.7431943302629399,0.8552201826000785,-0.3172244656590176,0.60600328811998,0.1922390692614684,0.2962535083241007,-0.2027588668885169,0.575,25.773385553923703,1.2033818955960929,0.16,,-0.2025244699871249,-0.2225696390331141,-0.2799624366873778,-0.3172244656590176,-0.1393769468200719,-0.2215682378928912,,,0.02314658298973,0.8976648716426453,0.5693911449572022,-0.4536197953142493,21.0,13.0,8.0,17.0,16.0,1.0
2026-06-11T11:59:07,rescore,combo_4way_kelly_0.6,full,legacy_period,5.0,3.0,"{""kelly"": 0.6, ""max_lev"": 3.0, ""source"": ""run_v4"", ""tc_bps"": 5.0, ""leverage_cap"": 3.0}",0.02314658298973,0.0120710290899566,0.8976648716426453,1.0603135459437842,-0.4536197953142493,0.5693911449572022,0.2582870946292321,0.3108747755024109,-0.2282464444465037,0.6218487394957983,24.577863155602035,1.185879343867997,0.24,,-0.2269790522875431,-0.2335439766464612,-0.4152711023912685,-0.4536197953142493,-0.279122412201598,-0.3050361277714241,0.0831227771848184,-0.0913963703175271,0.02314658298973,0.8976648716426453,0.5693911449572022,-0.4536197953142493,21.0,13.0,8.0,17.0,16.0,1.0
2026-06-11T11:59:08,rescore,combo_4way_kelly_0.6,full,next_close,5.0,3.0,"{""kelly"": 0.6, ""max_lev"": 3.0, ""source"": ""run_v4"", ""tc_bps"": 5.0, ""leverage_cap"": 3.0}",0.0242364449834567,0.0155531349747704,0.9712534098780916,1.1661786594977008,-0.3447488554956981,0.8023307503491424,0.2766026079118715,0.298170854241162,-0.2095514484299452,0.5630252100840336,24.59143676289908,1.1873662439742845,0.15,,-0.2091000088646828,-0.2226798964672613,-0.3209838780084747,-0.3209838780084747,-0.1267131643262468,-0.2213356246354447,0.0945470630558167,-0.0949430196189551,0.02314658298973,0.8976648716426453,0.5693911449572022,-0.4536197953142493,21.0,13.0,8.0,17.0,16.0,1.0
2026-06-11T11:59:08,rescore,combo_4way_kelly_0.6,full,next_open,5.0,3.0,"{""kelly"": 0.6, ""max_lev"": 3.0, ""source"": ""run_v4"", ""tc_bps"": 5.0, ""leverage_cap"": 3.0}",0.0244290363579494,0.0113709763236233,0.9773148117245842,1.1887848066722528,-0.3218962016836161,0.8683224914461969,0.279509711832985,0.2987951317798484,-0.2027588668885169,0.5546218487394958,24.59143676289908,1.1873662439742845,0.21,,-0.2025244699871249,-0.2225696390331141,-0.2799624366873778,-0.3172244656590176,-0.1393769468200719,-0.2215682378928912,0.0890351573670995,-0.0952864502335907,0.02314658298973,0.8976648716426453,0.5693911449572022,-0.4536197953142493,21.0,13.0,8.0,17.0,16.0,1.0
2026-06-11T11:59:19,rescore,combo_v2_2x,dev,next_open,5.0,2.0,"{""lev"": 2.0, ""source"": ""run_v6"", ""tc_bps"": 5.0, ""leverage_cap"": 2.0}",0.0455467399993103,0.0355103891016514,1.0440033129817838,1.2667541933279396,-0.6019153206391645,0.8580186751301543,0.516454585955358,0.5416237353163014,-0.3352182261354278,0.6375,14.141159725477891,1.618903825373896,0.17,,-0.432844240548339,-0.5055166986123909,-0.4838122239819703,-0.6019153206391645,0.0803036554239444,-0.4360449038857522,,,0.0495583825583145,1.063185881110403,0.8659039141448629,-0.6527925022213841,3.0,4.0,-1.0,2.0,1.0,1.0
2026-06-11T11:59:19,rescore,combo_v2_2x,full,legacy_period,5.0,2.0,"{""lev"": 2.0, ""source"": ""run_v6"", ""tc_bps"": 5.0, ""leverage_cap"": 2.0}",0.0495583825583145,0.0372941307114549,1.063185881110403,1.3181077880191738,-0.6527925022213841,0.8659039141448629,0.5652555827979155,0.5865914713785203,-0.2912904965957316,0.6302521008403361,14.97539725454696,1.7009376620067669,0.07,,-0.4360887837531505,-0.5112453636768612,-0.4761119622602768,-0.6527925022213841,0.015394723672913,-0.4173002264815957,0.109047205912899,-0.2942993603442134,0.0495583825583145,1.063185881110403,0.8659039141448629,-0.6527925022213841,3.0,4.0,-1.0,2.0,1.0,1.0
2026-06-11T11:59:19,rescore,combo_v2_2x,full,next_close,5.0,2.0,"{""lev"": 2.0, ""source"": ""run_v6"", ""tc_bps"": 5.0, ""leverage_cap"": 2.0}",0.0521099622652611,0.0468394840324726,1.1370339033279009,1.408416154581225,-0.6017848042367799,1.0208671697709977,0.6143423499123952,0.5647279535039064,-0.3467383498769707,0.6470588235294118,15.11597077201206,1.7152688721978495,0.13,,-0.442633798340441,-0.5140518721965288,-0.4799761360034291,-0.6017848042367799,0.0577989254696549,-0.4353330912939251,0.199157419436379,-0.271987686541307,0.0495583825583145,1.063185881110403,0.8659039141448629,-0.6527925022213841,3.0,4.0,-1.0,2.0,1.0,1.0
2026-06-11T11:59:19,rescore,combo_v2_2x,full,next_open,5.0,2.0,"{""lev"": 2.0, ""source"": ""run_v6"", ""tc_bps"": 5.0, ""leverage_cap"": 2.0}",0.0522076328944686,0.040805880512351,1.1404418365909104,1.4140213798402346,-0.6019153206391645,1.0266539167903612,0.6179587215103244,0.5652807036484884,-0.3352182261354278,0.6470588235294118,15.11597077201206,1.7152688721978495,0.17,,-0.432844240548339,-0.5055166986123909,-0.4838122239819703,-0.6019153206391645,0.0803036554239444,-0.4360449038857522,0.1998108338164865,-0.2719876865413071,0.0495583825583145,1.063185881110403,0.8659039141448629,-0.6527925022213841,3.0,4.0,-1.0,2.0,1.0,1.0
2026-06-11T11:59:20,rescore,combo_v2_2x_freeze_dd_v1,dev,next_open,5.0,2.0,"{""lev"": 2.0, ""freeze"": ""spy_dd"", ""peak_lookback"": 21, ""freeze_dd_pct"": 0.12, ""unfreeze_within_pct"": 0.08, ""min_freeze_days"": 10, ""source"": ""run_v6"", ""tc_bps"": 5.0, ""leverage_cap"": 2.0}",0.046550762279568,0.0355103891016514,1.1411435235006386,1.4184062938829272,-0.5207295211699114,1.0538770848459498,0.5487849097637736,0.4895893822637694,-0.3352182261354278,0.6375,15.168345519708316,1.5618785461263949,0.13,,-0.4997407489641192,-0.4997407489641192,-0.3540414823670604,-0.3540414823670604,0.2488120516270617,-0.2972529686476109,,,0.0521837995566545,1.1919894662474293,1.123303004404297,-0.5576561196381429,1.0,6.0,-5.0,1.0,2.0,-1.0
2026-06-11T11:59:20,rescore,combo_v2_2x_freeze_dd_v1,full,legacy_period,5.0,2.0,"{""lev"": 2.0, ""freeze"": ""spy_dd"", ""peak_lookback"": 21, ""freeze_dd_pct"": 0.12, ""unfreeze_within_pct"": 0.08, ""min_freeze_days"": 10, ""source"": ""run_v6"", ""tc_bps"": 5.0, ""leverage_cap"": 2.0}",0.0521837995566545,0.0420371406432869,1.1919894662474293,1.480442572409831,-0.5576561196381429,1.123303004404297,0.626416794613968,0.5272894943066287,-0.3467383498769707,0.6386554621848739,16.00362966818323,1.66869243907683,0.06,,-0.497695200232769,-0.497695200232769,-0.2683808258185637,-0.2683808258185637,0.1782801589691138,-0.2968928779978008,0.1991574194363787,-0.2719876865413071,0.0521837995566545,1.1919894662474293,1.123303004404297,-0.5576561196381429,1.0,6.0,-5.0,1.0,2.0,-1.0
2026-06-11T11:59:20,rescore,combo_v2_2x_freeze_dd_v1,full,next_close,5.0,2.0,"{""lev"": 2.0, ""freeze"": ""spy_dd"", ""peak_lookback"": 21, ""freeze_dd_pct"": 0.12, ""unfreeze_within_pct"": 0.08, ""min_freeze_days"": 10, ""source"": ""run_v6"", ""tc_bps"": 5.0, ""leverage_cap"": 2.0}",0.0521837995566545,0.0420371406432869,1.1919894662474293,1.480442572409831,-0.5576561196381429,1.123303004404297,0.626416794613968,0.5272894943066287,-0.3467383498769707,0.6386554621848739,16.00362966818323,1.66869243907683,0.12,,-0.497695200232769,-0.497695200232769,-0.2683808258185637,-0.2683808258185637,0.1782801589691138,-0.2968928779978008,0.1991574194363787,-0.2719876865413071,0.0521837995566545,1.1919894662474293,1.123303004404297,-0.5576561196381429,1.0,6.0,-5.0,1.0,2.0,-1.0
2026-06-11T11:59:20,rescore,combo_v2_2x_freeze_dd_v1,full,next_open,5.0,2.0,"{""lev"": 2.0, ""freeze"": ""spy_dd"", ""peak_lookback"": 21, ""freeze_dd_pct"": 0.12, ""unfreeze_within_pct"": 0.08, ""min_freeze_days"": 10, ""source"": ""run_v6"", ""tc_bps"": 5.0, ""leverage_cap"": 2.0}",0.0506521401194191,0.040379683122695,1.1505368908616749,1.4288427319421355,-0.6017472264132102,0.9868361455935468,0.5938259135352197,0.5298300524148126,-0.3352182261354278,0.6386554621848739,16.00362966818323,1.66869243907683,0.17,,-0.4997407489641192,-0.4997407489641192,-0.3540414823670604,-0.3540414823670604,0.2488120516270617,-0.2972529686476109,0.1998108338164865,-0.2719876865413071,0.0521837995566545,1.1919894662474293,1.123303004404297,-0.5576561196381429,1.0,6.0,-5.0,1.0,2.0,-1.0
2026-06-11T11:59:21,rescore,combo_v2_2x_freeze_dd_v2,dev,next_open,5.0,2.0,"{""lev"": 2.0, ""freeze"": ""spy_dd"", ""peak_lookback"": 30, ""freeze_dd_pct"": 0.1, ""unfreeze_within_pct"": 0.05, ""min_freeze_days"": 10, ""source"": ""run_v6"", ""tc_bps"": 5.0, ""leverage_cap"": 2.0}",0.0374699800527666,0.0247707349547906,0.9951353956212065,1.207608314965416,-0.4829147125408768,0.877621249818091,0.4238162135756684,0.46444031019436,-0.3352182261354279,0.625,16.242404314119945,1.4687960456364866,0.13,,-0.438862517747984,-0.438862517747984,-0.3139497170307872,-0.3139497170307872,-0.1049456412311117,-0.3209126721609041,,,0.04662736783798,1.117655988778887,1.104707401892992,-0.4935632254482509,2.0,1.0,1.0,3.0,3.0,0.0
2026-06-11T11:59:21,rescore,combo_v2_2x_freeze_dd_v2,full,legacy_period,5.0,2.0,"{""lev"": 2.0, ""freeze"": ""spy_dd"", ""peak_lookback"": 30, ""freeze_dd_pct"": 0.1, ""unfreeze_within_pct"": 0.05, ""min_freeze_days"": 10, ""source"": ""run_v6"", ""tc_bps"": 5.0, ""leverage_cap"": 2.0}",0.04662736783798,0.0326140555046878,1.117655988778887,1.3649633536150614,-0.4935632254482509,1.104707401892992,0.5452429484548624,0.5064744342744316,-0.346738349876971,0.6386554621848739,16.73092823876212,1.5943824603082528,0.07,,-0.4442926665802057,-0.4442926665802057,-0.2577090674645184,-0.2577090674645184,-0.1403466340970667,-0.3471211178773443,0.1991574194363801,-0.2719876865413071,0.04662736783798,1.117655988778887,1.104707401892992,-0.4935632254482509,2.0,1.0,1.0,3.0,3.0,0.0
2026-06-11T11:59:21,rescore,combo_v2_2x_freeze_dd_v2,full,next_close,5.0,2.0,"{""lev"": 2.0, ""freeze"": ""spy_dd"", ""peak_lookback"": 30, ""freeze_dd_pct"": 0.1, ""unfreeze_within_pct"": 0.05, ""min_freeze_days"": 10, ""source"": ""run_v6"", ""tc_bps"": 5.0, ""leverage_cap"": 2.0}",0.04662736783798,0.0326140555046878,1.117655988778887,1.3649633536150614,-0.4935632254482509,1.104707401892992,0.5452429484548624,0.5064744342744316,-0.346738349876971,0.6386554621848739,16.730928238762125,1.5943824603082528,0.12,,-0.4442926665802057,-0.4442926665802057,-0.2577090674645184,-0.2577090674645184,-0.1403466340970667,-0.3471211178773443,0.1991574194363801,-0.2719876865413071,0.04662736783798,1.117655988778887,1.104707401892992,-0.4935632254482509,2.0,1.0,1.0,3.0,3.0,0.0
2026-06-11T11:59:21,rescore,combo_v2_2x_freeze_dd_v2,full,next_open,5.0,2.0,"{""lev"": 2.0, ""freeze"": ""spy_dd"", ""peak_lookback"": 30, ""freeze_dd_pct"": 0.1, ""unfreeze_within_pct"": 0.05, ""min_freeze_days"": 10, ""source"": ""run_v6"", ""tc_bps"": 5.0, ""leverage_cap"": 2.0}",0.0466361770483837,0.0312610811202835,1.1197357244617494,1.3698344334597437,-0.493563225448251,1.110023896712653,0.5478669747861333,0.5075625166283326,-0.3352182261354279,0.6386554621848739,16.730928238762125,1.5943824603082528,0.15,,-0.438862517747984,-0.438862517747984,-0.3139497170307872,-0.3139497170307872,-0.1049456412311117,-0.3209126721609041,0.1998108338164856,-0.2719876865413072,0.04662736783798,1.117655988778887,1.104707401892992,-0.4935632254482509,2.0,1.0,1.0,3.0,3.0,0.0
2026-06-11T11:59:20,rescore,combo_v2_2x_freeze_vix,dev,next_open,5.0,2.0,"{""lev"": 2.0, ""freeze"": ""vix_default"", ""source"": ""run_v6"", ""tc_bps"": 5.0, ""leverage_cap"": 2.0}",0.0124158098293369,0.0,0.4469005244167598,0.4061494737093023,-0.533957153007193,0.1790064356527149,0.0955817667510889,0.3201632310599024,-0.3744361009664957,0.4,11.176404526009703,0.9274936311973347,0.12,,-0.3589417422280091,-0.3589417422280091,-0.1198292844672375,-0.1374539617459376,-0.4270535007892192,-0.4583025489767932,,,0.0206585961631976,0.5917471614436107,0.2589292663459706,-0.6569447768885118,43.0,45.0,-2.0,22.0,23.0,-1.0
2026-06-11T11:59:19,rescore,combo_v2_2x_freeze_vix,full,legacy_period,5.0,2.0,"{""lev"": 2.0, ""freeze"": ""vix_default"", ""source"": ""run_v6"", ""tc_bps"": 5.0, ""leverage_cap"": 2.0}",0.0206585961631976,0.0,0.5917471614436107,0.58482559639762,-0.6569447768885118,0.2589292663459706,0.1701022291095597,0.4103737837024791,-0.3756151603148686,0.453781512605042,13.247759530723547,1.141188959660297,0.07,,-0.3601500052573263,-0.3601500052573263,-0.1381727501111495,-0.1381727501111495,-0.3937155874205701,-0.4218093083307693,0.1991574194363803,-0.2719876865413069,0.0206585961631976,0.5917471614436107,0.2589292663459706,-0.6569447768885118,43.0,45.0,-2.0,22.0,23.0,-1.0
2026-06-11T11:59:19,rescore,combo_v2_2x_freeze_vix,full,next_close,5.0,2.0,"{""lev"": 2.0, ""freeze"": ""vix_default"", ""source"": ""run_v6"", ""tc_bps"": 5.0, ""leverage_cap"": 2.0}",0.0206585961631976,0.0,0.5917471614436107,0.58482559639762,-0.6569447768885118,0.2589292663459706,0.1701022291095597,0.4103737837024791,-0.3756151603148686,0.453781512605042,13.247759530723547,1.141188959660297,0.12,,-0.3601500052573263,-0.3601500052573263,-0.1381727501111495,-0.1381727501111495,-0.3937155874205701,-0.4218093083307693,0.1991574194363803,-0.2719876865413069,0.0206585961631976,0.5917471614436107,0.2589292663459706,-0.6569447768885118,43.0,45.0,-2.0,22.0,23.0,-1.0
2026-06-11T11:59:20,rescore,combo_v2_2x_freeze_vix,full,next_open,5.0,2.0,"{""lev"": 2.0, ""freeze"": ""vix_default"", ""source"": ""run_v6"", ""tc_bps"": 5.0, ""leverage_cap"": 2.0}",0.0205477352681362,0.0,0.5855934367976515,0.5801197695280705,-0.6375500827080078,0.2629176080366588,0.1676231427491634,0.4127478933227081,-0.3744361009664957,0.4453781512605042,13.247759530723547,1.141188959660297,0.17,,-0.3589417422280091,-0.3589417422280091,-0.1198292844672375,-0.1374539617459376,-0.4270535007892192,-0.4583025489767932,0.1998108338164859,-0.2719876865413073,0.0206585961631976,0.5917471614436107,0.2589292663459706,-0.6569447768885118,43.0,45.0,-2.0,22.0,23.0,-1.0
2026-06-11T11:59:22,rescore,combo_v2_2x_freeze_vix_dd_v1,dev,next_open,5.0,2.0,"{""lev"": 2.0, ""freeze"": ""vix|dd_v1"", ""source"": ""run_v6"", ""tc_bps"": 5.0, ""leverage_cap"": 2.0}",0.0124158098293369,0.0,0.4469005244167598,0.4061494737093023,-0.533957153007193,0.1790064356527149,0.0955817667510889,0.3201632310599024,-0.3744361009664957,0.4,11.176404526009703,0.9274936311973347,0.13,,-0.3589417422280091,-0.3589417422280091,-0.1198292844672375,-0.1374539617459376,-0.4270535007892192,-0.4583025489767932,,,0.0206585961631976,0.5917471614436107,0.2589292663459706,-0.6569447768885118,43.0,45.0,-2.0,22.0,23.0,-1.0
2026-06-11T11:59:21,rescore,combo_v2_2x_freeze_vix_dd_v1,full,legacy_period,5.0,2.0,"{""lev"": 2.0, ""freeze"": ""vix|dd_v1"", ""source"": ""run_v6"", ""tc_bps"": 5.0, ""leverage_cap"": 2.0}",0.0206585961631976,0.0,0.5917471614436107,0.58482559639762,-0.6569447768885118,0.2589292663459706,0.1701022291095597,0.4103737837024791,-0.3756151603148686,0.453781512605042,13.247759530723547,1.141188959660297,0.06,,-0.3601500052573263,-0.3601500052573263,-0.1381727501111495,-0.1381727501111495,-0.3937155874205701,-0.4218093083307693,0.1991574194363803,-0.2719876865413069,0.0206585961631976,0.5917471614436107,0.2589292663459706,-0.6569447768885118,43.0,45.0,-2.0,22.0,23.0,-1.0
2026-06-11T11:59:21,rescore,combo_v2_2x_freeze_vix_dd_v1,full,next_close,5.0,2.0,"{""lev"": 2.0, ""freeze"": ""vix|dd_v1"", ""source"": ""run_v6"", ""tc_bps"": 5.0, ""leverage_cap"": 2.0}",0.0206585961631976,0.0,0.5917471614436107,0.58482559639762,-0.6569447768885118,0.2589292663459706,0.1701022291095597,0.4103737837024791,-0.3756151603148686,0.453781512605042,13.247759530723547,1.141188959660297,0.11,,-0.3601500052573263,-0.3601500052573263,-0.1381727501111495,-0.1381727501111495,-0.3937155874205701,-0.4218093083307693,0.1991574194363803,-0.2719876865413069,0.0206585961631976,0.5917471614436107,0.2589292663459706,-0.6569447768885118,43.0,45.0,-2.0,22.0,23.0,-1.0
2026-06-11T11:59:21,rescore,combo_v2_2x_freeze_vix_dd_v1,full,next_open,5.0,2.0,"{""lev"": 2.0, ""freeze"": ""vix|dd_v1"", ""source"": ""run_v6"", ""tc_bps"": 5.0, ""leverage_cap"": 2.0}",0.0205477352681362,0.0,0.5855934367976515,0.5801197695280705,-0.6375500827080078,0.2629176080366588,0.1676231427491634,0.4127478933227081,-0.3744361009664957,0.4453781512605042,13.247759530723547,1.141188959660297,0.16,,-0.3589417422280091,-0.3589417422280091,-0.1198292844672375,-0.1374539617459376,-0.4270535007892192,-0.4583025489767932,0.1998108338164859,-0.2719876865413073,0.0206585961631976,0.5917471614436107,0.2589292663459706,-0.6569447768885118,43.0,45.0,-2.0,22.0,23.0,-1.0
2026-06-11T11:59:00,rescore,conc_dd_lev_1.3x,dev,next_open,5.0,2.0,"{""lev"": 1.3, ""dd_gate"": ""60/0.08/0.18"", ""source"": ""run_v2"", ""tc_bps"": 5.0, ""leverage_cap"": 2.0}",0.0141074472992684,0.0053619844308203,0.6334960021309454,0.7319083772109527,-0.3789504914263676,0.3956761095560488,0.149941656161938,0.2854742428382197,-0.1524380687691057,0.5125,19.110204179320952,1.0026144083088675,0.15,,-0.3112112811026464,-0.3628662646157097,-0.223308495222784,-0.2584681125666827,0.084097121816671,-0.2013245233265552,,,0.016708644388138,0.6746051113314051,0.340559217070175,-0.5064687831053171,36.0,31.0,5.0,30.0,32.0,-2.0
2026-06-11T11:59:00,rescore,conc_dd_lev_1.3x,full,legacy_period,5.0,2.0,"{""lev"": 1.3, ""dd_gate"": ""60/0.08/0.18"", ""source"": ""run_v2"", ""tc_bps"": 5.0, ""leverage_cap"": 2.0}",0.016708644388138,0.0075105208150738,0.6746051113314051,0.7819833222388614,-0.5064687831053171,0.340559217070175,0.172482612244831,0.3073023854178283,-0.3488479420509103,0.5798319327731093,21.011545866996645,1.088748795628664,0.08,,-0.2720111067067097,-0.3471701273944542,-0.4763625007852964,-0.4763625007852964,0.0082715979477416,-0.1874081651640458,0.0839570663804312,-0.1444951637426901,0.016708644388138,0.6746051113314051,0.340559217070175,-0.5064687831053171,36.0,31.0,5.0,30.0,32.0,-2.0
2026-06-11T11:59:00,rescore,conc_dd_lev_1.3x,full,next_close,5.0,2.0,"{""lev"": 1.3, ""dd_gate"": ""60/0.08/0.18"", ""source"": ""run_v2"", ""tc_bps"": 5.0, ""leverage_cap"": 2.0}",0.0177181920084317,0.0034912275118277,0.7561969169735037,0.9281966413421257,-0.3772834051196726,0.5181919517354462,0.1955052240563581,0.2943577627325726,-0.1596607755138311,0.5210084033613446,21.081100007124032,1.0934064389407658,0.14,,-0.3115459614029167,-0.3606920233429648,-0.2607988251012287,-0.2607988251012287,0.0657397684174101,-0.2042714817794485,0.0319430105997011,-0.1342864533352188,0.016708644388138,0.6746051113314051,0.340559217070175,-0.5064687831053171,36.0,31.0,5.0,30.0,32.0,-2.0
2026-06-11T11:59:00,rescore,conc_dd_lev_1.3x,full,next_open,5.0,2.0,"{""lev"": 1.3, ""dd_gate"": ""60/0.08/0.18"", ""source"": ""run_v2"", ""tc_bps"": 5.0, ""leverage_cap"": 2.0}",0.0172219456598815,0.0037099550398551,0.7385112074540243,0.9049149636621956,-0.3789504914263676,0.5006754410141114,0.1897312044174108,0.2951652835980957,-0.1524380687691057,0.5294117647058824,21.081100007124032,1.0934064389407658,0.23,,-0.3112112811026464,-0.3628662646157097,-0.223308495222784,-0.2584681125666827,0.084097121816671,-0.2013245233265552,0.020278250596651,-0.1396280320831062,0.016708644388138,0.6746051113314051,0.340559217070175,-0.5064687831053171,36.0,31.0,5.0,30.0,32.0,-2.0
2026-06-11T11:59:01,rescore,conc_dd_lev_1.5x,dev,next_open,5.0,2.0,"{""lev"": 1.5, ""dd_gate"": ""60/0.08/0.18"", ""source"": ""run_v2"", ""tc_bps"": 5.0, ""leverage_cap"": 2.0}",0.0160719506635943,0.0057564258679585,0.6334960021309453,0.7319083772109529,-0.4246892615901348,0.3915359895492843,0.1662811302876483,0.3293933571210228,-0.1748595439583171,0.5125,22.050235591524174,1.1568627788179244,0.15,,-0.3517547998551757,-0.4073186870833732,-0.2552879839609507,-0.2939173647125203,0.0863862730390572,-0.2313081771403891,,,0.0191788421905337,0.6746051113314067,0.3371254147038094,-0.5672106664755299,37.0,32.0,5.0,26.0,27.0,-1.0
2026-06-11T11:59:00,rescore,conc_dd_lev_1.5x,full,legacy_period,5.0,2.0,"{""lev"": 1.5, ""dd_gate"": ""60/0.08/0.18"", ""source"": ""run_v2"", ""tc_bps"": 5.0, ""leverage_cap"": 2.0}",0.0191788421905337,0.0084226896326427,0.6746051113314067,0.7819833222388626,-0.5672106664755299,0.3371254147038094,0.1912211311599871,0.3545796754821094,-0.3987566128391878,0.5714285714285714,24.244091384996132,1.2562486103407664,0.07,,-0.3090838679474103,-0.390361920844655,-0.5328217031131812,-0.5328217031131812,-0.0015684136536811,-0.2140139953393152,0.0947454884665743,-0.1655489007609015,0.0191788421905337,0.6746051113314067,0.3371254147038094,-0.5672106664755299,37.0,32.0,5.0,26.0,27.0,-1.0
2026-06-11T11:59:01,rescore,conc_dd_lev_1.5x,full,next_close,5.0,2.0,"{""lev"": 1.5, ""dd_gate"": ""60/0.08/0.18"", ""source"": ""run_v2"", ""tc_bps"": 5.0, ""leverage_cap"": 2.0}",0.0202811037927854,0.0035352771234042,0.7561969169735063,0.928196641342128,-0.422864433797928,0.5185119370696949,0.2192602566864434,0.3396435723837373,-0.1829378918269276,0.5126050420168067,24.324346162066192,1.2616228141624224,0.15,,-0.3520694239581194,-0.4049413879752668,-0.2964956306012951,-0.2964956306012951,0.0652153256125702,-0.2344909779473123,0.0339225794022182,-0.1537977724698557,0.0191788421905337,0.6746051113314067,0.3371254147038094,-0.5672106664755299,37.0,32.0,5.0,26.0,27.0,-1.0
2026-06-11T11:59:01,rescore,conc_dd_lev_1.5x,full,next_open,5.0,2.0,"{""lev"": 1.5, ""dd_gate"": ""60/0.08/0.18"", ""source"": ""run_v2"", ""tc_bps"": 5.0, ""leverage_cap"": 2.0}",0.0196876555477573,0.0032258626045131,0.7385112074540253,0.9049149636621978,-0.4246892615901348,0.5001630563630316,0.2124138790814809,0.3405753272285723,-0.1748595439583171,0.5210084033613446,24.324346162066192,1.2616228141624224,0.2,,-0.3517547998551757,-0.4073186870833732,-0.2552879839609507,-0.2939173647125203,0.0863862730390572,-0.2313081771403891,0.0204284021914855,-0.1598276481363466,0.0191788421905337,0.6746051113314067,0.3371254147038094,-0.5672106664755299,37.0,32.0,5.0,26.0,27.0,-1.0
2026-06-11T11:59:14,rescore,donchian_breakout,dev,next_open,5.0,2.0,"{""n_long"": 30, ""source"": ""run_v5"", ""tc_bps"": 5.0, ""leverage_cap"": 2.0}",0.0119389596210999,0.0191895530507659,0.8564279776855336,1.0491572773987292,-0.2573469583299388,0.5278164517557172,0.1358319584158347,0.1646287919473755,-0.1314914996753571,0.6875,10.254758496935072,0.9376837154614944,0.14,,-0.1320492711563876,-0.1598565209892648,-0.2122394499141091,-0.2122394499141091,-0.197466332886098,-0.2513727311379714,,,0.0107852072499851,0.781328955636024,0.4134680417443864,-0.2942183360895938,20.0,29.0,-9.0,35.0,38.0,-3.0
2026-06-11T11:59:13,rescore,donchian_breakout,full,legacy_period,5.0,2.0,"{""n_long"": 30, ""source"": ""run_v5"", ""tc_bps"": 5.0, ""leverage_cap"": 2.0}",0.0128315332851964,0.0199303705776761,0.9311850672749636,1.170743200744441,-0.2536241844986644,0.5886838496094247,0.1493044612847247,0.1643455222346815,-0.1351872009526625,0.6554621848739496,9.96732723784569,0.956210191082804,0.06,,-0.1152837854658274,-0.1493150917429199,-0.2311515506459116,-0.2536241844986644,-0.1722176763252194,-0.2404374516616529,0.0322259379105758,-0.0864908479446823,0.0107852072499851,0.781328955636024,0.4134680417443864,-0.2942183360895938,20.0,29.0,-9.0,35.0,38.0,-3.0
2026-06-11T11:59:13,rescore,donchian_breakout,full,next_close,5.0,2.0,"{""n_long"": 30, ""source"": ""run_v5"", ""tc_bps"": 5.0, ""leverage_cap"": 2.0}",0.0118962245434589,0.017868961371632,0.8880253179125042,1.1250750128672842,-0.25643837265609,0.5355970242121594,0.1373476292884106,0.1596655417112435,-0.1376068094727219,0.6638655462184874,10.000766728291552,0.957802547770702,0.13,,-0.1256618621810368,-0.1536579154647804,-0.2098974767132708,-0.2215280315168718,-0.1953765524044383,-0.2547660936707293,0.036965950586848,-0.0796191529849887,0.0107852072499851,0.781328955636024,0.4134680417443864,-0.2942183360895938,20.0,29.0,-9.0,35.0,38.0,-3.0
2026-06-11T11:59:14,rescore,donchian_breakout,full,next_open,5.0,2.0,"{""n_long"": 30, ""source"": ""run_v5"", ""tc_bps"": 5.0, ""leverage_cap"": 2.0}",0.0117509930341319,0.0183749634629877,0.8768684867835651,1.1077538703012073,-0.2573469583299388,0.5270690225464945,0.1356396097822743,0.1600500516983297,-0.1314914996753571,0.6554621848739496,10.000766728291552,0.957802547770702,0.17,,-0.1320492711563876,-0.1598565209892648,-0.2122394499141091,-0.2122394499141091,-0.197466332886098,-0.2513727311379714,0.0325483483609976,-0.0803147944784002,0.0107852072499851,0.781328955636024,0.4134680417443864,-0.2942183360895938,20.0,29.0,-9.0,35.0,38.0,-3.0
2026-06-11T11:58:51,rescore,dual_momentum_vol,dev,next_open,5.0,1.0,"{""n_long"": 30, ""source"": ""run_all"", ""tc_bps"": 5.0, ""leverage_cap"": 1.0}",0.024996870616896,0.0258314011347592,1.065740439020537,1.3113885307273514,-0.3832608999073688,0.7717092176600866,0.2957659692272163,0.2803910653306818,-0.2072074946234237,0.675,10.591033040417337,0.9110129984958822,0.17,,-0.2450963539574284,-0.291692001187372,-0.3005418794341157,-0.3832608999073688,0.0196630639054304,-0.2873123391290854,,,0.0279361610552944,1.1031097716230078,0.7369603974588035,-0.4604359806909679,13.0,12.0,1.0,8.0,9.0,-1.0
2026-06-11T11:58:50,rescore,dual_momentum_vol,full,legacy_period,5.0,1.0,"{""n_long"": 30, ""source"": ""run_all"", ""tc_bps"": 5.0, ""leverage_cap"": 1.0}",0.0279361610552944,0.0296856259381836,1.1031097716230078,1.368998529495819,-0.4604359806909679,0.7369603974588035,0.3393230833343497,0.3091344307051514,-0.1798941285436069,0.6722689075630253,10.826232300850718,0.9317806968318056,0.07,,-0.2574150459673686,-0.3059568070834375,-0.3054362677966413,-0.4604359806909679,0.0034997764803761,-0.2641816360980513,0.0973282140224305,-0.1289658730149078,0.0279361610552944,1.1031097716230078,0.7369603974588035,-0.4604359806909679,13.0,12.0,1.0,8.0,9.0,-1.0
2026-06-11T11:58:50,rescore,dual_momentum_vol,full,next_close,5.0,1.0,"{""n_long"": 30, ""source"": ""run_all"", ""tc_bps"": 5.0, ""leverage_cap"": 1.0}",0.027193737583387,0.0280443475434142,1.1265852294138723,1.3979434556411898,-0.3874204842623236,0.8450130047018662,0.3273753474895582,0.2895019254964873,-0.216245344741362,0.6470588235294118,10.906593174053892,0.939742480271296,0.13,,-0.2537415957503315,-0.2998036243669444,-0.3016254753519856,-0.3844951879436944,-0.0078611657425708,-0.2850440092108437,0.1154329257860513,-0.1325782320288514,0.0279361610552944,1.1031097716230078,0.7369603974588035,-0.4604359806909679,13.0,12.0,1.0,8.0,9.0,-1.0
2026-06-11T11:58:51,rescore,dual_momentum_vol,full,next_open,5.0,1.0,"{""n_long"": 30, ""source"": ""run_all"", ""tc_bps"": 5.0, ""leverage_cap"": 1.0}",0.0275434383819686,0.0272423564402821,1.1423031463309976,1.4181972744113989,-0.3832608999073688,0.870340704259813,0.333567561540629,0.2896438500181308,-0.2072074946234237,0.6554621848739496,10.906593174053892,0.939742480271296,0.17,,-0.2450963539574284,-0.291692001187372,-0.3005418794341157,-0.3832608999073688,0.0196630639054304,-0.2873123391290854,0.1068432675568207,-0.1325782320288517,0.0279361610552944,1.1031097716230078,0.7369603974588035,-0.4604359806909679,13.0,12.0,1.0,8.0,9.0,-1.0
2026-06-11T11:58:57,rescore,ensemble_top3,dev,next_open,5.0,1.0,"{""source"": ""run_ensembles"", ""tc_bps"": 5.0, ""leverage_cap"": 1.0}",0.0112807550698688,0.011657901748195,0.9109859443084698,1.0658618200724028,-0.1962608303530668,0.6705604794370799,0.1316047564962719,0.147785582335622,-0.1670616115092444,0.6375,6.842296589594682,0.5998958911884771,0.17,,-0.174165620495545,-0.1836830068820937,-0.1657907584515705,-0.1886537818395589,-0.0668884965925091,-0.0842476428219843,,,0.0133222060805684,0.98266556465387,0.6028146722531452,-0.2631518479194326,19.0,15.0,4.0,34.0,36.0,-2.0
2026-06-11T11:58:56,rescore,ensemble_top3,full,legacy_period,5.0,1.0,"{""source"": ""run_ensembles"", ""tc_bps"": 5.0, ""leverage_cap"": 1.0}",0.0133222060805684,0.0120570109413526,0.98266556465387,1.1822311726308634,-0.2631518479194326,0.6028146722531452,0.1586317949563622,0.1639163813370354,-0.1396530267077912,0.6302521008403361,7.216830047525216,0.6344029924559145,0.28,,-0.1503755309868355,-0.1646426448291974,-0.2198441372893059,-0.2631518479194326,-0.0206929932221564,-0.0839636720973573,0.0357827597610402,-0.0581799972285502,0.0133222060805684,0.98266556465387,0.6028146722531452,-0.2631518479194326,19.0,15.0,4.0,34.0,36.0,-2.0
2026-06-11T11:58:57,rescore,ensemble_top3,full,next_close,5.0,1.0,"{""source"": ""run_ensembles"", ""tc_bps"": 5.0, ""leverage_cap"": 1.0}",0.0135742678441448,0.0122739186428071,1.0326382813332362,1.2788599213462437,-0.2105842980321952,0.7658791804792947,0.1612821295987052,0.1571324371585482,-0.1645040971671262,0.6134453781512605,7.221160436208072,0.635189028017164,0.27,,-0.1727930721059922,-0.1823236755699826,-0.1896100415066258,-0.2105842980321952,-0.0773171840128442,-0.0870084045832727,0.0432488274935458,-0.053813582288923,0.0133222060805684,0.98266556465387,0.6028146722531452,-0.2631518479194326,19.0,15.0,4.0,34.0,36.0,-2.0
2026-06-11T11:58:57,rescore,ensemble_top3,full,next_open,5.0,1.0,"{""source"": ""run_ensembles"", ""tc_bps"": 5.0, ""leverage_cap"": 1.0}",0.013591565551989,0.0119544615448052,1.0328772187662925,1.2796049166817165,-0.1962608303530668,0.8245695177401491,0.1618306982355095,0.1576295822600338,-0.1670616115092444,0.6218487394957983,7.221160436208072,0.635189028017164,0.22,,-0.174165620495545,-0.1836830068820937,-0.1657907584515705,-0.1886537818395589,-0.0668884965925091,-0.0842476428219843,0.0388002428210649,-0.0553791563797017,0.0133222060805684,0.98266556465387,0.6028146722531452,-0.2631518479194326,19.0,15.0,4.0,34.0,36.0,-2.0
2026-06-11T11:58:55,rescore,fast_dd_momentum,dev,next_open,5.0,1.0,"{""source"": ""run_ensembles"", ""tc_bps"": 5.0, ""leverage_cap"": 1.0}",0.0166740290614555,0.0009109592552082,0.796084292665918,0.9599373553347776,-0.301683333429771,0.6343288599579991,0.1913664449628356,0.2638347392674178,-0.1687800906183889,0.525,6.1214760174433716,0.6968789080785767,0.14,,-0.2269945961198705,-0.2805128622037275,-0.2379490420059832,-0.3005652521649069,-0.0075253633547813,-0.1507691012546163,,,0.0197626159779485,0.8245749690499874,0.5481957609997697,-0.412157236988967,23.0,16.0,7.0,25.0,22.0,3.0
2026-06-11T11:58:55,rescore,fast_dd_momentum,full,legacy_period,5.0,1.0,"{""source"": ""run_ensembles"", ""tc_bps"": 5.0, ""leverage_cap"": 1.0}",0.0197626159779485,0.0071511246506583,0.8245749690499874,0.9693439852365472,-0.412157236988967,0.5481957609997697,0.2259428501827292,0.3041193754172506,-0.1494107631920469,0.5546218487394958,6.528088208756367,0.7607646336917807,0.07,,-0.1898916008948588,-0.2266057719377607,-0.2560815445818286,-0.412157236988967,0.0897405939211066,-0.1817151928441621,0.0768782255301192,-0.1644412353422214,0.0197626159779485,0.8245749690499874,0.5481957609997697,-0.412157236988967,23.0,16.0,7.0,25.0,22.0,3.0
2026-06-11T11:58:55,rescore,fast_dd_momentum,full,next_close,5.0,1.0,"{""source"": ""run_ensembles"", ""tc_bps"": 5.0, ""leverage_cap"": 1.0}",0.0211826078988714,0.0099198940794384,0.9155126734725222,1.1266692099959543,-0.3120430605968797,0.786911043125721,0.2455501303144331,0.2849770186466905,-0.1799116997310031,0.5462184873949579,6.588279291558916,0.7687264171312712,0.13,,-0.2372074873135951,-0.2900186739570657,-0.2273810954543228,-0.2915977184723175,-0.0395093656689832,-0.1658857119122457,0.10796925514361,-0.1462904401754016,0.0197626159779485,0.8245749690499874,0.5481957609997697,-0.412157236988967,23.0,16.0,7.0,25.0,22.0,3.0
2026-06-11T11:58:55,rescore,fast_dd_momentum,full,next_open,5.0,1.0,"{""source"": ""run_ensembles"", ""tc_bps"": 5.0, ""leverage_cap"": 1.0}",0.0211758595001983,0.0087866458423941,0.9167360538062512,1.131733331858746,-0.310304958917431,0.7930956633519162,0.246101517234009,0.2851273485234516,-0.1687800906183889,0.5546218487394958,6.588279291558916,0.7687264171312712,0.19,,-0.2269945961198705,-0.2805128622037275,-0.2379490420059832,-0.3005652521649069,-0.0075253633547813,-0.1507691012546163,0.1180992434192751,-0.1442398287304318,0.0197626159779485,0.8245749690499874,0.5481957609997697,-0.412157236988967,23.0,16.0,7.0,25.0,22.0,3.0
2026-06-11T11:58:56,rescore,fast_dd_voltarget_momentum,dev,next_open,5.0,1.0,"{""source"": ""run_ensembles"", ""tc_bps"": 5.0, ""leverage_cap"": 1.0}",0.0140886898265363,0.0009933169585645,0.81593537293117,0.9726565161687878,-0.272625282407937,0.5942531386485697,0.1620084297458692,0.2115909530245909,-0.170923339903448,0.525,5.503152520176192,0.5909914272498981,0.14,,-0.209961751949445,-0.2505738746920574,-0.2150999281474179,-0.268378547788245,-0.0200244373900743,-0.1430787893360285,,,0.014807856236538,0.7570939804534106,0.4116494339836899,-0.4121572369889668,30.0,18.0,12.0,32.0,29.0,3.0
2026-06-11T11:58:55,rescore,fast_dd_voltarget_momentum,full,legacy_period,5.0,1.0,"{""source"": ""run_ensembles"", ""tc_bps"": 5.0, ""leverage_cap"": 1.0}",0.014807856236538,0.0047856335574931,0.7570939804534106,0.8612860095261589,-0.4121572369889668,0.4116494339836899,0.1696642933187897,0.2486139896941067,-0.149410763192047,0.5630252100840336,5.821319342980979,0.6334953428690174,0.07,,-0.176921429197876,-0.2179796893540767,-0.2625520016289063,-0.4121572369889668,0.065293589878397,-0.1734612300927234,0.0588277780049983,-0.0791833282192886,0.014807856236538,0.7570939804534106,0.4116494339836899,-0.4121572369889668,30.0,18.0,12.0,32.0,29.0,3.0
2026-06-11T11:58:55,rescore,fast_dd_voltarget_momentum,full,next_close,5.0,1.0,"{""source"": ""run_ensembles"", ""tc_bps"": 5.0, ""leverage_cap"": 1.0}",0.0182604234149577,0.0092211770582011,0.9936306899421132,1.2477843432184512,-0.2840821984855356,0.7593385100419341,0.2157145533274436,0.2219162485766879,-0.18409049247489,0.5462184873949579,5.851876204801742,0.6372506121705032,0.16,,-0.2224056844743097,-0.2623781236112894,-0.202171591356189,-0.2569500503989995,-0.0508688253425002,-0.1658857119122458,0.062783953697294,-0.0746406527076684,0.014807856236538,0.7570939804534106,0.4116494339836899,-0.4121572369889668,30.0,18.0,12.0,32.0,29.0,3.0
2026-06-11T11:58:56,rescore,fast_dd_voltarget_momentum,full,next_open,5.0,1.0,"{""source"": ""run_ensembles"", ""tc_bps"": 5.0, ""leverage_cap"": 1.0}",0.0181675854094657,0.0082023427900737,0.9908801395686184,1.247652699525942,-0.272625282407937,0.7889026889421252,0.2150748183652278,0.2220245096739121,-0.170923339903448,0.5546218487394958,5.851876204801742,0.6372506121705032,0.2,,-0.209961751949445,-0.2505738746920574,-0.2150999281474179,-0.268378547788245,-0.0200244373900743,-0.1430787893360285,0.0673120107780766,-0.0746406527076681,0.014807856236538,0.7570939804534106,0.4116494339836899,-0.4121572369889668,30.0,18.0,12.0,32.0,29.0,3.0
2026-06-11T11:59:12,rescore,low_vol_quality,dev,next_open,5.0,2.0,"{""n_long"": 30, ""source"": ""run_v5"", ""tc_bps"": 5.0, ""leverage_cap"": 2.0}",0.0059607419973316,0.0089039290512179,0.7513693661917183,0.7628580937049232,-0.2336587622757372,0.2960975872037529,0.069185795738861,0.095116847218932,-0.0764574590629449,0.625,5.923390805611932,0.9500293944738388,0.14,,-0.0400828754947047,-0.0614695870139664,-0.142829344798627,-0.2325814023486234,-0.0339044639969416,-0.1043673351838959,,,0.0057943803584306,0.716144088476605,0.2466250907571005,-0.2724813488455851,45.0,42.0,3.0,46.0,46.0,0.0
2026-06-11T11:59:11,rescore,low_vol_quality,full,legacy_period,5.0,2.0,"{""n_long"": 30, ""source"": ""run_v5"", ""tc_bps"": 5.0, ""leverage_cap"": 2.0}",0.0057943803584306,0.0088077307604776,0.716144088476605,0.7833502728759634,-0.2724813488455851,0.2466250907571005,0.0672007373886596,0.0977190548716539,-0.1124795508115246,0.6218487394957983,5.854606195572956,0.9582006369426752,0.07,,-0.030557437391799,-0.0541727259854389,-0.1755473593342702,-0.2724813488455851,-0.0217504677444279,-0.1055853415421439,0.0115908188525295,-0.0334866683094362,0.0057943803584306,0.716144088476605,0.2466250907571005,-0.2724813488455851,45.0,42.0,3.0,46.0,46.0,0.0
2026-06-11T11:59:11,rescore,low_vol_quality,full,next_close,5.0,2.0,"{""n_long"": 30, ""source"": ""run_v5"", ""tc_bps"": 5.0, ""leverage_cap"": 2.0}",0.0058064499733132,0.0090260105657213,0.7846511789117073,0.8497449849888924,-0.2296370591752686,0.2954371181262241,0.0678433109777225,0.0889121466515603,-0.071610774952181,0.6218487394957983,5.886937381289922,0.9661624203821656,0.13,,-0.0428489047494249,-0.0641739898342639,-0.1361448305221608,-0.2285540453415845,-0.0349873590467787,-0.1029327833699133,0.0029666383309503,-0.0289734331473482,0.0057943803584306,0.716144088476605,0.2466250907571005,-0.2724813488455851,45.0,42.0,3.0,46.0,46.0,0.0
2026-06-11T11:59:12,rescore,low_vol_quality,full,next_open,5.0,2.0,"{""n_long"": 30, ""source"": ""run_v5"", ""tc_bps"": 5.0, ""leverage_cap"": 2.0}",0.0058787541895661,0.0091097254560161,0.7927308719006404,0.8592697284699153,-0.2336587622757372,0.2942789243412648,0.0687608492254152,0.0891144637977812,-0.0764574590629449,0.6134453781512605,5.886937381289922,0.9661624203821656,0.19,,-0.0400828754947047,-0.0614695870139664,-0.142829344798627,-0.2325814023486234,-0.0339044639969416,-0.1043673351838959,0.0026701244872748,-0.0298498032265422,0.0057943803584306,0.716144088476605,0.2466250907571005,-0.2724813488455851,45.0,42.0,3.0,46.0,46.0,0.0
2026-06-11T11:58:50,rescore,mean_reversion_5d,dev,next_open,5.0,1.0,"{""n_long"": 30, ""source"": ""run_all"", ""tc_bps"": 5.0, ""leverage_cap"": 1.0}",0.0187402285019894,0.0221260405491293,0.6504570026886468,0.8372293337137247,-0.6502728568123506,0.2833109496822947,0.1842294206161259,0.3589177186306097,-0.2802526605301539,0.6375,89.50123456790135,0.9847148736037624,0.15,,-0.0616085172671914,-0.2192239210642117,-0.2987862869413522,-0.625184139490353,-0.1780750513195083,-0.3680191793597573,,,0.0100676478543639,0.4259289213738403,0.1358046017522061,-0.652493064632999,48.0,37.0,11.0,44.0,26.0,18.0
2026-06-11T11:58:49,rescore,mean_reversion_5d,full,legacy_period,5.0,1.0,"{""n_long"": 30, ""source"": ""run_all"", ""tc_bps"": 5.0, ""leverage_cap"": 1.0}",0.0100676478543639,0.0126508172861972,0.4259289213738403,0.5338050796673084,-0.652493064632999,0.1358046017522061,0.0886115607885609,0.3223298495220126,-0.3266334814822921,0.5882352941176471,90.45382165605096,0.988057324840764,0.08,,-0.1800517771291147,-0.2389899026925749,-0.420781901261584,-0.5843456309531916,-0.3277261003963785,-0.3697457228535786,-0.1647050308723257,-0.2155531476185436,0.0100676478543639,0.4259289213738403,0.1358046017522061,-0.652493064632999,48.0,37.0,11.0,44.0,26.0,18.0
2026-06-11T11:58:49,rescore,mean_reversion_5d,full,next_close,5.0,1.0,"{""n_long"": 30, ""source"": ""run_all"", ""tc_bps"": 5.0, ""leverage_cap"": 1.0}",0.0194123735056169,0.017061898576999,0.7263929518284051,0.938964783903522,-0.6415718280919749,0.3224822899772128,0.2068955523079667,0.338084951947745,-0.2532770498332789,0.6050420168067226,90.64777070063704,0.9896496815286624,0.13,,-0.070549193284241,-0.2162326330941341,-0.2446819249067281,-0.5983910173213751,-0.2152359576921385,-0.3704045299018886,-0.0202917348429263,-0.0990334718605976,0.0100676478543639,0.4259289213738403,0.1358046017522061,-0.652493064632999,48.0,37.0,11.0,44.0,26.0,18.0
2026-06-11T11:58:49,rescore,mean_reversion_5d,full,next_open,5.0,1.0,"{""n_long"": 30, ""source"": ""run_all"", ""tc_bps"": 5.0, ""leverage_cap"": 1.0}",0.0199437550378592,0.0219506358030363,0.7420734198172815,0.9683436206031693,-0.6502728568123506,0.3282672337935188,0.2134632719167992,0.3380269268654747,-0.2802526605301539,0.6302521008403361,90.64777070063704,0.9896496815286624,0.18,,-0.0616085172671914,-0.2192239210642117,-0.2987862869413522,-0.625184139490353,-0.1780750513195083,-0.3680191793597573,0.0074682603562123,-0.0858668771523304,0.0100676478543639,0.4259289213738403,0.1358046017522061,-0.652493064632999,48.0,37.0,11.0,44.0,26.0,18.0
2026-06-11T11:59:18,rescore,momentum_quality_blend,dev,next_open,5.0,2.0,"{""n_long"": 30, ""source"": ""run_v5"", ""tc_bps"": 5.0, ""leverage_cap"": 2.0}",0.0091176258162452,0.0,0.548540980970316,0.5908885832176183,-0.3983298911167904,0.248096231978792,0.0988241450705982,0.2139305446917237,-0.1667784890712731,0.4875,10.014814814814816,0.8389182833627277,0.14,,-0.1769583187091964,-0.2293595214135236,-0.2901205921956652,-0.3983298911167904,-0.0710764977893366,-0.1740740279408794,,,0.0100713290805891,0.6085131264225621,0.2877290439998955,-0.388449334240202,40.0,38.0,2.0,43.0,39.0,4.0
2026-06-11T11:59:18,rescore,momentum_quality_blend,full,legacy_period,5.0,2.0,"{""n_long"": 30, ""source"": ""run_v5"", ""tc_bps"": 5.0, ""leverage_cap"": 2.0}",0.0100713290805891,0.0003529572922553,0.6085131264225621,0.7093123331939752,-0.388449334240202,0.2877290439998955,0.1117681555833292,0.2114662278718361,-0.1435703204938471,0.5126050420168067,10.80095541401274,0.8829617834394903,0.07,,-0.1811257723094655,-0.2426288392019624,-0.2657321909361245,-0.388449334240202,-0.0526486480411513,-0.1968830727944794,0.0070535212493367,-0.1148461261238017,0.0100713290805891,0.6085131264225621,0.2877290439998955,-0.388449334240202,40.0,38.0,2.0,43.0,39.0,4.0
2026-06-11T11:59:18,rescore,momentum_quality_blend,full,next_close,5.0,2.0,"{""n_long"": 30, ""source"": ""run_v5"", ""tc_bps"": 5.0, ""leverage_cap"": 2.0}",0.0116214504647898,0.0035615173106082,0.7085714495327209,0.8096686443578818,-0.3960935642627985,0.3312397332103824,0.1312019265527588,0.2039811326360668,-0.1636815168057362,0.5210084033613446,10.894585987261149,0.8909235668789807,0.13,,-0.1806698221342143,-0.2328347218082902,-0.2871216687507132,-0.3960935642627985,-0.0728245973200882,-0.1731262846830464,0.0211095452650744,-0.1063647728180988,0.0100713290805891,0.6085131264225621,0.2877290439998955,-0.388449334240202,40.0,38.0,2.0,43.0,39.0,4.0
2026-06-11T11:59:18,rescore,momentum_quality_blend,full,next_open,5.0,2.0,"{""n_long"": 30, ""source"": ""run_v5"", ""tc_bps"": 5.0, ""leverage_cap"": 2.0}",0.0115352306122986,0.0055160710566311,0.7034827961796313,0.8033512569462357,-0.3983298911167904,0.3268050975407329,0.1301762389198122,0.2042398001236491,-0.1667784890712731,0.5210084033613446,10.894585987261149,0.8909235668789807,0.17,,-0.1769583187091964,-0.2293595214135236,-0.2901205921956652,-0.3983298911167904,-0.0710764977893366,-0.1740740279408794,0.0155287857240784,-0.1084463529525544,0.0100713290805891,0.6085131264225621,0.2877290439998955,-0.388449334240202,40.0,38.0,2.0,43.0,39.0,4.0
2026-06-11T11:59:00,rescore,multi_dd_lev_1.3x,dev,next_open,5.0,2.0,"{""lev"": 1.3, ""dd_gate"": ""60/0.08/0.18"", ""source"": ""run_v2"", ""tc_bps"": 5.0, ""leverage_cap"": 2.0}",0.0159148484737718,0.0040022832307206,0.5977198207557839,0.67536297817922,-0.4375972911398745,0.3554414879917298,0.1555402323039072,0.3387598602138763,-0.2410684135063486,0.5125,16.19886494306891,1.0058919606297885,0.16,,-0.3057565834160806,-0.3661935462991823,-0.337878146670975,-0.4268640968300401,-0.0887156073358934,-0.3356844802995457,,,0.0240671475397088,0.7992451003732005,0.472918893297048,-0.5463146446701541,28.0,30.0,-2.0,15.0,21.0,-6.0
2026-06-11T11:58:59,rescore,multi_dd_lev_1.3x,full,legacy_period,5.0,2.0,"{""lev"": 1.3, ""dd_gate"": ""60/0.08/0.18"", ""source"": ""run_v2"", ""tc_bps"": 5.0, ""leverage_cap"": 2.0}",0.0240671475397088,0.0047485409233891,0.7992451003732005,0.9552332805595288,-0.5463146446701541,0.472918893297048,0.2583625171493793,0.3788734148617529,-0.225020924088513,0.5378151260504201,17.554836915376136,1.0790388084331837,0.07,,-0.2686365571278564,-0.3220400677153232,-0.3605367427002837,-0.4970311191904457,-0.0364616095175646,-0.2828675082811757,0.0469943799223044,-0.2063563640429114,0.0240671475397088,0.7992451003732005,0.472918893297048,-0.5463146446701541,28.0,30.0,-2.0,15.0,21.0,-6.0
2026-06-11T11:58:59,rescore,multi_dd_lev_1.3x,full,next_close,5.0,2.0,"{""lev"": 1.3, ""dd_gate"": ""60/0.08/0.18"", ""source"": ""run_v2"", ""tc_bps"": 5.0, ""leverage_cap"": 2.0}",0.0205310878936317,0.0161433414586855,0.722417719429624,0.8582083743628612,-0.4559091651363831,0.4623554693485111,0.2107920960269202,0.3518353372843701,-0.2573872789519031,0.5546218487394958,17.728722265694625,1.0893891269045213,0.14,,-0.3185800645394132,-0.3779006866201828,-0.3380378803921532,-0.4259555263682903,-0.1072901143715333,-0.3282767355787052,0.1001931822094632,-0.1882197899260415,0.0240671475397088,0.7992451003732005,0.472918893297048,-0.5463146446701541,28.0,30.0,-2.0,15.0,21.0,-6.0
2026-06-11T11:58:59,rescore,multi_dd_lev_1.3x,full,next_open,5.0,2.0,"{""lev"": 1.3, ""dd_gate"": ""60/0.08/0.18"", ""source"": ""run_v2"", ""tc_bps"": 5.0, ""leverage_cap"": 2.0}",0.0213568181672757,0.0113683052081865,0.7480763698519466,0.8883124606641463,-0.4375972911398745,0.5073849420767369,0.2220302762179422,0.3524377601971578,-0.2410684135063486,0.5462184873949579,17.728722265694625,1.0893891269045213,0.18,,-0.3057565834160806,-0.3661935462991823,-0.337878146670975,-0.4268640968300401,-0.0887156073358934,-0.3356844802995457,0.089880826522807,-0.1926464498350808,0.0240671475397088,0.7992451003732005,0.472918893297048,-0.5463146446701541,28.0,30.0,-2.0,15.0,21.0,-6.0
2026-06-11T11:59:14,rescore,multifactor_mvr,dev,next_open,5.0,2.0,"{""n_long"": 30, ""source"": ""run_v5"", ""tc_bps"": 5.0, ""leverage_cap"": 2.0}",0.0087983632966532,0.0062370567671425,0.5672546697127384,0.5969851851400528,-0.4211597723637523,0.2272754381429647,0.0957192717921631,0.195063689550218,-0.1883695715925596,0.575,17.590123456790145,0.8389182833627277,0.13,,-0.0898051928344101,-0.1369858537894631,-0.2691180339970144,-0.415133237606677,-0.0765326026441723,-0.177076408252982,,,0.010979536342687,0.7816203109175117,0.3491525199906471,-0.3633098472069251,35.0,44.0,-9.0,40.0,40.0,0.0
2026-06-11T11:59:14,rescore,multifactor_mvr,full,legacy_period,5.0,2.0,"{""n_long"": 30, ""source"": ""run_v5"", ""tc_bps"": 5.0, ""leverage_cap"": 2.0}",0.010979536342687,0.0053876380397961,0.7816203109175117,0.9184027504366308,-0.3633098472069251,0.3491525199906471,0.1268505486897149,0.1721446294402299,-0.1415564934968277,0.5546218487394958,18.605732484076434,0.8829617834394903,0.06,,-0.1309920548922075,-0.1934987189512513,-0.223355333441643,-0.3619248352781551,0.0361899662373697,-0.1585696981879457,0.0304084565204898,-0.0579081874911591,0.010979536342687,0.7816203109175117,0.3491525199906471,-0.3633098472069251,35.0,44.0,-9.0,40.0,40.0,0.0
2026-06-11T11:59:14,rescore,multifactor_mvr,full,next_close,5.0,2.0,"{""n_long"": 30, ""source"": ""run_v5"", ""tc_bps"": 5.0, ""leverage_cap"": 2.0}",0.0098480263483337,0.0078407609871125,0.6809185625261076,0.7537833844092892,-0.4180966182158571,0.2672701353333945,0.1117447397329867,0.1799097659784866,-0.1869104251800905,0.5966386554621849,18.80636942675162,0.8909235668789807,0.12,,-0.0897324412012823,-0.139119943789841,-0.269053034436426,-0.4140817661385692,-0.0837379864503505,-0.1860329921385002,-0.0039193812167155,-0.0661203737115873,0.010979536342687,0.7816203109175117,0.3491525199906471,-0.3633098472069251,35.0,44.0,-9.0,40.0,40.0,0.0
2026-06-11T11:59:14,rescore,multifactor_mvr,full,next_open,5.0,2.0,"{""n_long"": 30, ""source"": ""run_v5"", ""tc_bps"": 5.0, ""leverage_cap"": 2.0}",0.0100197278897763,0.0083262893996789,0.6910899972488017,0.7669393584805353,-0.4211597723637523,0.2704766981440574,0.1139139046200505,0.1801476908094193,-0.1883695715925596,0.5966386554621849,18.80636942675162,0.8909235668789807,0.17,,-0.0898051928344101,-0.1369858537894631,-0.2691180339970144,-0.415133237606677,-0.0765326026441723,-0.177076408252982,0.0097742470461386,-0.0566769709602597,0.010979536342687,0.7816203109175117,0.3491525199906471,-0.3633098472069251,35.0,44.0,-9.0,40.0,40.0,0.0
2026-06-11T11:58:53,rescore,regime_gated_momentum,dev,next_open,5.0,1.0,"{""source"": ""run_ensembles"", ""tc_bps"": 5.0, ""leverage_cap"": 1.0}",0.0185252732657513,0.0094098417916022,0.8216157775645676,0.9292924598871474,-0.4262382168093906,0.5016548589911297,0.2138244725501454,0.2860883107733819,-0.1711745084756216,0.575,5.654863712640457,0.7164411228029676,0.14,,-0.2008419238395136,-0.2418370549331469,-0.3245019955295994,-0.4262382168093906,0.0170368577069996,-0.150769101254616,,,0.024700436638737,0.977769689891114,0.7071937713689329,-0.4121572369889669,16.0,25.0,-9.0,14.0,19.0,-5.0
2026-06-11T11:58:53,rescore,regime_gated_momentum,full,legacy_period,5.0,1.0,"{""source"": ""run_ensembles"", ""tc_bps"": 5.0, ""leverage_cap"": 1.0}",0.024700436638737,0.0097635679307617,0.977769689891114,1.1941575395483863,-0.4121572369889669,0.7071937713689329,0.2914750308232265,0.3122815409602899,-0.149410763192047,0.5966386554621849,6.215352952225194,0.785681707824871,0.07,,-0.2465305720774445,-0.3187956036440317,-0.2294267222740701,-0.4121572369889669,0.1005840766131365,-0.1279021922737929,0.0768782255301192,-0.1644412353422211,0.024700436638737,0.977769689891114,0.7071937713689329,-0.4121572369889669,16.0,25.0,-9.0,14.0,19.0,-5.0
2026-06-11T11:58:53,rescore,regime_gated_momentum,full,next_close,5.0,1.0,"{""source"": ""run_ensembles"", ""tc_bps"": 5.0, ""leverage_cap"": 1.0}",0.022977696004261,0.0150919603083878,0.9354507558853508,1.1096831354655032,-0.4255774683046396,0.6331307441292824,0.2694461791923725,0.3061501386070682,-0.1702200266326885,0.5714285714285714,6.27554403502774,0.7936434912643614,0.15,,-0.2028295169147137,-0.2437226886574883,-0.3214690470613579,-0.4255774683046396,0.0163154683906516,-0.1507691012546163,0.1079692551436095,-0.1462904401754018,0.024700436638737,0.977769689891114,0.7071937713689329,-0.4121572369889669,16.0,25.0,-9.0,14.0,19.0,-5.0
2026-06-11T11:58:53,rescore,regime_gated_momentum,full,next_open,5.0,1.0,"{""source"": ""run_ensembles"", ""tc_bps"": 5.0, ""leverage_cap"": 1.0}",0.0227743471807699,0.0150919603083878,0.928998783942726,1.1041705246425342,-0.4262382168093906,0.626375308158021,0.2669850944027074,0.3061940286266007,-0.1711745084756216,0.5798319327731093,6.27554403502774,0.7936434912643614,0.17,,-0.2008419238395136,-0.2418370549331469,-0.3245019955295994,-0.4262382168093906,0.0170368577069996,-0.150769101254616,0.1180992434192742,-0.1442398287304321,0.024700436638737,0.977769689891114,0.7071937713689329,-0.4121572369889669,16.0,25.0,-9.0,14.0,19.0,-5.0
2026-06-11T11:58:55,rescore,regime_voltarget_momentum,dev,next_open,5.0,1.0,"{""source"": ""run_ensembles"", ""tc_bps"": 5.0, ""leverage_cap"": 1.0}",0.0114816018640177,0.0057505521780317,0.744414821784133,0.8304541243863073,-0.3192296779100447,0.4137939360841284,0.1320953049372659,0.1914604041538995,-0.1474837387165539,0.575,4.420737331492784,0.5147672536457166,0.14,,-0.160518341667777,-0.1844624404604814,-0.2466886737440815,-0.3192296779100447,-0.0047819281454882,-0.0961074192395725,,,0.013410383260587,0.7805295593348621,0.3842386252099034,-0.4044433280684878,32.0,28.0,4.0,33.0,35.0,-2.0
2026-06-11T11:58:54,rescore,regime_voltarget_momentum,full,legacy_period,5.0,1.0,"{""source"": ""run_ensembles"", ""tc_bps"": 5.0, ""leverage_cap"": 1.0}",0.013410383260587,0.0061878109737063,0.7805295593348621,0.8867734467899402,-0.4044433280684878,0.3842386252099034,0.1554027483523536,0.215418580911242,-0.1348986844019197,0.6050420168067226,4.797982174842795,0.5426168550110391,0.07,,-0.189586530708944,-0.2363643494084303,-0.2459818897457988,-0.4044433280684878,0.062031040856822,-0.0932842853395996,0.0488538531393805,-0.064963789699186,0.013410383260587,0.7805295593348621,0.3842386252099034,-0.4044433280684878,32.0,28.0,4.0,33.0,35.0,-2.0
2026-06-11T11:58:54,rescore,regime_voltarget_momentum,full,next_close,5.0,1.0,"{""source"": ""run_ensembles"", ""tc_bps"": 5.0, ""leverage_cap"": 1.0}",0.014551359726035,0.012769847494598,0.9082733360842388,1.0830114590171456,-0.3124043229639839,0.5492690444728189,0.1715940239636053,0.1960204962927606,-0.1546096413351518,0.5798319327731093,4.822983243605236,0.5456893480758912,0.14,,-0.1674315552877415,-0.1880817223050258,-0.2379130288859222,-0.3124043229639839,-0.0048752152101948,-0.0997051585332972,0.0521224441325258,-0.0612730261285676,0.013410383260587,0.7805295593348621,0.3842386252099034,-0.4044433280684878,32.0,28.0,4.0,33.0,35.0,-2.0
2026-06-11T11:58:54,rescore,regime_voltarget_momentum,full,next_open,5.0,1.0,"{""source"": ""run_ensembles"", ""tc_bps"": 5.0, ""leverage_cap"": 1.0}",0.0143300854809583,0.0140825680272831,0.8947151225638594,1.0688287221835393,-0.3192296779100447,0.5282545862416622,0.1686345414204297,0.1961940248104179,-0.1474837387165539,0.5798319327731093,4.822983243605236,0.5456893480758912,0.17,,-0.160518341667777,-0.1844624404604814,-0.2466886737440815,-0.3192296779100447,-0.0047819281454882,-0.0961074192395725,0.0557753824469859,-0.0612730261285676,0.013410383260587,0.7805295593348621,0.3842386252099034,-0.4044433280684878,32.0,28.0,4.0,33.0,35.0,-2.0
2026-06-11T11:59:15,rescore,risk_parity_etf,dev,next_open,5.0,2.0,"{""target_vol"": 0.12, ""source"": ""run_v5"", ""tc_bps"": 5.0, ""leverage_cap"": 2.0}",0.0032524460569973,0.0059083962561398,0.4468959888515737,0.5090453383310859,-0.2019809378396621,0.1775795200965323,0.0358676780102147,0.0874312995432576,-0.0640349468294639,0.625,1.2045457203713823,0.9389897567075524,0.16,,-0.0336428132922865,-0.0553540973114926,-0.1046920923266981,-0.1836543004663994,-0.1423265051329052,-0.1955212282395748,,,0.0051311144607916,0.6842626202963185,0.2900479455219079,-0.2036465235854452,39.0,39.0,0.0,47.0,47.0,0.0
2026-06-11T11:59:15,rescore,risk_parity_etf,full,legacy_period,5.0,2.0,"{""target_vol"": 0.12, ""source"": ""run_v5"", ""tc_bps"": 5.0, ""leverage_cap"": 2.0}",0.0051311144607916,0.0064745562006671,0.6842626202963185,0.8187306421597864,-0.2036465235854452,0.2900479455219079,0.0590672557786371,0.0899766583088153,-0.0808288026697253,0.6386554621848739,1.090262242546449,0.9507251497450424,0.09,,-0.0398093729831825,-0.062594420011164,-0.1227535618957879,-0.2036465235854452,-0.1403518162617856,-0.1933912078339202,-0.0111854067893509,-0.0431360221946425,0.0051311144607916,0.6842626202963185,0.2900479455219079,-0.2036465235854452,39.0,39.0,0.0,47.0,47.0,0.0
2026-06-11T11:59:15,rescore,risk_parity_etf,full,next_close,5.0,2.0,"{""target_vol"": 0.12, ""source"": ""run_v5"", ""tc_bps"": 5.0, ""leverage_cap"": 2.0}",0.0054426108695446,0.0068847375126972,0.7613172996291296,0.9271094003484632,-0.2018983562558444,0.3131079613408903,0.0632159827253442,0.0854994189190583,-0.0613174998251031,0.6470588235294118,1.0957970356594546,0.9586869331845328,0.14,,-0.0346354417313256,-0.0561820893398713,-0.101323430872206,-0.1812841519568946,-0.141733763970023,-0.19503535953822,-0.0141557827551098,-0.0434759090107649,0.0051311144607916,0.6842626202963185,0.2900479455219079,-0.2036465235854452,39.0,39.0,0.0,47.0,47.0,0.0
2026-06-11T11:59:15,rescore,risk_parity_etf,full,next_open,5.0,2.0,"{""target_vol"": 0.12, ""source"": ""run_v5"", ""tc_bps"": 5.0, ""leverage_cap"": 2.0}",0.0054238312336233,0.0069886008851867,0.7589582718683209,0.923484814128584,-0.2019809378396621,0.3117750979694576,0.0629726266829235,0.0854584236264429,-0.0640349468294639,0.6470588235294118,1.0957970356594546,0.9586869331845328,0.18,,-0.0336428132922865,-0.0553540973114926,-0.1046920923266981,-0.1836543004663994,-0.1423265051329052,-0.1955212282395748,-0.013746476610452,-0.0432332245999045,0.0051311144607916,0.6842626202963185,0.2900479455219079,-0.2036465235854452,39.0,39.0,0.0,47.0,47.0,0.0
2026-06-11T11:59:17,rescore,sector_momentum_rotation,dev,next_open,5.0,2.0,"{""n_sectors"": 3, ""source"": ""run_v5"", ""tc_bps"": 5.0, ""leverage_cap"": 2.0}",0.011990744399496,0.0128078165273585,0.7454203689266587,0.8932446020903234,-0.3137900649662255,0.4295967688692595,0.1348031980127655,0.1953275261789157,-0.0989539581148223,0.6,7.2592592592592595,0.9129923574368018,0.15,,-0.1192722504496025,-0.1585953951027734,-0.1685630111116405,-0.3137900649662255,0.1231435726554981,-0.1433424108321955,,,0.0105585336160433,0.7127535238558712,0.3695542731510385,-0.3298235211517658,33.0,36.0,-3.0,41.0,41.0,0.0
2026-06-11T11:59:17,rescore,sector_momentum_rotation,full,legacy_period,5.0,2.0,"{""n_sectors"": 3, ""source"": ""run_v5"", ""tc_bps"": 5.0, ""leverage_cap"": 2.0}",0.0105585336160433,0.0129967571180529,0.7127535238558712,0.8678872222559018,-0.3298235211517658,0.3695542731510385,0.121887691627357,0.1860626688899843,-0.0837317644236751,0.6134453781512605,7.323248407643312,0.9247611464968152,0.1,,-0.1129561634085486,-0.1525613116712161,-0.1912321346061321,-0.3298235211517658,-0.0087818013666201,-0.1668796291518759,-0.0194039040483514,-0.0587039362203613,0.0105585336160433,0.7127535238558712,0.3695542731510385,-0.3298235211517658,33.0,36.0,-3.0,41.0,41.0,0.0
2026-06-11T11:59:17,rescore,sector_momentum_rotation,full,next_close,5.0,2.0,"{""n_sectors"": 3, ""source"": ""run_v5"", ""tc_bps"": 5.0, ""leverage_cap"": 2.0}",0.0096438090551,0.0124836734348778,0.6511472939305666,0.7946614743708066,-0.3137900649662254,0.3394518309209218,0.1065166120775802,0.1810185548323764,-0.1110251035607609,0.5882352941176471,7.457006369426751,0.9327229299363056,0.14,,-0.1313251401424071,-0.1701101417370436,-0.1666008823512075,-0.3137900649662254,0.1290199882513678,-0.1380263632487641,-0.009972297160911,-0.0493063690879701,0.0105585336160433,0.7127535238558712,0.3695542731510385,-0.3298235211517658,33.0,36.0,-3.0,41.0,41.0,0.0
2026-06-11T11:59:17,rescore,sector_momentum_rotation,full,next_open,5.0,2.0,"{""n_sectors"": 3, ""source"": ""run_v5"", ""tc_bps"": 5.0, ""leverage_cap"": 2.0}",0.0099023616725336,0.0121949226971922,0.6696977625418626,0.8145900895688942,-0.3137900649662255,0.3510192472205357,0.1101463523897274,0.1808692342819027,-0.11916681440413,0.6050420168067226,7.457006369426751,0.9327229299363056,0.19,,-0.1192722504496025,-0.1585953951027734,-0.1685630111116405,-0.3137900649662255,0.1231435726554981,-0.1433424108321955,-0.006922707209786,-0.0493063690879695,0.0105585336160433,0.7127535238558712,0.3695542731510385,-0.3298235211517658,33.0,36.0,-3.0,41.0,41.0,0.0
2026-06-11T11:58:51,rescore,sector_rotation,dev,next_open,5.0,1.0,"{""source"": ""run_all"", ""tc_bps"": 5.0, ""leverage_cap"": 1.0}",0.0090448218708912,0.0149728745774647,0.5969306193422524,0.6927031596984053,-0.3361782264849149,0.2933624071968633,0.0986220537687869,0.1870346885780105,-0.1108213946215869,0.6625,8.074074074074074,0.9500293944738388,0.15,,-0.1261870194617317,-0.1638444441652267,-0.2082449826526239,-0.3361782264849149,-0.0896204295037954,-0.2129058317470383,,,0.0101986691296713,0.7317642147342674,0.3677537540010805,-0.3215169966868458,34.0,41.0,-7.0,42.0,42.0,0.0
2026-06-11T11:58:51,rescore,sector_rotation,full,legacy_period,5.0,1.0,"{""source"": ""run_all"", ""tc_bps"": 5.0, ""leverage_cap"": 1.0}",0.0101986691296713,0.0141827903543576,0.7317642147342674,0.8816273816557948,-0.3215169966868458,0.3677537540010805,0.1182390825067405,0.1737805671545831,-0.0956724379333689,0.6218487394957983,8.426751592356688,0.9582006369426752,0.08,,-0.0583518122734795,-0.1227703401594009,-0.1939349845414774,-0.3215169966868458,-0.0486602293299248,-0.1701581597141848,0.0241245522993811,-0.0602742714840276,0.0101986691296713,0.7317642147342674,0.3677537540010805,-0.3215169966868458,34.0,41.0,-7.0,42.0,42.0,0.0
2026-06-11T11:58:51,rescore,sector_rotation,full,next_close,5.0,1.0,"{""source"": ""run_all"", ""tc_bps"": 5.0, ""leverage_cap"": 1.0}",0.0087513702862473,0.0137767168852305,0.6230509018788948,0.7541167516830807,-0.335319176381773,0.2888907434712303,0.096870606165091,0.1727888695671365,-0.1119166890736829,0.6470588235294118,8.426751592356688,0.9661624203821656,0.14,,-0.1370496157082931,-0.1742389111789317,-0.2064325325432889,-0.335319176381773,-0.0847751186949575,-0.209247972643074,0.0348486020175109,-0.0659449377898805,0.0101986691296713,0.7317642147342674,0.3677537540010805,-0.3215169966868458,34.0,41.0,-7.0,42.0,42.0,0.0
2026-06-11T11:58:51,rescore,sector_rotation,full,next_open,5.0,1.0,"{""source"": ""run_all"", ""tc_bps"": 5.0, ""leverage_cap"": 1.0}",0.0089577806212098,0.01377671688523,0.6390867132067467,0.7724577405055089,-0.3361782264849149,0.2972504754484331,0.099929137658052,0.1728346079294343,-0.1108213946215869,0.6386554621848739,8.426751592356688,0.9661624203821656,0.19,,-0.1261870194617317,-0.1638444441652267,-0.2082449826526239,-0.3361782264849149,-0.0896204295037954,-0.2129058317470383,0.037529897010875,-0.0659449377898808,0.0101986691296713,0.7317642147342674,0.3677537540010805,-0.3215169966868458,34.0,41.0,-7.0,42.0,42.0,0.0
2026-06-11T11:58:50,rescore,trend_following,dev,next_open,5.0,1.0,"{""n_long"": 30, ""source"": ""run_all"", ""tc_bps"": 5.0, ""leverage_cap"": 1.0}",0.0127523949739989,0.0106274206928506,0.6666076611136721,0.7893746764009912,-0.3808942809923318,0.3587644589754674,0.1366513306470635,0.233195036592918,-0.1886127790204524,0.6,15.48716557900388,0.8759553203997649,0.13,,-0.1968726004496412,-0.239623828705085,-0.2373052708574009,-0.3255185734926916,-0.0850864662697684,-0.3142218980846781,,,0.0121110275491344,0.5790260955786561,0.2857353596277614,-0.4349050271324961,41.0,48.0,-7.0,37.0,43.0,-6.0
2026-06-11T11:58:50,rescore,trend_following,full,legacy_period,5.0,1.0,"{""n_long"": 30, ""source"": ""run_all"", ""tc_bps"": 5.0, ""leverage_cap"": 1.0}",0.0121110275491344,0.0072981571958645,0.5790260955786561,0.6748410891752793,-0.4349050271324961,0.2857353596277614,0.1242677443316251,0.2631308429887119,-0.1768094459559642,0.5294117647058824,16.472798029413052,0.9080414012738852,0.07,,-0.2380136540874411,-0.272855319627109,-0.3118546167534447,-0.4335968683330377,-0.0533886288498139,-0.2449246760326333,0.0993266184072905,-0.1088235561520631,0.0121110275491344,0.5790260955786561,0.2857353596277614,-0.4349050271324961,41.0,48.0,-7.0,37.0,43.0,-6.0
2026-06-11T11:58:50,rescore,trend_following,full,next_close,5.0,1.0,"{""n_long"": 30, ""source"": ""run_all"", ""tc_bps"": 5.0, ""leverage_cap"": 1.0}",0.008332528155328,0.0128035070740659,0.4078379884174931,0.4516597133512192,-0.5834437460792361,0.1245167959064181,0.0726485458534242,0.2514829500128575,-0.3290348959409453,0.5882352941176471,16.646683379731535,0.9160031847133758,0.13,,-0.2117214556391712,-0.2536822653409768,-0.2324648348337894,-0.3226598243928201,-0.0944444008007352,-0.308687360599481,0.0978388733857789,-0.1143631331660844,0.0121110275491344,0.5790260955786561,0.2857353596277614,-0.4349050271324961,41.0,48.0,-7.0,37.0,43.0,-6.0
2026-06-11T11:58:50,rescore,trend_following,full,next_open,5.0,1.0,"{""n_long"": 30, ""source"": ""run_all"", ""tc_bps"": 5.0, ""leverage_cap"": 1.0}",0.0082937295199401,0.0108452648499,0.4016013400331713,0.4400144576903383,-0.5763055748711865,0.1234924151376061,0.0711693672981093,0.2535798562544396,-0.3431902869691861,0.5798319327731093,16.646683379731535,0.9160031847133758,0.18,,-0.1968726004496412,-0.239623828705085,-0.2373052708574009,-0.3255185734926916,-0.0850864662697684,-0.3142218980846781,0.0809802904138201,-0.1143631331660844,0.0121110275491344,0.5790260955786561,0.2857353596277614,-0.4349050271324961,41.0,48.0,-7.0,37.0,43.0,-6.0
2026-06-11T11:59:02,rescore,ts_momentum_multiasset,dev,next_open,5.0,1.5,"{""source"": ""run_v3"", ""tc_bps"": 5.0, ""leverage_cap"": 1.5}",0.0021821192305432,0.0030379457137773,0.3734989049174544,0.3691530442379837,-0.1207775338475312,0.2025064633356503,0.0244582312298653,0.0715717922182671,-0.045091354353032,0.5875,3.162217847442807,0.8142269253380364,0.17,,-0.0593920792641649,-0.0733215408224957,-0.0766519666896,-0.1207775338475312,-0.0559514159060167,-0.1172105012627713,,,0.0032609428961625,0.527647144887978,0.234780954001873,-0.1600783229826641,46.0,40.0,6.0,48.0,48.0,0.0
2026-06-11T11:59:01,rescore,ts_momentum_multiasset,full,legacy_period,5.0,1.5,"{""source"": ""run_v3"", ""tc_bps"": 5.0, ""leverage_cap"": 1.5}",0.0032609428961625,0.0045416522693988,0.527647144887978,0.5603198961880598,-0.1600783229826641,0.234780954001873,0.0375833413848898,0.0754806926399522,-0.0443030276854304,0.5714285714285714,3.3270777079458353,0.8662420382165605,0.12,,-0.0590615894517532,-0.0752798168919036,-0.0956501851793699,-0.1600783229826641,-0.0534064095010144,-0.1128644973930074,-0.0085042427301751,-0.0343391473791964,0.0032609428961625,0.527647144887978,0.234780954001873,-0.1600783229826641,46.0,40.0,6.0,48.0,48.0,0.0
2026-06-11T11:59:01,rescore,ts_momentum_multiasset,full,next_close,5.0,1.5,"{""source"": ""run_v3"", ""tc_bps"": 5.0, ""leverage_cap"": 1.5}",0.0031898215524599,0.0040854836336401,0.5654494654629788,0.6010878471350733,-0.1209965384002171,0.3040529052473584,0.0367893490254596,0.0681458553975536,-0.0484376528525828,0.6050420168067226,3.342207882885421,0.8742038216560509,0.17,,-0.0621462473091536,-0.0760349223962436,-0.0731435895192577,-0.1186982839629441,-0.0571663825288446,-0.1152262733480489,-0.0008878479592476,-0.0302919833516338,0.0032609428961625,0.527647144887978,0.234780954001873,-0.1600783229826641,46.0,40.0,6.0,48.0,48.0,0.0
2026-06-11T11:59:02,rescore,ts_momentum_multiasset,full,next_open,5.0,1.5,"{""source"": ""run_v3"", ""tc_bps"": 5.0, ""leverage_cap"": 1.5}",0.0032219962123668,0.0041860765745944,0.5712692870301055,0.6071781785716023,-0.1207775338475312,0.3079673379623169,0.0371955355846778,0.0681378833041981,-0.045091354353032,0.6134453781512605,3.342207882885421,0.8742038216560509,0.3,,-0.0593920792641649,-0.0733215408224957,-0.0766519666896,-0.1207775338475312,-0.0559514159060167,-0.1172105012627713,-0.0003313238363191,-0.0300177688435794,0.0032609428961625,0.527647144887978,0.234780954001873,-0.1600783229826641,46.0,40.0,6.0,48.0,48.0,0.0
2026-06-11T11:59:16,rescore,vix_gated_trend,dev,next_open,5.0,2.0,"{""n_long"": 30, ""source"": ""run_v5"", ""tc_bps"": 5.0, ""leverage_cap"": 2.0}",0.0068264830240538,0.0089533314084335,0.4188901717165693,0.4765205763426759,-0.3878248194292054,0.1674542052556214,0.0649428969159224,0.1965305362721066,-0.2030659518693686,0.5625,13.758024691358036,0.7648442092886537,0.14,,-0.1968726004496412,-0.239623828705085,-0.112644222949846,-0.134996435922645,-0.2895697533128951,-0.3254169895181267,,,0.0125735288577195,0.6428855043521345,0.3117573345344394,-0.4349050271324961,38.0,47.0,-9.0,36.0,45.0,-9.0
2026-06-11T11:59:15,rescore,vix_gated_trend,full,legacy_period,5.0,2.0,"{""n_long"": 30, ""source"": ""run_v5"", ""tc_bps"": 5.0, ""leverage_cap"": 2.0}",0.0125735288577195,0.0016590678090582,0.6428855043521345,0.715416351623191,-0.4349050271324961,0.3117573345344394,0.135584832034455,0.2455648458853055,-0.1768094459559642,0.5126050420168067,15.10127388535032,0.8244426751592356,0.07,,-0.2380136540874411,-0.272855319627109,-0.3486735811585142,-0.4335968683330377,0.2412151780196219,-0.1071771401921271,0.0993266184072902,-0.1088235561520631,0.0125735288577195,0.6428855043521345,0.3117573345344394,-0.4349050271324961,38.0,47.0,-9.0,36.0,45.0,-9.0
2026-06-11T11:59:15,rescore,vix_gated_trend,full,next_close,5.0,2.0,"{""n_long"": 30, ""source"": ""run_v5"", ""tc_bps"": 5.0, ""leverage_cap"": 2.0}",0.0068737591748516,0.0102622115686732,0.4071068928175202,0.4750960593925353,-0.4949557166675981,0.1312926155748307,0.0649840306350038,0.2087981234970861,-0.2030331921156403,0.5630252100840336,15.2751592356688,0.8324044585987261,0.13,,-0.2117214556391712,-0.2536822653409768,-0.0912393405394282,-0.1349964359226452,-0.3080319306156676,-0.3364385215520141,0.0978388733857789,-0.1143631331660846,0.0125735288577195,0.6428855043521345,0.3117573345344394,-0.4349050271324961,38.0,47.0,-9.0,36.0,45.0,-9.0
2026-06-11T11:59:16,rescore,vix_gated_trend,full,next_open,5.0,2.0,"{""n_long"": 30, ""source"": ""run_v5"", ""tc_bps"": 5.0, ""leverage_cap"": 2.0}",0.0071784330888833,0.0108452648499,0.422854042700774,0.4951049352905456,-0.4635598634841776,0.148231976160711,0.068714394633049,0.2098141285721056,-0.2030659518693686,0.5630252100840336,15.2751592356688,0.8324044585987261,0.17,,-0.1968726004496412,-0.239623828705085,-0.112644222949846,-0.134996435922645,-0.2895697533128951,-0.3254169895181267,0.0809802904138203,-0.1143631331660846,0.0125735288577195,0.6428855043521345,0.3117573345344394,-0.4349050271324961,38.0,47.0,-9.0,36.0,45.0,-9.0
2026-06-11T11:58:54,rescore,voltarget_momentum,dev,next_open,5.0,1.0,"{""source"": ""run_ensembles"", ""tc_bps"": 5.0, ""leverage_cap"": 1.0}",0.0141659523692164,0.0080362337700847,0.8210032538788693,0.9421887270460628,-0.3426790520509211,0.4790880026449039,0.1641734225953248,0.2130026931408956,-0.1632340817506963,0.5875,4.606747744892585,0.5769075022401032,0.16,,-0.2021216408815137,-0.2425785066088814,-0.2567465926334404,-0.3426790520509211,0.0729424167532863,-0.1442152006062074,,,0.0156655542596372,0.8328015199576456,0.4405749145489765,-0.4121572369889668,29.0,26.0,3.0,31.0,31.0,0.0
2026-06-11T11:58:53,rescore,voltarget_momentum,full,legacy_period,5.0,1.0,"{""source"": ""run_ensembles"", ""tc_bps"": 5.0, ""leverage_cap"": 1.0}",0.0156655542596372,0.0090600068103856,0.8328015199576456,0.9721974819160676,-0.4121572369889668,0.4405749145489765,0.1815861394671563,0.2338894140953945,-0.1493359928667347,0.6134453781512605,4.930229458880979,0.6028605246547689,0.06,,-0.2098045194005292,-0.2602246281768463,-0.2474138835056216,-0.4121572369889668,0.0002453371901853,-0.1805364094821304,0.0538834580049409,-0.0720838589066622,0.0156655542596372,0.8328015199576456,0.4405749145489765,-0.4121572369889668,29.0,26.0,3.0,31.0,31.0,0.0
2026-06-11T11:58:53,rescore,voltarget_momentum,full,next_close,5.0,1.0,"{""source"": ""run_ensembles"", ""tc_bps"": 5.0, ""leverage_cap"": 1.0}",0.0179530612705552,0.0175624631368302,1.010730105869201,1.2381408491900243,-0.3367297544265483,0.6386815917990692,0.2150630955632575,0.2164963676924108,-0.1709798403993688,0.6050420168067226,4.958008424172583,0.6062744058379378,0.14,,-0.2093664600232108,-0.2494559731687158,-0.24793894292241,-0.3367297544265483,0.0815349365673967,-0.1440190027587029,0.0574981191645387,-0.0679682743234969,0.0156655542596372,0.8328015199576456,0.4405749145489765,-0.4121572369889668,29.0,26.0,3.0,31.0,31.0,0.0
2026-06-11T11:58:54,rescore,voltarget_momentum,full,next_open,5.0,1.0,"{""source"": ""run_ensembles"", ""tc_bps"": 5.0, ""leverage_cap"": 1.0}",0.0176662101903731,0.0183366026172393,0.9958139900892686,1.2212456577347874,-0.3426790520509211,0.616499820255433,0.211261573994695,0.2166065026706658,-0.1632340817506963,0.6050420168067226,4.958008424172583,0.6062744058379378,0.28,,-0.2021216408815137,-0.2425785066088814,-0.2567465926334404,-0.3426790520509211,0.0729424167532863,-0.1442152006062074,0.0615858565911908,-0.0679682743234967,0.0156655542596372,0.8328015199576456,0.4405749145489765,-0.4121572369889668,29.0,26.0,3.0,31.0,31.0,0.0
2026-06-11T11:58:48,rescore,xs_momentum_12_1,dev,next_open,5.0,1.0,"{""n_long"": 50, ""source"": ""run_all"", ""tc_bps"": 5.0, ""leverage_cap"": 1.0}",0.0227730331993707,0.0137730094122255,0.9339221666247188,1.0954386183769331,-0.4322196066533856,0.612202012100041,0.2646057128622909,0.3000095936419967,-0.1866642715229878,0.5875,5.428148148148149,0.8389182833627279,0.14,,-0.2331672071382691,-0.3008791285886291,-0.3029891696943689,-0.4322196066533856,0.0387634346868628,-0.2586425434407338,,,0.0262407011504999,1.0560327085047994,0.786177322774255,-0.4015028816595419,6.0,19.0,-13.0,9.0,13.0,-4.0
2026-06-11T11:58:48,rescore,xs_momentum_12_1,full,legacy_period,5.0,1.0,"{""n_long"": 50, ""source"": ""run_all"", ""tc_bps"": 5.0, ""leverage_cap"": 1.0}",0.0262407011504999,0.0182991236175591,1.0560327085047994,1.3035175272327,-0.4015028816595419,0.786177322774255,0.3156524605892472,0.3045502652461143,-0.1873648297368931,0.5966386554621849,5.878662420382162,0.8829617834394906,0.07,,-0.2106171254629202,-0.2834858498482205,-0.2424939938353838,-0.4015028816595419,0.0694208455824785,-0.2700085013498997,0.0688729874779345,-0.1482768396966994,0.0262407011504999,1.0560327085047994,0.786177322774255,-0.4015028816595419,6.0,19.0,-13.0,9.0,13.0,-4.0
2026-06-11T11:58:48,rescore,xs_momentum_12_1,full,next_close,5.0,1.0,"{""n_long"": 50, ""source"": ""run_all"", ""tc_bps"": 5.0, ""leverage_cap"": 1.0}",0.0257124171484964,0.0184283525075155,1.0400339108335843,1.2655236639719472,-0.4314895776115591,0.715976594724047,0.3089364384372415,0.3043523873875019,-0.1856185173731422,0.6050420168067226,5.926815286624206,0.8909235668789811,0.13,,-0.2356362036960836,-0.3031301108641381,-0.3009903055564827,-0.4314895776115591,0.0491528719700113,-0.2592195213347595,0.0856834210635646,-0.1511815030418836,0.0262407011504999,1.0560327085047994,0.786177322774255,-0.4015028816595419,6.0,19.0,-13.0,9.0,13.0,-4.0
2026-06-11T11:58:48,rescore,xs_momentum_12_1,full,next_open,5.0,1.0,"{""n_long"": 50, ""source"": ""run_all"", ""tc_bps"": 5.0, ""leverage_cap"": 1.0}",0.0255004100393061,0.0187048629781443,1.031861078805382,1.257371297470399,-0.4322196066533856,0.7078669760673282,0.3059539859587421,0.3046143563189127,-0.1866642715229878,0.6050420168067226,5.926815286624206,0.8909235668789811,0.19,,-0.2331672071382691,-0.3008791285886291,-0.3029891696943689,-0.4322196066533856,0.0387634346868628,-0.2586425434407338,0.0886191623190262,-0.149213406266775,0.0262407011504999,1.0560327085047994,0.786177322774255,-0.4015028816595419,6.0,19.0,-13.0,9.0,13.0,-4.0
2026-06-11T11:58:59,rescore,xs_momentum_concentrated,dev,next_open,5.0,1.0,"{""n_long"": 15, ""source"": ""run_v2"", ""tc_bps"": 5.0, ""leverage_cap"": 1.0}",0.0142554955326899,0.0072073023296614,0.6671014197053188,0.750161253776999,-0.3851213393009749,0.3972620802552613,0.1529941044013976,0.2677325999508076,-0.1791994454616381,0.525,14.982716049382717,0.8348030570252791,0.15,,-0.2432173534179716,-0.2999259397546293,-0.2806827339354033,-0.3851213393009749,0.1093566100640515,-0.2298955043109557,,,0.0168196909775408,0.8185247795758811,0.4843589661061454,-0.3988346870896118,27.0,33.0,-6.0,28.0,33.0,-5.0
2026-06-11T11:58:58,rescore,xs_momentum_concentrated,full,legacy_period,5.0,1.0,"{""n_long"": 15, ""source"": ""run_v2"", ""tc_bps"": 5.0, ""leverage_cap"": 1.0}",0.0168196909775408,0.0145732724953733,0.8185247795758811,0.9923703254996292,-0.3988346870896118,0.4843589661061454,0.1931791566859924,0.256806652272894,-0.1505677961791822,0.6050420168067226,16.32515923566879,0.8845541401273883,0.07,,-0.2231506990752491,-0.288898999729909,-0.2884865381553775,-0.3928452200660878,0.0442387139835207,-0.21474969243203,0.0666458944590937,-0.1123224445026198,0.0168196909775408,0.8185247795758811,0.4843589661061454,-0.3988346870896118,27.0,33.0,-6.0,28.0,33.0,-5.0
2026-06-11T11:58:59,rescore,xs_momentum_concentrated,full,next_close,5.0,1.0,"{""n_long"": 15, ""source"": ""run_v2"", ""tc_bps"": 5.0, ""leverage_cap"": 1.0}",0.0164648625525539,0.004603095069239,0.7887170219085289,0.9431267985742848,-0.38790510893198,0.4793206861741579,0.1859309429837381,0.2598727887763634,-0.1823227740281664,0.5462184873949579,16.378662420382167,0.8881369426751591,0.14,,-0.2415128637773103,-0.2982519862349552,-0.2917543552903701,-0.38790510893198,0.1045213947916612,-0.2312154137404148,0.0274771894047898,-0.104451409508499,0.0168196909775408,0.8185247795758811,0.4843589661061454,-0.3988346870896118,27.0,33.0,-6.0,28.0,33.0,-5.0
2026-06-11T11:58:59,rescore,xs_momentum_concentrated,full,next_open,5.0,1.0,"{""n_long"": 15, ""source"": ""run_v2"", ""tc_bps"": 5.0, ""leverage_cap"": 1.0}",0.0159885899551348,0.0043724077162266,0.7664351972238518,0.9148255995465336,-0.3851213393009749,0.4655388133574588,0.1792889312968111,0.2601902055804456,-0.1791994454616381,0.5462184873949579,16.378662420382167,0.8881369426751591,0.19,,-0.2432173534179716,-0.2999259397546293,-0.2806827339354033,-0.3851213393009749,0.1093566100640515,-0.2298955043109557,0.0185520539719012,-0.1086962038611812,0.0168196909775408,0.8185247795758811,0.4843589661061454,-0.3988346870896118,27.0,33.0,-6.0,28.0,33.0,-5.0
2026-06-11T11:59:02,rescore,xs_momentum_fast,dev,next_open,5.0,1.5,"{""n_long"": 20, ""source"": ""run_v3"", ""tc_bps"": 5.0, ""leverage_cap"": 1.5}",0.0179980745550437,0.0078030414379324,0.709983332163513,0.9143414022656396,-0.4049980125657222,0.4498645017458529,0.1821942291309393,0.2992960961571443,-0.2046062533966953,0.55,29.73333333333333,0.9465020576131687,0.15,,-0.2352590221007959,-0.2508294404673186,-0.3398749641886002,-0.3830090686400005,-0.2889182192188446,-0.3427904957777123,,,0.0227585578807881,0.8449728167371999,0.5652047191687869,-0.4336440850257693,22.0,20.0,2.0,18.0,12.0,6.0
2026-06-11T11:59:02,rescore,xs_momentum_fast,full,legacy_period,5.0,1.5,"{""n_long"": 20, ""source"": ""run_v3"", ""tc_bps"": 5.0, ""leverage_cap"": 1.5}",0.0227585578807881,0.0191536541132379,0.8449728167371999,1.1380952104605486,-0.4336440850257693,0.5652047191687869,0.2450976832961955,0.3215320123297342,-0.2926659503844989,0.5882352941176471,30.175796178343948,0.9621815286624206,0.08,,-0.2065941941766741,-0.2352627958420357,-0.400569203769833,-0.4336440850257693,-0.2497724080687365,-0.3181275930878559,0.2103619763364002,-0.0988644879692254,0.0227585578807881,0.8449728167371999,0.5652047191687869,-0.4336440850257693,22.0,20.0,2.0,18.0,12.0,6.0
2026-06-11T11:59:02,rescore,xs_momentum_fast,full,next_close,5.0,1.5,"{""n_long"": 20, ""source"": ""run_v3"", ""tc_bps"": 5.0, ""leverage_cap"": 1.5}",0.0251405553841635,0.0120405142484283,0.9267143821377716,1.246132270108176,-0.425932712142099,0.6460053385899746,0.2751548059239028,0.3176430026042005,-0.2409904654408302,0.5630252100840336,30.205891719745225,0.9637738853503186,0.14,,-0.2145252607354006,-0.2307479446950947,-0.3606746326714888,-0.3818834037003851,-0.3058510344064875,-0.352855356878943,0.2067601411929449,-0.1168716446006385,0.0227585578807881,0.8449728167371999,0.5652047191687869,-0.4336440850257693,22.0,20.0,2.0,18.0,12.0,6.0
2026-06-11T11:59:02,rescore,xs_momentum_fast,full,next_open,5.0,1.5,"{""n_long"": 20, ""source"": ""run_v3"", ""tc_bps"": 5.0, ""leverage_cap"": 1.5}",0.0258714916943242,0.0118371693086869,0.9548091494723728,1.298558827625227,-0.4049980125657222,0.7072952878347079,0.2864531858701571,0.3174670363641446,-0.2046062533966953,0.5546218487394958,30.205891719745225,0.9637738853503186,0.18,,-0.2352590221007959,-0.2508294404673186,-0.3398749641886002,-0.3830090686400005,-0.2889182192188446,-0.3427904957777123,0.215366533652362,-0.1125748655554916,0.0227585578807881,0.8449728167371999,0.5652047191687869,-0.4336440850257693,22.0,20.0,2.0,18.0,12.0,6.0
2026-06-11T11:59:03,rescore,xs_momentum_fast_top10,dev,next_open,5.0,1.5,"{""n_long"": 10, ""source"": ""run_v3"", ""tc_bps"": 5.0, ""leverage_cap"": 1.5}",0.0160429914626686,0.0072258012757241,0.4979270073433317,0.6635014585564166,-0.462581719593798,0.2636912695791025,0.121978760923773,0.3673634151870898,-0.3337227891202137,0.5125,32.62222222222222,0.9465020576131686,0.14,,-0.3142732693767591,-0.3148057593607654,-0.4522594976357533,-0.4527748381311837,-0.2364057125957254,-0.2944704968371001,,,0.0287683151969209,0.8459414112515402,0.6273951429857715,-0.4668943607901344,18.0,27.0,-9.0,7.0,7.0,0.0
2026-06-11T11:59:03,rescore,xs_momentum_fast_top10,full,legacy_period,5.0,1.5,"{""n_long"": 10, ""source"": ""run_v3"", ""tc_bps"": 5.0, ""leverage_cap"": 1.5}",0.0287683151969209,0.0191555603632755,0.8459414112515402,1.2042410746159875,-0.4668943607901344,0.6273951429857715,0.2929272542471768,0.3982076395366674,-0.3406087466420481,0.5630252100840336,33.105095541401276,0.9621815286624202,0.07,,-0.2049835489117286,-0.2494795625324583,-0.4416547339565561,-0.4442317859396342,-0.2407344921232144,-0.341421933345741,0.2803726343331381,-0.101439270441405,0.0287683151969209,0.8459414112515402,0.6273951429857715,-0.4668943607901344,18.0,27.0,-9.0,7.0,7.0,0.0
2026-06-11T11:59:03,rescore,xs_momentum_fast_top10,full,next_close,5.0,1.5,"{""n_long"": 10, ""source"": ""run_v3"", ""tc_bps"": 5.0, ""leverage_cap"": 1.5}",0.0284914522244407,0.0142288129669621,0.8014340895300113,1.1203308828105651,-0.4762495586477615,0.5661032228687004,0.2696064100402939,0.3972343321721419,-0.3629717188511969,0.5294117647058824,33.205414012738856,0.9637738853503184,0.13,,-0.2894366894882848,-0.2899884659160551,-0.4632186610646379,-0.4637236906542897,-0.2732054845736497,-0.3127948253559629,0.2207141360979354,-0.1412895705501339,0.0287683151969209,0.8459414112515402,0.6273951429857715,-0.4668943607901344,18.0,27.0,-9.0,7.0,7.0,0.0
2026-06-11T11:59:03,rescore,xs_momentum_fast_top10,full,next_open,5.0,1.5,"{""n_long"": 10, ""source"": ""run_v3"", ""tc_bps"": 5.0, ""leverage_cap"": 1.5}",0.028955597384121,0.014350321263902,0.8207915409056825,1.1609224815591188,-0.462581719593798,0.6042816683420998,0.2795296532606977,0.3973897819549293,-0.3337227891202137,0.5294117647058824,33.205414012738856,0.9637738853503184,0.17,,-0.3142732693767591,-0.3148057593607654,-0.4522594976357533,-0.4527748381311837,-0.2364057125957254,-0.2944704968371001,0.2133232424060256,-0.1458506774070023,0.0287683151969209,0.8459414112515402,0.6273951429857715,-0.4668943607901344,18.0,27.0,-9.0,7.0,7.0,0.0
2026-06-11T11:58:52,rescore,xs_momentum_ls,dev,next_open,7.0,1.5,"{""n_each_side"": 50, ""short_weight"": 0.5, ""source"": ""run_extras"", ""tc_bps"": 7.0, ""leverage_cap"": 1.5}",0.0226790407252566,0.013662205987112,0.9303097978185624,1.0912134246054783,-0.4322991539424943,0.6089185268895612,0.2632349639942672,0.3000068817091759,-0.1867782216577469,0.5875,5.428148148148149,0.8389182833627279,0.13,shorts_clipped; published allow_shorts+80bp borrow,-0.2333693700724641,-0.3010634403812872,-0.3031953866595369,-0.4322991539424943,0.0376524166986806,-0.2586909034363768,,,0.014547194274951,0.6829192699264882,0.5385080151219553,-0.304043612206006,7.0,21.0,-14.0,10.0,14.0,-4.0
2026-06-11T11:58:52,rescore,xs_momentum_ls,full,legacy_period,7.0,1.5,"{""n_each_side"": 50, ""short_weight"": 0.5, ""source"": ""run_extras"", ""tc_bps"": 7.0, ""leverage_cap"": 1.5}",0.0261393030644071,0.0181442456869316,1.05216524211721,1.2987196957818543,-0.4015487773788607,0.7822456398990202,0.3141097803113961,0.3045518212729237,-0.1874224929647684,0.5882352941176471,5.878662420382166,0.8829617834394905,0.07,shorts_clipped; published allow_shorts+80bp borrow,-0.2107470291921155,-0.283603762033965,-0.2426552152466291,-0.4015487773788607,0.0682967899804893,-0.2700877431743128,0.0685495870836019,-0.1483656917416921,0.014547194274951,0.6829192699264882,0.5385080151219553,-0.304043612206006,7.0,21.0,-14.0,10.0,14.0,-4.0
2026-06-11T11:58:52,rescore,xs_momentum_ls,full,next_close,7.0,1.5,"{""n_each_side"": 50, ""short_weight"": 0.5, ""source"": ""run_extras"", ""tc_bps"": 7.0, ""leverage_cap"": 1.5}",0.0256106039506111,0.0183131205630389,1.0361579400137233,1.2608359684735762,-0.4315691249006673,0.7122661801751511,0.307392092074531,0.3043464286887938,-0.1857324675079006,0.6050420168067226,5.926815286624206,0.8909235668789811,0.13,shorts_clipped; published allow_shorts+80bp borrow,-0.2358379102963252,-0.3033140066174798,-0.3011968164176148,-0.4315691249006673,0.0480318723988937,-0.2592678813304038,0.085368080965172,-0.1512660118775586,0.014547194274951,0.6829192699264882,0.5385080151219553,-0.304043612206006,7.0,21.0,-14.0,10.0,14.0,-4.0
2026-06-11T11:58:52,rescore,xs_momentum_ls,full,next_open,7.0,1.5,"{""n_each_side"": 50, ""short_weight"": 0.5, ""source"": ""run_extras"", ""tc_bps"": 7.0, ""leverage_cap"": 1.5}",0.0253986004233756,0.0185896310336672,1.027987050274541,1.25268112237229,-0.4322991539424943,0.7041720316169433,0.3044129734979719,0.3046087624564574,-0.1867782216577469,0.6050420168067226,5.926815286624206,0.8909235668789811,0.18,shorts_clipped; published allow_shorts+80bp borrow,-0.2333693700724641,-0.3010634403812872,-0.3031953866595369,-0.4322991539424943,0.0376524166986806,-0.2586909034363768,0.0883032657264395,-0.1492979151024501,0.014547194274951,0.6829192699264882,0.5385080151219553,-0.304043612206006,7.0,21.0,-14.0,10.0,14.0,-4.0
2026-06-11T11:58:53,rescore,xs_momentum_ls_neutral,dev,next_open,7.0,1.5,"{""n_each_side"": 50, ""short_weight"": 1.0, ""source"": ""run_extras"", ""tc_bps"": 7.0, ""leverage_cap"": 1.5}",0.0226790407252566,0.013662205987112,0.9303097978185624,1.0912134246054783,-0.4322991539424943,0.6089185268895612,0.2632349639942672,0.3000068817091759,-0.1867782216577469,0.5875,5.428148148148149,0.8389182833627279,0.14,shorts_clipped; published allow_shorts+80bp borrow,-0.2333693700724641,-0.3010634403812872,-0.3031953866595369,-0.4322991539424943,0.0376524166986806,-0.2586909034363768,,,0.002788240569663,0.1888234607836503,0.0359633962943649,-0.4358955692831597,7.0,21.0,-14.0,10.0,14.0,-4.0
2026-06-11T11:58:52,rescore,xs_momentum_ls_neutral,full,legacy_period,7.0,1.5,"{""n_each_side"": 50, ""short_weight"": 1.0, ""source"": ""run_extras"", ""tc_bps"": 7.0, ""leverage_cap"": 1.5}",0.0261393030644071,0.0181442456869316,1.05216524211721,1.2987196957818543,-0.4015487773788607,0.7822456398990202,0.3141097803113961,0.3045518212729237,-0.1874224929647684,0.5882352941176471,5.878662420382166,0.8829617834394905,0.07,shorts_clipped; published allow_shorts+80bp borrow,-0.2107470291921155,-0.283603762033965,-0.2426552152466291,-0.4015487773788607,0.0682967899804893,-0.2700877431743128,0.0685495870836019,-0.1483656917416921,0.002788240569663,0.1888234607836503,0.0359633962943649,-0.4358955692831597,7.0,21.0,-14.0,10.0,14.0,-4.0
2026-06-11T11:58:52,rescore,xs_momentum_ls_neutral,full,next_close,7.0,1.5,"{""n_each_side"": 50, ""short_weight"": 1.0, ""source"": ""run_extras"", ""tc_bps"": 7.0, ""leverage_cap"": 1.5}",0.0256106039506111,0.0183131205630389,1.0361579400137233,1.2608359684735762,-0.4315691249006673,0.7122661801751511,0.307392092074531,0.3043464286887938,-0.1857324675079006,0.6050420168067226,5.926815286624206,0.8909235668789811,0.13,shorts_clipped; published allow_shorts+80bp borrow,-0.2358379102963252,-0.3033140066174798,-0.3011968164176148,-0.4315691249006673,0.0480318723988937,-0.2592678813304038,0.085368080965172,-0.1512660118775586,0.002788240569663,0.1888234607836503,0.0359633962943649,-0.4358955692831597,7.0,21.0,-14.0,10.0,14.0,-4.0
2026-06-11T11:58:52,rescore,xs_momentum_ls_neutral,full,next_open,7.0,1.5,"{""n_each_side"": 50, ""short_weight"": 1.0, ""source"": ""run_extras"", ""tc_bps"": 7.0, ""leverage_cap"": 1.5}",0.0253986004233756,0.0185896310336672,1.027987050274541,1.25268112237229,-0.4322991539424943,0.7041720316169433,0.3044129734979719,0.3046087624564574,-0.1867782216577469,0.6050420168067226,5.926815286624206,0.8909235668789811,0.17,shorts_clipped; published allow_shorts+80bp borrow,-0.2333693700724641,-0.3010634403812872,-0.3031953866595369,-0.4322991539424943,0.0376524166986806,-0.2586909034363768,0.0883032657264395,-0.1492979151024501,0.002788240569663,0.1888234607836503,0.0359633962943649,-0.4358955692831597,7.0,21.0,-14.0,10.0,14.0,-4.0
2026-06-11T11:58:58,rescore,xs_momentum_multi,dev,next_open,5.0,1.0,"{""n_long"": 30, ""source"": ""run_v2"", ""tc_bps"": 5.0, ""leverage_cap"": 1.0}",0.016938204123668,0.0076820660407808,0.7641848441467128,0.8819271917879182,-0.3466925581108949,0.5356958901847421,0.1857217785376412,0.2715453726960555,-0.2018254073057838,0.525,13.116049382716058,0.826572604350382,0.15,,-0.2410985456043491,-0.2927830776261272,-0.245474606255079,-0.3418653309925413,-0.0167465242388228,-0.3039531662697776,,,0.0208661278358916,0.8670297919409016,0.5316561447323118,-0.4463041664102974,25.0,23.0,2.0,21.0,25.0,-4.0
2026-06-11T11:58:58,rescore,xs_momentum_multi,full,legacy_period,5.0,1.0,"{""n_long"": 30, ""source"": ""run_v2"", ""tc_bps"": 5.0, ""leverage_cap"": 1.0}",0.0208661278358916,0.0078670525628616,0.8670297919409016,1.057057482630778,-0.4463041664102974,0.5316561447323118,0.2372803524916669,0.2975617645926939,-0.1660959165759137,0.5546218487394958,14.031210191082804,0.8746019108280253,0.07,,-0.2122926848384316,-0.2588698196499456,-0.2780245278648355,-0.4026097657496661,-0.0243591856387574,-0.2654918282291274,0.0424309812740468,-0.1604250239622122,0.0208661278358916,0.8670297919409016,0.5316561447323118,-0.4463041664102974,25.0,23.0,2.0,21.0,25.0,-4.0
2026-06-11T11:58:58,rescore,xs_momentum_multi,full,next_close,5.0,1.0,"{""n_long"": 30, ""source"": ""run_v2"", ""tc_bps"": 5.0, ""leverage_cap"": 1.0}",0.0199264228185106,0.0154270873903619,0.8716563196150386,1.0540845770657858,-0.3507694166559865,0.6431522210234448,0.2255981293893958,0.278841773456737,-0.2028515566847036,0.5798319327731093,14.164968152866251,0.8825636942675158,0.13,,-0.2515830347268424,-0.3025535268549758,-0.2492480195648246,-0.3410678458752972,-0.0147665301295459,-0.2977776529232822,0.0839711893070636,-0.1460164583071477,0.0208661278358916,0.8670297919409016,0.5316561447323118,-0.4463041664102974,25.0,23.0,2.0,21.0,25.0,-4.0
2026-06-11T11:58:58,rescore,xs_momentum_multi,full,next_open,5.0,1.0,"{""n_long"": 30, ""source"": ""run_v2"", ""tc_bps"": 5.0, ""leverage_cap"": 1.0}",0.0205413976852713,0.0127386816171228,0.8963841698113104,1.081966705250959,-0.3466925581108949,0.6755476363747667,0.2342073381805365,0.2790478339571741,-0.2018254073057838,0.5714285714285714,14.164968152866251,0.8825636942675158,0.19,,-0.2410985456043491,-0.2927830776261272,-0.245474606255079,-0.3418653309925413,-0.0167465242388228,-0.3039531662697776,0.076146861409355,-0.1495581375602933,0.0208661278358916,0.8670297919409016,0.5316561447323118,-0.4463041664102974,25.0,23.0,2.0,21.0,25.0,-4.0
2026-06-11T11:58:49,rescore,xs_momentum_top30,dev,next_open,5.0,1.0,"{""n_long"": 30, ""source"": ""run_all"", ""tc_bps"": 5.0, ""leverage_cap"": 1.0}",0.0261668649245336,0.011118379540165,0.9840769199305032,1.187058866833535,-0.4262382168093908,0.7200920558711245,0.3069307538331163,0.3266984234264172,-0.1923474994896034,0.575,5.8962962962962955,0.8389182833627277,0.21,,-0.248293174473543,-0.3191990038782459,-0.2994131454604815,-0.4262382168093908,0.1427871389319506,-0.2900092333068323,,,0.0293961999131764,1.0715995722282656,0.8539432057450805,-0.4121572369889671,4.0,14.0,-10.0,6.0,6.0,0.0
2026-06-11T11:58:48,rescore,xs_momentum_top30,full,legacy_period,5.0,1.0,"{""n_long"": 30, ""source"": ""run_all"", ""tc_bps"": 5.0, ""leverage_cap"": 1.0}",0.0293961999131764,0.0132221151273355,1.0715995722282656,1.356838298165875,-0.4121572369889671,0.8539432057450805,0.3519588722253934,0.3345655196854808,-0.2004227057627212,0.6050420168067226,6.3,0.8829617834394903,0.07,,-0.2465305720774447,-0.3187956036440319,-0.2294267222740703,-0.4121572369889671,0.0213916842126322,-0.2969898452546007,0.0768782255301185,-0.1644412353422212,0.0293961999131764,1.0715995722282656,0.8539432057450805,-0.4121572369889671,4.0,14.0,-10.0,6.0,6.0,0.0
2026-06-11T11:58:48,rescore,xs_momentum_top30,full,next_close,5.0,1.0,"{""n_long"": 30, ""source"": ""run_all"", ""tc_bps"": 5.0, ""leverage_cap"": 1.0}",0.0304654320271306,0.0201668282170759,1.1080323039701718,1.389759672779853,-0.4255774683046394,0.8713778325220728,0.3708387719015278,0.3369145628764229,-0.1904097820424065,0.5882352941176471,6.360191082802547,0.8909235668789807,0.14,,-0.250104965551844,-0.3208398951525908,-0.2937664237321996,-0.4255774683046394,0.1550291957313558,-0.2905760812333113,0.1079692551436095,-0.1462904401754017,0.0293961999131764,1.0715995722282656,0.8539432057450805,-0.4121572369889671,4.0,14.0,-10.0,6.0,6.0,0.0
2026-06-11T11:58:49,rescore,xs_momentum_top30,full,next_open,5.0,1.0,"{""n_long"": 30, ""source"": ""run_all"", ""tc_bps"": 5.0, ""leverage_cap"": 1.0}",0.0302049351448821,0.0212375323473088,1.0997878235184515,1.381400451812986,-0.4262382168093908,0.8620406551361243,0.3674346716624206,0.3372702775157861,-0.1923474994896034,0.5966386554621849,6.360191082802547,0.8909235668789807,0.19,,-0.248293174473543,-0.3191990038782459,-0.2994131454604815,-0.4262382168093908,0.1427871389319506,-0.2900092333068323,0.118099243419274,-0.1442398287304322,0.0293961999131764,1.0715995722282656,0.8539432057450805,-0.4121572369889671,4.0,14.0,-10.0,6.0,6.0,0.0
