ts,family,name,window,exec_model,tc_bps,leverage_cap,params_json,mean_monthly,median_monthly,sharpe,sortino,max_drawdown,calmar,cagr,ann_vol,worst_month,hit_rate,turnover_ann,avg_gross,runtime_s,notes,ep_2018Q4_ret,ep_2018Q4_dd,ep_covid_ret,ep_covid_dd,ep_2022_ret,ep_2022_dd,ep_2026Q1_ret,ep_2026Q1_dd
2026-06-11T11:58:47,rescore,buy_hold_spy,full,legacy_period,5.0,1.0,"{""source"": ""run_all"", ""tc_bps"": 5.0, ""leverage_cap"": 1.0}",0.01181849701158254,0.01810044446028991,0.8086451218148535,0.9707385657972111,-0.3371727297052124,0.40644147989472124,0.13704098324152936,0.1790673824533964,-0.12487107862023061,0.7142857142857143,0.10031847133757962,0.9996019108280255,0.1,,-0.13831488581119356,-0.1920323175669758,-0.21177217160108064,-0.3371727297052124,-0.18646399196246533,-0.24496372484148077,-0.06930669741704665,-0.08579310944428875
2026-06-11T11:58:47,rescore,buy_hold_spy,full,next_close,5.0,1.0,"{""source"": ""run_all"", ""tc_bps"": 5.0, ""leverage_cap"": 1.0}",0.01181849701158254,0.01810044446028991,0.8086451218148535,0.9707385657972111,-0.3371727297052124,0.40644147989472124,0.13704098324152936,0.1790673824533964,-0.12487107862023061,0.7142857142857143,0.10031847133757962,0.9996019108280255,0.14,,-0.13831488581119356,-0.1920323175669758,-0.21177217160108064,-0.3371727297052124,-0.18646399196246533,-0.24496372484148077,-0.06930669741704665,-0.08579310944428875
2026-06-11T11:58:47,rescore,buy_hold_spy,full,next_open,5.0,1.0,"{""source"": ""run_all"", ""tc_bps"": 5.0, ""leverage_cap"": 1.0}",0.011818497011582562,0.01810044446028969,0.8088929619097731,0.9710135742214983,-0.3371727297052124,0.4065886394409522,0.13709060142743423,0.17906638534214692,-0.12487107862023061,0.7142857142857143,0.10031847133757962,0.9996019108280255,0.17,,-0.13831488581119333,-0.1920323175669757,-0.21177217160108064,-0.3371727297052124,-0.18646399196246521,-0.24496372484148,-0.06930669741704609,-0.08579310944428842
2026-06-11T11:58:47,rescore,buy_hold_spy,dev,next_open,5.0,1.0,"{""source"": ""run_all"", ""tc_bps"": 5.0, ""leverage_cap"": 1.0}",0.010370538891433353,0.017997526317593993,0.6673745471636308,0.7801153658997727,-0.3371727297052124,0.3413549137411821,0.11509556806440169,0.19063007872728246,-0.12487107862023061,0.725,0.14814814814814814,0.9994121105232217,0.17,,-0.13831488581119333,-0.1920323175669757,-0.21177217160108064,-0.3371727297052124,-0.18646399196246521,-0.24496372484148,,
2026-06-11T11:58:48,rescore,xs_momentum_12_1,full,legacy_period,5.0,1.0,"{""n_long"": 50, ""source"": ""run_all"", ""tc_bps"": 5.0, ""leverage_cap"": 1.0}",0.02624070115049991,0.018299123617559143,1.0560327085047994,1.3035175272327,-0.40150288165954195,0.786177322774255,0.31565246058924723,0.3045502652461143,-0.18736482973689317,0.5966386554621849,5.878662420382162,0.8829617834394906,0.07,,-0.21061712546292022,-0.28348584984822056,-0.24249399383538384,-0.40150288165954195,0.06942084558247852,-0.27000850134989973,0.06887298747793458,-0.14827683969669947
2026-06-11T11:58:48,rescore,xs_momentum_12_1,full,next_close,5.0,1.0,"{""n_long"": 50, ""source"": ""run_all"", ""tc_bps"": 5.0, ""leverage_cap"": 1.0}",0.02571241714849644,0.01842835250751551,1.0400339108335845,1.2655236639719472,-0.43148957761155915,0.715976594724047,0.3089364384372415,0.3043523873875019,-0.18561851737314228,0.6050420168067226,5.926815286624206,0.8909235668789811,0.13,,-0.23563620369608362,-0.3031301108641381,-0.30099030555648276,-0.43148957761155915,0.04915287197001139,-0.25921952133475956,0.08568342106356464,-0.1511815030418836
2026-06-11T11:58:48,rescore,xs_momentum_12_1,full,next_open,5.0,1.0,"{""n_long"": 50, ""source"": ""run_all"", ""tc_bps"": 5.0, ""leverage_cap"": 1.0}",0.025500410039306136,0.018704862978144332,1.031861078805382,1.257371297470399,-0.43221960665338566,0.7078669760673282,0.3059539859587421,0.3046143563189127,-0.1866642715229878,0.6050420168067226,5.926815286624206,0.8909235668789811,0.19,,-0.2331672071382691,-0.3008791285886291,-0.30298916969436895,-0.43221960665338566,0.03876343468686283,-0.2586425434407338,0.08861916231902622,-0.14921340626677504
2026-06-11T11:58:48,rescore,xs_momentum_12_1,dev,next_open,5.0,1.0,"{""n_long"": 50, ""source"": ""run_all"", ""tc_bps"": 5.0, ""leverage_cap"": 1.0}",0.02277303319937074,0.01377300941222559,0.9339221666247189,1.0954386183769333,-0.43221960665338566,0.612202012100041,0.26460571286229095,0.3000095936419967,-0.1866642715229878,0.5875,5.428148148148149,0.8389182833627279,0.14,,-0.2331672071382691,-0.3008791285886291,-0.30298916969436895,-0.43221960665338566,0.03876343468686283,-0.2586425434407338,,
2026-06-11T11:58:48,rescore,xs_momentum_top30,full,legacy_period,5.0,1.0,"{""n_long"": 30, ""source"": ""run_all"", ""tc_bps"": 5.0, ""leverage_cap"": 1.0}",0.029396199913176463,0.01322211512733551,1.0715995722282656,1.3568382981658753,-0.4121572369889671,0.8539432057450805,0.35195887222539346,0.33456551968548087,-0.20042270576272125,0.6050420168067226,6.3,0.8829617834394903,0.07,,-0.24653057207744478,-0.3187956036440319,-0.22942672227407035,-0.4121572369889671,0.021391684212632267,-0.2969898452546007,0.07687822553011858,-0.16444123534222121
2026-06-11T11:58:48,rescore,xs_momentum_top30,full,next_close,5.0,1.0,"{""n_long"": 30, ""source"": ""run_all"", ""tc_bps"": 5.0, ""leverage_cap"": 1.0}",0.030465432027130677,0.02016682821707594,1.1080323039701718,1.389759672779853,-0.4255774683046394,0.8713778325220728,0.3708387719015278,0.33691456287642296,-0.19040978204240655,0.5882352941176471,6.360191082802547,0.8909235668789807,0.14,,-0.250104965551844,-0.3208398951525908,-0.29376642373219963,-0.4255774683046394,0.15502919573135587,-0.29057608123331136,0.10796925514360955,-0.14629044017540171
2026-06-11T11:58:49,rescore,xs_momentum_top30,full,next_open,5.0,1.0,"{""n_long"": 30, ""source"": ""run_all"", ""tc_bps"": 5.0, ""leverage_cap"": 1.0}",0.030204935144882133,0.021237532347308852,1.0997878235184517,1.3814004518129859,-0.4262382168093908,0.8620406551361243,0.3674346716624206,0.33727027751578614,-0.1923474994896034,0.5966386554621849,6.360191082802547,0.8909235668789807,0.19,,-0.24829317447354304,-0.31919900387824596,-0.2994131454604815,-0.4262382168093908,0.1427871389319506,-0.29000923330683237,0.11809924341927402,-0.14423982873043228
2026-06-11T11:58:49,rescore,xs_momentum_top30,dev,next_open,5.0,1.0,"{""n_long"": 30, ""source"": ""run_all"", ""tc_bps"": 5.0, ""leverage_cap"": 1.0}",0.0261668649245336,0.011118379540165035,0.9840769199305032,1.187058866833535,-0.4262382168093908,0.7200920558711245,0.3069307538331163,0.3266984234264172,-0.1923474994896034,0.575,5.8962962962962955,0.8389182833627277,0.21,,-0.24829317447354304,-0.31919900387824596,-0.2994131454604815,-0.4262382168093908,0.1427871389319506,-0.29000923330683237,,
2026-06-11T11:58:49,rescore,mean_reversion_5d,full,legacy_period,5.0,1.0,"{""n_long"": 30, ""source"": ""run_all"", ""tc_bps"": 5.0, ""leverage_cap"": 1.0}",0.01006764785436396,0.012650817286197213,0.4259289213738403,0.5338050796673084,-0.652493064632999,0.1358046017522061,0.08861156078856092,0.3223298495220126,-0.3266334814822921,0.5882352941176471,90.45382165605096,0.9880573248407641,0.08,,-0.1800517771291147,-0.23898990269257492,-0.420781901261584,-0.5843456309531916,-0.3277261003963785,-0.36974572285357865,-0.1647050308723257,-0.2155531476185436
2026-06-11T11:58:49,rescore,mean_reversion_5d,full,next_close,5.0,1.0,"{""n_long"": 30, ""source"": ""run_all"", ""tc_bps"": 5.0, ""leverage_cap"": 1.0}",0.01941237350561698,0.017061898576999024,0.7263929518284051,0.9389647839035221,-0.6415718280919749,0.3224822899772128,0.20689555230796675,0.33808495194774507,-0.2532770498332789,0.6050420168067226,90.64777070063704,0.9896496815286623,0.13,,-0.07054919328424103,-0.2162326330941341,-0.24468192490672813,-0.5983910173213751,-0.21523595769213855,-0.37040452990188866,-0.020291734842926346,-0.09903347186059763
2026-06-11T11:58:49,rescore,mean_reversion_5d,full,next_open,5.0,1.0,"{""n_long"": 30, ""source"": ""run_all"", ""tc_bps"": 5.0, ""leverage_cap"": 1.0}",0.01994375503785925,0.021950635803036356,0.7420734198172815,0.9683436206031693,-0.6502728568123506,0.3282672337935188,0.21346327191679926,0.33802692686547475,-0.28025266053015396,0.6302521008403361,90.64777070063704,0.9896496815286623,0.18,,-0.06160851726719141,-0.21922392106421174,-0.29878628694135223,-0.625184139490353,-0.1780750513195083,-0.36801917935975736,0.007468260356212397,-0.08586687715233043
2026-06-11T11:58:50,rescore,mean_reversion_5d,dev,next_open,5.0,1.0,"{""n_long"": 30, ""source"": ""run_all"", ""tc_bps"": 5.0, ""leverage_cap"": 1.0}",0.018740228501989496,0.022126040549129367,0.6504570026886468,0.8372293337137247,-0.6502728568123506,0.28331094968229475,0.1842294206161259,0.3589177186306097,-0.28025266053015396,0.6375,89.50123456790135,0.9847148736037623,0.15,,-0.06160851726719141,-0.21922392106421174,-0.29878628694135223,-0.625184139490353,-0.1780750513195083,-0.36801917935975736,,
2026-06-11T11:58:50,rescore,trend_following,full,legacy_period,5.0,1.0,"{""n_long"": 30, ""source"": ""run_all"", ""tc_bps"": 5.0, ""leverage_cap"": 1.0}",0.012111027549134453,0.007298157195864574,0.5790260955786561,0.6748410891752793,-0.4349050271324961,0.2857353596277614,0.12426774433162513,0.2631308429887119,-0.17680944595596426,0.5294117647058824,16.472798029413052,0.9080414012738853,0.07,,-0.23801365408744113,-0.27285531962710907,-0.3118546167534447,-0.4335968683330377,-0.05338862884981399,-0.24492467603263335,0.09932661840729051,-0.10882355615206318
2026-06-11T11:58:50,rescore,trend_following,full,next_close,5.0,1.0,"{""n_long"": 30, ""source"": ""run_all"", ""tc_bps"": 5.0, ""leverage_cap"": 1.0}",0.00833252815532803,0.012803507074065967,0.40783798841749314,0.45165971335121924,-0.5834437460792361,0.12451679590641813,0.07264854585342428,0.25148295001285753,-0.32903489594094537,0.5882352941176471,16.646683379731535,0.9160031847133758,0.13,,-0.21172145563917122,-0.2536822653409768,-0.23246483483378944,-0.32265982439282015,-0.09444440080073524,-0.308687360599481,0.0978388733857789,-0.11436313316608449
2026-06-11T11:58:50,rescore,trend_following,full,next_open,5.0,1.0,"{""n_long"": 30, ""source"": ""run_all"", ""tc_bps"": 5.0, ""leverage_cap"": 1.0}",0.008293729519940127,0.010845264849900005,0.4016013400331713,0.4400144576903383,-0.5763055748711865,0.1234924151376061,0.0711693672981093,0.2535798562544396,-0.3431902869691861,0.5798319327731093,16.646683379731535,0.9160031847133758,0.18,,-0.19687260044964128,-0.23962382870508503,-0.23730527085740094,-0.32551857349269164,-0.08508646626976846,-0.31422189808467815,0.08098029041382016,-0.11436313316608449
2026-06-11T11:58:50,rescore,trend_following,dev,next_open,5.0,1.0,"{""n_long"": 30, ""source"": ""run_all"", ""tc_bps"": 5.0, ""leverage_cap"": 1.0}",0.01275239497399896,0.010627420692850609,0.6666076611136721,0.7893746764009912,-0.3808942809923318,0.35876445897546744,0.13665133064706358,0.233195036592918,-0.18861277902045248,0.6,15.48716557900388,0.8759553203997649,0.13,,-0.19687260044964128,-0.23962382870508503,-0.23730527085740094,-0.32551857349269164,-0.08508646626976846,-0.31422189808467815,,
2026-06-11T11:58:50,rescore,dual_momentum_vol,full,legacy_period,5.0,1.0,"{""n_long"": 30, ""source"": ""run_all"", ""tc_bps"": 5.0, ""leverage_cap"": 1.0}",0.027936161055294405,0.02968562593818369,1.1031097716230078,1.3689985294958187,-0.4604359806909679,0.7369603974588035,0.3393230833343497,0.3091344307051514,-0.17989412854360698,0.6722689075630253,10.826232300850718,0.9317806968318056,0.07,,-0.25741504596736864,-0.30595680708343753,-0.30543626779664135,-0.4604359806909679,0.0034997764803761378,-0.26418163609805134,0.09732821402243053,-0.1289658730149078
2026-06-11T11:58:50,rescore,dual_momentum_vol,full,next_close,5.0,1.0,"{""n_long"": 30, ""source"": ""run_all"", ""tc_bps"": 5.0, ""leverage_cap"": 1.0}",0.027193737583387043,0.028044347543414228,1.1265852294138723,1.3979434556411898,-0.38742048426232367,0.8450130047018662,0.3273753474895582,0.28950192549648734,-0.21624534474136203,0.6470588235294118,10.906593174053892,0.9397424802712961,0.13,,-0.2537415957503315,-0.2998036243669444,-0.3016254753519856,-0.3844951879436944,-0.007861165742570897,-0.2850440092108437,0.11543292578605135,-0.13257823202885144
2026-06-11T11:58:51,rescore,dual_momentum_vol,full,next_open,5.0,1.0,"{""n_long"": 30, ""source"": ""run_all"", ""tc_bps"": 5.0, ""leverage_cap"": 1.0}",0.027543438381968658,0.027242356440282167,1.1423031463309976,1.4181972744113989,-0.3832608999073688,0.870340704259813,0.33356756154062905,0.2896438500181308,-0.2072074946234237,0.6554621848739496,10.906593174053892,0.9397424802712961,0.17,,-0.24509635395742846,-0.29169200118737204,-0.3005418794341157,-0.3832608999073688,0.01966306390543049,-0.2873123391290854,0.10684326755682072,-0.13257823202885177
2026-06-11T11:58:51,rescore,dual_momentum_vol,dev,next_open,5.0,1.0,"{""n_long"": 30, ""source"": ""run_all"", ""tc_bps"": 5.0, ""leverage_cap"": 1.0}",0.024996870616896094,0.025831401134759235,1.065740439020537,1.3113885307273514,-0.3832608999073688,0.7717092176600866,0.2957659692272163,0.2803910653306818,-0.2072074946234237,0.675,10.591033040417337,0.9110129984958822,0.17,,-0.24509635395742846,-0.29169200118737204,-0.3005418794341157,-0.3832608999073688,0.01966306390543049,-0.2873123391290854,,
2026-06-11T11:58:51,rescore,sector_rotation,full,legacy_period,5.0,1.0,"{""source"": ""run_all"", ""tc_bps"": 5.0, ""leverage_cap"": 1.0}",0.010198669129671357,0.014182790354357655,0.7317642147342674,0.8816273816557948,-0.32151699668684586,0.3677537540010805,0.11823908250674053,0.17378056715458318,-0.09567243793336899,0.6218487394957983,8.426751592356688,0.9582006369426752,0.08,,-0.05835181227347952,-0.12277034015940091,-0.1939349845414774,-0.32151699668684586,-0.048660229329924864,-0.1701581597141848,0.024124552299381152,-0.06027427148402764
2026-06-11T11:58:51,rescore,sector_rotation,full,next_close,5.0,1.0,"{""source"": ""run_all"", ""tc_bps"": 5.0, ""leverage_cap"": 1.0}",0.008751370286247338,0.013776716885230522,0.6230509018788948,0.7541167516830807,-0.335319176381773,0.28889074347123034,0.09687060616509102,0.17278886956713654,-0.1119166890736829,0.6470588235294118,8.426751592356688,0.9661624203821656,0.14,,-0.1370496157082931,-0.17423891117893175,-0.20643253254328897,-0.335319176381773,-0.08477511869495757,-0.20924797264307404,0.03484860201751094,-0.06594493778988053
2026-06-11T11:58:51,rescore,sector_rotation,full,next_open,5.0,1.0,"{""source"": ""run_all"", ""tc_bps"": 5.0, ""leverage_cap"": 1.0}",0.00895778062120984,0.013776716885230078,0.6390867132067467,0.7724577405055089,-0.3361782264849149,0.29725047544843314,0.099929137658052,0.1728346079294343,-0.11082139462158691,0.6386554621848739,8.426751592356688,0.9661624203821656,0.19,,-0.12618701946173172,-0.1638444441652267,-0.20824498265262392,-0.3361782264849149,-0.08962042950379545,-0.21290583174703837,0.03752989701087506,-0.06594493778988086
2026-06-11T11:58:51,rescore,sector_rotation,dev,next_open,5.0,1.0,"{""source"": ""run_all"", ""tc_bps"": 5.0, ""leverage_cap"": 1.0}",0.009044821870891295,0.014972874577464768,0.5969306193422524,0.6927031596984053,-0.3361782264849149,0.29336240719686335,0.09862205376878697,0.1870346885780105,-0.11082139462158691,0.6625,8.074074074074074,0.9500293944738389,0.15,,-0.12618701946173172,-0.1638444441652267,-0.20824498265262392,-0.3361782264849149,-0.08962042950379545,-0.21290583174703837,,
2026-06-11T11:58:52,rescore,xs_momentum_ls,full,legacy_period,7.0,1.5,"{""n_each_side"": 50, ""short_weight"": 0.5, ""source"": ""run_extras"", ""tc_bps"": 7.0, ""leverage_cap"": 1.5}",0.026139303064407194,0.018144245686931626,1.0521652421172099,1.2987196957818545,-0.40154877737886074,0.7822456398990202,0.31410978031139614,0.3045518212729237,-0.18742249296476843,0.5882352941176471,5.878662420382166,0.8829617834394905,0.07,shorts_clipped; published allow_shorts+80bp borrow,-0.21074702919211552,-0.283603762033965,-0.24265521524662914,-0.40154877737886074,0.06829678998048938,-0.27008774317431283,0.06854958708360193,-0.14836569174169212
2026-06-11T11:58:52,rescore,xs_momentum_ls,full,next_close,7.0,1.5,"{""n_each_side"": 50, ""short_weight"": 0.5, ""source"": ""run_extras"", ""tc_bps"": 7.0, ""leverage_cap"": 1.5}",0.02561060395061114,0.01831312056303891,1.0361579400137233,1.2608359684735762,-0.43156912490066734,0.7122661801751511,0.307392092074531,0.3043464286887938,-0.18573246750790062,0.6050420168067226,5.926815286624206,0.8909235668789811,0.13,shorts_clipped; published allow_shorts+80bp borrow,-0.23583791029632528,-0.30331400661747987,-0.30119681641761487,-0.43156912490066734,0.04803187239889373,-0.2592678813304038,0.08536808096517201,-0.15126601187755861
2026-06-11T11:58:52,rescore,xs_momentum_ls,full,next_open,7.0,1.5,"{""n_each_side"": 50, ""short_weight"": 0.5, ""source"": ""run_extras"", ""tc_bps"": 7.0, ""leverage_cap"": 1.5}",0.02539860042337565,0.018589631033667287,1.027987050274541,1.25268112237229,-0.4322991539424943,0.7041720316169433,0.3044129734979719,0.3046087624564574,-0.18677822165774693,0.6050420168067226,5.926815286624206,0.8909235668789811,0.18,shorts_clipped; published allow_shorts+80bp borrow,-0.23336937007246417,-0.3010634403812872,-0.30319538665953694,-0.4322991539424943,0.03765241669868069,-0.2586909034363768,0.08830326572643954,-0.14929791510245016
2026-06-11T11:58:52,rescore,xs_momentum_ls,dev,next_open,7.0,1.5,"{""n_each_side"": 50, ""short_weight"": 0.5, ""source"": ""run_extras"", ""tc_bps"": 7.0, ""leverage_cap"": 1.5}",0.022679040725256658,0.013662205987112097,0.9303097978185623,1.0912134246054785,-0.4322991539424943,0.6089185268895612,0.26323496399426727,0.3000068817091759,-0.18677822165774693,0.5875,5.428148148148149,0.8389182833627279,0.13,shorts_clipped; published allow_shorts+80bp borrow,-0.23336937007246417,-0.3010634403812872,-0.30319538665953694,-0.4322991539424943,0.03765241669868069,-0.2586909034363768,,
2026-06-11T11:58:52,rescore,xs_momentum_ls_neutral,full,legacy_period,7.0,1.5,"{""n_each_side"": 50, ""short_weight"": 1.0, ""source"": ""run_extras"", ""tc_bps"": 7.0, ""leverage_cap"": 1.5}",0.026139303064407194,0.018144245686931626,1.0521652421172099,1.2987196957818545,-0.40154877737886074,0.7822456398990202,0.31410978031139614,0.3045518212729237,-0.18742249296476843,0.5882352941176471,5.878662420382166,0.8829617834394905,0.07,shorts_clipped; published allow_shorts+80bp borrow,-0.21074702919211552,-0.283603762033965,-0.24265521524662914,-0.40154877737886074,0.06829678998048938,-0.27008774317431283,0.06854958708360193,-0.14836569174169212
2026-06-11T11:58:52,rescore,xs_momentum_ls_neutral,full,next_close,7.0,1.5,"{""n_each_side"": 50, ""short_weight"": 1.0, ""source"": ""run_extras"", ""tc_bps"": 7.0, ""leverage_cap"": 1.5}",0.02561060395061114,0.01831312056303891,1.0361579400137233,1.2608359684735762,-0.43156912490066734,0.7122661801751511,0.307392092074531,0.3043464286887938,-0.18573246750790062,0.6050420168067226,5.926815286624206,0.8909235668789811,0.13,shorts_clipped; published allow_shorts+80bp borrow,-0.23583791029632528,-0.30331400661747987,-0.30119681641761487,-0.43156912490066734,0.04803187239889373,-0.2592678813304038,0.08536808096517201,-0.15126601187755861
2026-06-11T11:58:52,rescore,xs_momentum_ls_neutral,full,next_open,7.0,1.5,"{""n_each_side"": 50, ""short_weight"": 1.0, ""source"": ""run_extras"", ""tc_bps"": 7.0, ""leverage_cap"": 1.5}",0.02539860042337565,0.018589631033667287,1.027987050274541,1.25268112237229,-0.4322991539424943,0.7041720316169433,0.3044129734979719,0.3046087624564574,-0.18677822165774693,0.6050420168067226,5.926815286624206,0.8909235668789811,0.17,shorts_clipped; published allow_shorts+80bp borrow,-0.23336937007246417,-0.3010634403812872,-0.30319538665953694,-0.4322991539424943,0.03765241669868069,-0.2586909034363768,0.08830326572643954,-0.14929791510245016
2026-06-11T11:58:53,rescore,xs_momentum_ls_neutral,dev,next_open,7.0,1.5,"{""n_each_side"": 50, ""short_weight"": 1.0, ""source"": ""run_extras"", ""tc_bps"": 7.0, ""leverage_cap"": 1.5}",0.022679040725256658,0.013662205987112097,0.9303097978185623,1.0912134246054785,-0.4322991539424943,0.6089185268895612,0.26323496399426727,0.3000068817091759,-0.18677822165774693,0.5875,5.428148148148149,0.8389182833627279,0.14,shorts_clipped; published allow_shorts+80bp borrow,-0.23336937007246417,-0.3010634403812872,-0.30319538665953694,-0.4322991539424943,0.03765241669868069,-0.2586909034363768,,
2026-06-11T11:58:53,rescore,regime_gated_momentum,full,legacy_period,5.0,1.0,"{""source"": ""run_ensembles"", ""tc_bps"": 5.0, ""leverage_cap"": 1.0}",0.024700436638737097,0.009763567930761718,0.977769689891114,1.1941575395483865,-0.4121572369889669,0.7071937713689329,0.29147503082322657,0.3122815409602899,-0.14941076319204705,0.5966386554621849,6.215352952225194,0.785681707824871,0.07,,-0.24653057207744455,-0.3187956036440317,-0.22942672227407013,-0.4121572369889669,0.10058407661313651,-0.12790219227379296,0.07687822553011925,-0.1644412353422211
2026-06-11T11:58:53,rescore,regime_gated_momentum,full,next_close,5.0,1.0,"{""source"": ""run_ensembles"", ""tc_bps"": 5.0, ""leverage_cap"": 1.0}",0.022977696004261073,0.015091960308387886,0.9354507558853508,1.1096831354655032,-0.4255774683046396,0.6331307441292824,0.26944617919237257,0.30615013860706825,-0.17022002663268854,0.5714285714285714,6.27554403502774,0.7936434912643614,0.15,,-0.20282951691471374,-0.24372268865748836,-0.3214690470613579,-0.4255774683046396,0.016315468390651677,-0.1507691012546163,0.10796925514360955,-0.14629044017540183
2026-06-11T11:58:53,rescore,regime_gated_momentum,full,next_open,5.0,1.0,"{""source"": ""run_ensembles"", ""tc_bps"": 5.0, ""leverage_cap"": 1.0}",0.022774347180769986,0.015091960308387886,0.9289987839427261,1.1041705246425342,-0.42623821680939067,0.626375308158021,0.26698509440270746,0.3061940286266007,-0.17117450847562166,0.5798319327731093,6.27554403502774,0.7936434912643614,0.17,,-0.2008419238395136,-0.2418370549331469,-0.32450199552959946,-0.42623821680939067,0.017036857706999697,-0.15076910125461607,0.11809924341927425,-0.14423982873043217
2026-06-11T11:58:53,rescore,regime_gated_momentum,dev,next_open,5.0,1.0,"{""source"": ""run_ensembles"", ""tc_bps"": 5.0, ""leverage_cap"": 1.0}",0.01852527326575131,0.009409841791602203,0.8216157775645676,0.9292924598871474,-0.42623821680939067,0.5016548589911297,0.21382447255014547,0.2860883107733819,-0.17117450847562166,0.575,5.654863712640457,0.7164411228029676,0.14,,-0.2008419238395136,-0.2418370549331469,-0.32450199552959946,-0.42623821680939067,0.017036857706999697,-0.15076910125461607,,
2026-06-11T11:58:53,rescore,voltarget_momentum,full,legacy_period,5.0,1.0,"{""source"": ""run_ensembles"", ""tc_bps"": 5.0, ""leverage_cap"": 1.0}",0.015665554259637265,0.009060006810385657,0.8328015199576456,0.9721974819160676,-0.4121572369889668,0.4405749145489765,0.1815861394671563,0.23388941409539457,-0.1493359928667347,0.6134453781512605,4.930229458880979,0.6028605246547689,0.06,,-0.20980451940052924,-0.26022462817684633,-0.24741388350562166,-0.4121572369889668,0.0002453371901853796,-0.18053640948213046,0.05388345800494099,-0.07208385890666225
2026-06-11T11:58:53,rescore,voltarget_momentum,full,next_close,5.0,1.0,"{""source"": ""run_ensembles"", ""tc_bps"": 5.0, ""leverage_cap"": 1.0}",0.01795306127055522,0.017562463136830297,1.0107301058692013,1.2381408491900245,-0.3367297544265483,0.6386815917990692,0.21506309556325753,0.21649636769241082,-0.17097984039936887,0.6050420168067226,4.958008424172583,0.6062744058379378,0.14,,-0.2093664600232108,-0.24945597316871582,-0.24793894292241003,-0.3367297544265483,0.08153493656739674,-0.14401900275870294,0.05749811916453873,-0.06796827432349695
2026-06-11T11:58:54,rescore,voltarget_momentum,full,next_open,5.0,1.0,"{""source"": ""run_ensembles"", ""tc_bps"": 5.0, ""leverage_cap"": 1.0}",0.017666210190373108,0.01833660261723935,0.9958139900892686,1.2212456577347874,-0.3426790520509211,0.616499820255433,0.21126157399469503,0.21660650267066586,-0.1632340817506963,0.6050420168067226,4.958008424172583,0.6062744058379378,0.28,,-0.20212164088151374,-0.24257850660888147,-0.25674659263344046,-0.3426790520509211,0.07294241675328639,-0.1442152006062074,0.06158585659119087,-0.06796827432349672
2026-06-11T11:58:54,rescore,voltarget_momentum,dev,next_open,5.0,1.0,"{""source"": ""run_ensembles"", ""tc_bps"": 5.0, ""leverage_cap"": 1.0}",0.014165952369216412,0.008036233770084777,0.8210032538788693,0.9421887270460627,-0.3426790520509211,0.4790880026449039,0.16417342259532486,0.2130026931408956,-0.1632340817506963,0.5875,4.606747744892585,0.5769075022401032,0.16,,-0.20212164088151374,-0.24257850660888147,-0.25674659263344046,-0.3426790520509211,0.07294241675328639,-0.1442152006062074,,
2026-06-11T11:58:54,rescore,regime_voltarget_momentum,full,legacy_period,5.0,1.0,"{""source"": ""run_ensembles"", ""tc_bps"": 5.0, ""leverage_cap"": 1.0}",0.013410383260587076,0.006187810973706354,0.7805295593348621,0.8867734467899402,-0.4044433280684878,0.3842386252099034,0.15540274835235368,0.21541858091124208,-0.13489868440191977,0.6050420168067226,4.797982174842795,0.5426168550110391,0.07,,-0.18958653070894405,-0.23636434940843032,-0.24598188974579882,-0.4044433280684878,0.062031040856822095,-0.09328428533959965,0.04885385313938051,-0.06496378969918604
2026-06-11T11:58:54,rescore,regime_voltarget_momentum,full,next_close,5.0,1.0,"{""source"": ""run_ensembles"", ""tc_bps"": 5.0, ""leverage_cap"": 1.0}",0.014551359726035093,0.012769847494598086,0.9082733360842389,1.0830114590171456,-0.3124043229639839,0.5492690444728189,0.17159402396360535,0.19602049629276067,-0.15460964133515187,0.5798319327731093,4.822983243605236,0.5456893480758912,0.14,,-0.16743155528774156,-0.18808172230502584,-0.23791302888592225,-0.3124043229639839,-0.00487521521019485,-0.0997051585332972,0.05212244413252587,-0.061273026128567665
2026-06-11T11:58:54,rescore,regime_voltarget_momentum,full,next_open,5.0,1.0,"{""source"": ""run_ensembles"", ""tc_bps"": 5.0, ""leverage_cap"": 1.0}",0.014330085480958335,0.014082568027283138,0.8947151225638594,1.0688287221835393,-0.31922967791004475,0.5282545862416622,0.16863454142042977,0.1961940248104179,-0.14748373871655396,0.5798319327731093,4.822983243605236,0.5456893480758912,0.17,,-0.160518341667777,-0.18446244046048144,-0.24668867374408154,-0.31922967791004475,-0.004781928145488279,-0.09610741923957256,0.05577538244698599,-0.061273026128567665
2026-06-11T11:58:55,rescore,regime_voltarget_momentum,dev,next_open,5.0,1.0,"{""source"": ""run_ensembles"", ""tc_bps"": 5.0, ""leverage_cap"": 1.0}",0.011481601864017706,0.005750552178031776,0.744414821784133,0.8304541243863073,-0.31922967791004475,0.4137939360841284,0.13209530493726596,0.19146040415389953,-0.14748373871655396,0.575,4.420737331492784,0.5147672536457166,0.14,,-0.160518341667777,-0.18446244046048144,-0.24668867374408154,-0.31922967791004475,-0.004781928145488279,-0.09610741923957256,,
2026-06-11T11:58:55,rescore,fast_dd_momentum,full,legacy_period,5.0,1.0,"{""source"": ""run_ensembles"", ""tc_bps"": 5.0, ""leverage_cap"": 1.0}",0.0197626159779485,0.007151124650658369,0.8245749690499874,0.9693439852365472,-0.412157236988967,0.5481957609997697,0.2259428501827292,0.3041193754172506,-0.14941076319204694,0.5546218487394958,6.528088208756367,0.7607646336917807,0.07,,-0.1898916008948588,-0.22660577193776077,-0.25608154458182864,-0.412157236988967,0.08974059392110667,-0.18171519284416215,0.07687822553011925,-0.16444123534222144
2026-06-11T11:58:55,rescore,fast_dd_momentum,full,next_close,5.0,1.0,"{""source"": ""run_ensembles"", ""tc_bps"": 5.0, ""leverage_cap"": 1.0}",0.02118260789887149,0.009919894079438496,0.9155126734725222,1.1266692099959543,-0.3120430605968797,0.786911043125721,0.24555013031443318,0.2849770186466905,-0.17991169973100318,0.5462184873949579,6.588279291558916,0.7687264171312712,0.13,,-0.2372074873135951,-0.2900186739570657,-0.22738109545432283,-0.2915977184723175,-0.03950936566898322,-0.16588571191224577,0.10796925514361,-0.1462904401754016
2026-06-11T11:58:55,rescore,fast_dd_momentum,full,next_open,5.0,1.0,"{""source"": ""run_ensembles"", ""tc_bps"": 5.0, ""leverage_cap"": 1.0}",0.02117585950019837,0.008786645842394192,0.9167360538062511,1.1317333318587461,-0.31030495891743104,0.7930956633519162,0.24610151723400908,0.2851273485234516,-0.16878009061838894,0.5546218487394958,6.588279291558916,0.7687264171312712,0.19,,-0.2269945961198705,-0.2805128622037275,-0.2379490420059832,-0.3005652521649069,-0.007525363354781378,-0.1507691012546163,0.11809924341927514,-0.14423982873043184
2026-06-11T11:58:55,rescore,fast_dd_momentum,dev,next_open,5.0,1.0,"{""source"": ""run_ensembles"", ""tc_bps"": 5.0, ""leverage_cap"": 1.0}",0.016674029061455556,0.0009109592552082324,0.796084292665918,0.9599373553347776,-0.30168333342977105,0.6343288599579991,0.1913664449628356,0.26383473926741785,-0.16878009061838894,0.525,6.1214760174433716,0.6968789080785767,0.14,,-0.2269945961198705,-0.2805128622037275,-0.2379490420059832,-0.3005652521649069,-0.007525363354781378,-0.1507691012546163,,
2026-06-11T11:58:55,rescore,fast_dd_voltarget_momentum,full,legacy_period,5.0,1.0,"{""source"": ""run_ensembles"", ""tc_bps"": 5.0, ""leverage_cap"": 1.0}",0.014807856236538046,0.004785633557493174,0.7570939804534106,0.8612860095261589,-0.4121572369889668,0.41164943398368997,0.16966429331878974,0.24861398969410678,-0.14941076319204705,0.5630252100840336,5.821319342980979,0.6334953428690174,0.07,,-0.176921429197876,-0.21797968935407674,-0.26255200162890635,-0.4121572369889668,0.06529358987839706,-0.1734612300927234,0.05882777800499839,-0.07918332821928864
2026-06-11T11:58:55,rescore,fast_dd_voltarget_momentum,full,next_close,5.0,1.0,"{""source"": ""run_ensembles"", ""tc_bps"": 5.0, ""leverage_cap"": 1.0}",0.018260423414957767,0.009221177058201135,0.9936306899421131,1.2477843432184512,-0.2840821984855356,0.7593385100419341,0.2157145533274436,0.22191624857668799,-0.18409049247489007,0.5462184873949579,5.851876204801742,0.6372506121705032,0.16,,-0.22240568447430975,-0.2623781236112894,-0.202171591356189,-0.25695005039899954,-0.05086882534250026,-0.16588571191224588,0.06278395369729406,-0.0746406527076684
2026-06-11T11:58:56,rescore,fast_dd_voltarget_momentum,full,next_open,5.0,1.0,"{""source"": ""run_ensembles"", ""tc_bps"": 5.0, ""leverage_cap"": 1.0}",0.018167585409465715,0.008202342790073702,0.9908801395686184,1.247652699525942,-0.27262528240793704,0.7889026889421252,0.2150748183652278,0.22202450967391213,-0.170923339903448,0.5546218487394958,5.851876204801742,0.6372506121705032,0.2,,-0.209961751949445,-0.2505738746920574,-0.21509992814741796,-0.268378547788245,-0.020024437390074312,-0.14307878933602858,0.06731201077807669,-0.07464065270766818
2026-06-11T11:58:56,rescore,fast_dd_voltarget_momentum,dev,next_open,5.0,1.0,"{""source"": ""run_ensembles"", ""tc_bps"": 5.0, ""leverage_cap"": 1.0}",0.014088689826536332,0.0009933169585645274,0.81593537293117,0.9726565161687878,-0.27262528240793704,0.5942531386485697,0.16200842974586926,0.21159095302459094,-0.170923339903448,0.525,5.503152520176192,0.5909914272498981,0.14,,-0.209961751949445,-0.2505738746920574,-0.21509992814741796,-0.268378547788245,-0.020024437390074312,-0.14307878933602858,,
2026-06-11T11:58:56,rescore,ensemble_top3,full,legacy_period,5.0,1.0,"{""source"": ""run_ensembles"", ""tc_bps"": 5.0, ""leverage_cap"": 1.0}",0.013322206080568479,0.012057010941352697,0.98266556465387,1.1822311726308634,-0.2631518479194326,0.6028146722531452,0.15863179495636226,0.16391638133703543,-0.13965302670779123,0.6302521008403361,7.216830047525216,0.6344029924559145,0.28,,-0.15037553098683554,-0.16464264482919744,-0.21984413728930596,-0.2631518479194326,-0.020692993222156453,-0.08396367209735733,0.035782759761040284,-0.05817999722855027
2026-06-11T11:58:57,rescore,ensemble_top3,full,next_close,5.0,1.0,"{""source"": ""run_ensembles"", ""tc_bps"": 5.0, ""leverage_cap"": 1.0}",0.013574267844144845,0.012273918642807136,1.0326382813332362,1.2788599213462437,-0.21058429803219525,0.7658791804792947,0.16128212959870525,0.15713243715854822,-0.16450409716712622,0.6134453781512605,7.221160436208072,0.635189028017164,0.27,,-0.17279307210599226,-0.18232367556998264,-0.18961004150662586,-0.21058429803219525,-0.07731718401284426,-0.08700840458327275,0.04324882749354586,-0.05381358228892308
2026-06-11T11:58:57,rescore,ensemble_top3,full,next_open,5.0,1.0,"{""source"": ""run_ensembles"", ""tc_bps"": 5.0, ""leverage_cap"": 1.0}",0.013591565551989064,0.011954461544805284,1.0328772187662925,1.2796049166817165,-0.19626083035306685,0.8245695177401491,0.16183069823550955,0.1576295822600338,-0.16706161150924448,0.6218487394957983,7.221160436208072,0.635189028017164,0.22,,-0.17416562049554507,-0.1836830068820937,-0.16579075845157054,-0.18865378183955894,-0.06688849659250917,-0.08424764282198438,0.03880024282106498,-0.0553791563797017
2026-06-11T11:58:57,rescore,ensemble_top3,dev,next_open,5.0,1.0,"{""source"": ""run_ensembles"", ""tc_bps"": 5.0, ""leverage_cap"": 1.0}",0.011280755069868816,0.011657901748195032,0.9109859443084698,1.0658618200724028,-0.19626083035306685,0.6705604794370799,0.1316047564962719,0.14778558233562208,-0.16706161150924448,0.6375,6.842296589594682,0.5998958911884771,0.17,,-0.17416562049554507,-0.1836830068820937,-0.16579075845157054,-0.18865378183955894,-0.06688849659250917,-0.08424764282198438,,
2026-06-11T11:58:58,rescore,xs_momentum_multi,full,legacy_period,5.0,1.0,"{""n_long"": 30, ""source"": ""run_v2"", ""tc_bps"": 5.0, ""leverage_cap"": 1.0}",0.020866127835891632,0.007867052562861687,0.8670297919409016,1.0570574826307781,-0.44630416641029746,0.5316561447323118,0.2372803524916669,0.29756176459269396,-0.16609591657591372,0.5546218487394958,14.031210191082803,0.8746019108280253,0.07,,-0.21229268483843167,-0.2588698196499456,-0.27802452786483556,-0.4026097657496661,-0.024359185638757497,-0.2654918282291274,0.042430981274046875,-0.16042502396221225
2026-06-11T11:58:58,rescore,xs_momentum_multi,full,next_close,5.0,1.0,"{""n_long"": 30, ""source"": ""run_v2"", ""tc_bps"": 5.0, ""leverage_cap"": 1.0}",0.019926422818510675,0.015427087390361915,0.8716563196150386,1.0540845770657858,-0.3507694166559865,0.6431522210234448,0.22559812938939583,0.278841773456737,-0.20285155668470367,0.5798319327731093,14.164968152866253,0.8825636942675158,0.13,,-0.2515830347268424,-0.30255352685497583,-0.24924801956482467,-0.34106784587529726,-0.014766530129545985,-0.2977776529232822,0.0839711893070636,-0.1460164583071477
2026-06-11T11:58:58,rescore,xs_momentum_multi,full,next_open,5.0,1.0,"{""n_long"": 30, ""source"": ""run_v2"", ""tc_bps"": 5.0, ""leverage_cap"": 1.0}",0.020541397685271315,0.012738681617122882,0.8963841698113104,1.081966705250959,-0.34669255811089494,0.6755476363747667,0.23420733818053652,0.27904783395717414,-0.2018254073057838,0.5714285714285714,14.164968152866253,0.8825636942675158,0.19,,-0.24109854560434918,-0.2927830776261272,-0.245474606255079,-0.34186533099254135,-0.016746524238822835,-0.30395316626977764,0.076146861409355,-0.14955813756029335
2026-06-11T11:58:58,rescore,xs_momentum_multi,dev,next_open,5.0,1.0,"{""n_long"": 30, ""source"": ""run_v2"", ""tc_bps"": 5.0, ""leverage_cap"": 1.0}",0.016938204123668033,0.007682066040780811,0.7641848441467128,0.8819271917879182,-0.34669255811089494,0.5356958901847421,0.18572177853764127,0.27154537269605555,-0.2018254073057838,0.525,13.116049382716058,0.826572604350382,0.15,,-0.24109854560434918,-0.2927830776261272,-0.245474606255079,-0.34186533099254135,-0.016746524238822835,-0.30395316626977764,,
2026-06-11T11:58:58,rescore,xs_momentum_concentrated,full,legacy_period,5.0,1.0,"{""n_long"": 15, ""source"": ""run_v2"", ""tc_bps"": 5.0, ""leverage_cap"": 1.0}",0.01681969097754082,0.014573272495373324,0.8185247795758811,0.9923703254996291,-0.3988346870896118,0.4843589661061454,0.1931791566859924,0.256806652272894,-0.15056779617918226,0.6050420168067226,16.32515923566879,0.8845541401273883,0.07,,-0.2231506990752491,-0.28889899972990907,-0.2884865381553775,-0.3928452200660878,0.04423871398352075,-0.21474969243203001,0.06664589445909375,-0.11232244450261986
2026-06-11T11:58:59,rescore,xs_momentum_concentrated,full,next_close,5.0,1.0,"{""n_long"": 15, ""source"": ""run_v2"", ""tc_bps"": 5.0, ""leverage_cap"": 1.0}",0.0164648625525539,0.00460309506923906,0.7887170219085289,0.9431267985742847,-0.38790510893198005,0.4793206861741579,0.18593094298373813,0.2598727887763634,-0.18232277402816643,0.5462184873949579,16.378662420382167,0.8881369426751591,0.14,,-0.2415128637773103,-0.2982519862349552,-0.2917543552903701,-0.38790510893198005,0.10452139479166123,-0.23121541374041488,0.027477189404789826,-0.10445140950849907
2026-06-11T11:58:59,rescore,xs_momentum_concentrated,full,next_open,5.0,1.0,"{""n_long"": 15, ""source"": ""run_v2"", ""tc_bps"": 5.0, ""leverage_cap"": 1.0}",0.015988589955134806,0.004372407716226601,0.7664351972238518,0.9148255995465335,-0.3851213393009749,0.4655388133574588,0.17928893129681112,0.2601902055804456,-0.17919944546163813,0.5462184873949579,16.378662420382167,0.8881369426751591,0.19,,-0.24321735341797168,-0.29992593975462933,-0.28068273393540333,-0.3851213393009749,0.10935661006405151,-0.22989550431095573,0.018552053971901294,-0.10869620386118128
2026-06-11T11:58:59,rescore,xs_momentum_concentrated,dev,next_open,5.0,1.0,"{""n_long"": 15, ""source"": ""run_v2"", ""tc_bps"": 5.0, ""leverage_cap"": 1.0}",0.014255495532689993,0.007207302329661491,0.6671014197053188,0.750161253776999,-0.3851213393009749,0.3972620802552613,0.1529941044013976,0.2677325999508076,-0.17919944546163813,0.525,14.982716049382715,0.8348030570252791,0.15,,-0.24321735341797168,-0.29992593975462933,-0.28068273393540333,-0.3851213393009749,0.10935661006405151,-0.22989550431095573,,
2026-06-11T11:58:59,rescore,multi_dd_lev_1.3x,full,legacy_period,5.0,2.0,"{""lev"": 1.3, ""dd_gate"": ""60/0.08/0.18"", ""source"": ""run_v2"", ""tc_bps"": 5.0, ""leverage_cap"": 2.0}",0.024067147539708834,0.004748540923389166,0.7992451003732005,0.9552332805595287,-0.5463146446701541,0.472918893297048,0.2583625171493793,0.37887341486175297,-0.22502092408851304,0.5378151260504201,17.554836915376136,1.0790388084331837,0.07,,-0.2686365571278564,-0.32204006771532323,-0.3605367427002837,-0.49703111919044574,-0.03646160951756461,-0.2828675082811757,0.046994379922304486,-0.20635636404291147
2026-06-11T11:58:59,rescore,multi_dd_lev_1.3x,full,next_close,5.0,2.0,"{""lev"": 1.3, ""dd_gate"": ""60/0.08/0.18"", ""source"": ""run_v2"", ""tc_bps"": 5.0, ""leverage_cap"": 2.0}",0.020531087893631776,0.016143341458685567,0.722417719429624,0.8582083743628612,-0.45590916513638313,0.46235546934851113,0.21079209602692028,0.3518353372843701,-0.25738727895190316,0.5546218487394958,17.728722265694625,1.0893891269045213,0.14,,-0.31858006453941323,-0.37790068662018284,-0.3380378803921532,-0.42595552636829037,-0.10729011437153335,-0.3282767355787052,0.10019318220946327,-0.1882197899260415
2026-06-11T11:58:59,rescore,multi_dd_lev_1.3x,full,next_open,5.0,2.0,"{""lev"": 1.3, ""dd_gate"": ""60/0.08/0.18"", ""source"": ""run_v2"", ""tc_bps"": 5.0, ""leverage_cap"": 2.0}",0.0213568181672757,0.011368305208186547,0.7480763698519466,0.8883124606641463,-0.43759729113987456,0.5073849420767369,0.22203027621794225,0.35243776019715783,-0.24106841350634867,0.5462184873949579,17.728722265694625,1.0893891269045213,0.18,,-0.3057565834160806,-0.3661935462991823,-0.33787814667097504,-0.4268640968300401,-0.08871560733589345,-0.3356844802995457,0.08988082652280704,-0.19264644983508084
2026-06-11T11:59:00,rescore,multi_dd_lev_1.3x,dev,next_open,5.0,2.0,"{""lev"": 1.3, ""dd_gate"": ""60/0.08/0.18"", ""source"": ""run_v2"", ""tc_bps"": 5.0, ""leverage_cap"": 2.0}",0.015914848473771878,0.004002283230720605,0.5977198207557839,0.67536297817922,-0.43759729113987456,0.35544148799172987,0.15554023230390723,0.33875986021387633,-0.24106841350634867,0.5125,16.19886494306891,1.0058919606297883,0.16,,-0.3057565834160806,-0.3661935462991823,-0.33787814667097504,-0.4268640968300401,-0.08871560733589345,-0.3356844802995457,,
2026-06-11T11:59:00,rescore,conc_dd_lev_1.3x,full,legacy_period,5.0,2.0,"{""lev"": 1.3, ""dd_gate"": ""60/0.08/0.18"", ""source"": ""run_v2"", ""tc_bps"": 5.0, ""leverage_cap"": 2.0}",0.016708644388138044,0.007510520815073862,0.6746051113314051,0.7819833222388614,-0.5064687831053171,0.34055921707017506,0.17248261224483108,0.30730238541782834,-0.3488479420509103,0.5798319327731093,21.011545866996645,1.0887487956286641,0.08,,-0.2720111067067097,-0.3471701273944542,-0.4763625007852964,-0.4763625007852964,0.008271597947741682,-0.1874081651640458,0.08395706638043121,-0.1444951637426901
2026-06-11T11:59:00,rescore,conc_dd_lev_1.3x,full,next_close,5.0,2.0,"{""lev"": 1.3, ""dd_gate"": ""60/0.08/0.18"", ""source"": ""run_v2"", ""tc_bps"": 5.0, ""leverage_cap"": 2.0}",0.017718192008431718,0.0034912275118277325,0.7561969169735037,0.9281966413421255,-0.3772834051196726,0.5181919517354462,0.19550522405635817,0.29435776273257264,-0.15966077551383118,0.5210084033613446,21.081100007124032,1.0934064389407658,0.14,,-0.3115459614029167,-0.3606920233429648,-0.26079882510122876,-0.26079882510122876,0.06573976841741014,-0.20427148177944854,0.03194301059970117,-0.13428645333521882
2026-06-11T11:59:00,rescore,conc_dd_lev_1.3x,full,next_open,5.0,2.0,"{""lev"": 1.3, ""dd_gate"": ""60/0.08/0.18"", ""source"": ""run_v2"", ""tc_bps"": 5.0, ""leverage_cap"": 2.0}",0.017221945659881513,0.0037099550398551617,0.7385112074540243,0.9049149636621956,-0.3789504914263676,0.5006754410141114,0.18973120441741087,0.2951652835980957,-0.1524380687691057,0.5294117647058824,21.081100007124032,1.0934064389407658,0.23,,-0.3112112811026464,-0.3628662646157097,-0.22330849522278406,-0.2584681125666827,0.08409712181667106,-0.20132452332655526,0.020278250596651004,-0.13962803208310626
2026-06-11T11:59:00,rescore,conc_dd_lev_1.3x,dev,next_open,5.0,2.0,"{""lev"": 1.3, ""dd_gate"": ""60/0.08/0.18"", ""source"": ""run_v2"", ""tc_bps"": 5.0, ""leverage_cap"": 2.0}",0.014107447299268489,0.005361984430820366,0.6334960021309454,0.7319083772109527,-0.3789504914263676,0.39567610955604887,0.149941656161938,0.28547424283821976,-0.1524380687691057,0.5125,19.110204179320952,1.0026144083088677,0.15,,-0.3112112811026464,-0.3628662646157097,-0.22330849522278406,-0.2584681125666827,0.08409712181667106,-0.20132452332655526,,
2026-06-11T11:59:00,rescore,conc_dd_lev_1.5x,full,legacy_period,5.0,2.0,"{""lev"": 1.5, ""dd_gate"": ""60/0.08/0.18"", ""source"": ""run_v2"", ""tc_bps"": 5.0, ""leverage_cap"": 2.0}",0.019178842190533757,0.0084226896326427,0.6746051113314067,0.7819833222388626,-0.5672106664755299,0.33712541470380947,0.19122113115998718,0.3545796754821094,-0.39875661283918784,0.5714285714285714,24.244091384996132,1.2562486103407664,0.07,,-0.3090838679474103,-0.39036192084465504,-0.5328217031131812,-0.5328217031131812,-0.0015684136536811,-0.2140139953393152,0.09474548846657438,-0.16554890076090156
2026-06-11T11:59:01,rescore,conc_dd_lev_1.5x,full,next_close,5.0,2.0,"{""lev"": 1.5, ""dd_gate"": ""60/0.08/0.18"", ""source"": ""run_v2"", ""tc_bps"": 5.0, ""leverage_cap"": 2.0}",0.02028110379278544,0.00353527712340429,0.7561969169735063,0.928196641342128,-0.42286443379792804,0.5185119370696949,0.21926025668644344,0.3396435723837373,-0.18293789182692766,0.5126050420168067,24.324346162066192,1.2616228141624224,0.15,,-0.35206942395811947,-0.4049413879752668,-0.29649563060129513,-0.29649563060129513,0.06521532561257026,-0.23449097794731233,0.03392257940221821,-0.1537977724698557
2026-06-11T11:59:01,rescore,conc_dd_lev_1.5x,full,next_open,5.0,2.0,"{""lev"": 1.5, ""dd_gate"": ""60/0.08/0.18"", ""source"": ""run_v2"", ""tc_bps"": 5.0, ""leverage_cap"": 2.0}",0.019687655547757303,0.0032258626045131855,0.7385112074540253,0.9049149636621978,-0.42468926159013487,0.5001630563630316,0.2124138790814809,0.3405753272285723,-0.17485954395831715,0.5210084033613446,24.324346162066192,1.2616228141624224,0.2,,-0.35175479985517577,-0.40731868708337327,-0.25528798396095076,-0.2939173647125203,0.08638627303905722,-0.2313081771403891,0.020428402191485562,-0.15982764813634665
2026-06-11T11:59:01,rescore,conc_dd_lev_1.5x,dev,next_open,5.0,2.0,"{""lev"": 1.5, ""dd_gate"": ""60/0.08/0.18"", ""source"": ""run_v2"", ""tc_bps"": 5.0, ""leverage_cap"": 2.0}",0.01607195066359434,0.005756425867958548,0.6334960021309453,0.7319083772109529,-0.42468926159013487,0.39153598954928437,0.16628113028764835,0.3293933571210228,-0.17485954395831715,0.5125,22.050235591524174,1.1568627788179244,0.15,,-0.35175479985517577,-0.40731868708337327,-0.25528798396095076,-0.2939173647125203,0.08638627303905722,-0.2313081771403891,,
2026-06-11T11:59:01,rescore,ts_momentum_multiasset,full,legacy_period,5.0,1.5,"{""source"": ""run_v3"", ""tc_bps"": 5.0, ""leverage_cap"": 1.5}",0.003260942896162518,0.004541652269398844,0.527647144887978,0.5603198961880598,-0.1600783229826641,0.23478095400187302,0.037583341384889835,0.07548069263995225,-0.044303027685430485,0.5714285714285714,3.3270777079458353,0.8662420382165605,0.12,,-0.059061589451753216,-0.07527981689190366,-0.09565018517936996,-0.1600783229826641,-0.053406409501014496,-0.11286449739300741,-0.008504242730175138,-0.03433914737919641
2026-06-11T11:59:01,rescore,ts_momentum_multiasset,full,next_close,5.0,1.5,"{""source"": ""run_v3"", ""tc_bps"": 5.0, ""leverage_cap"": 1.5}",0.003189821552459927,0.004085483633640141,0.5654494654629788,0.6010878471350733,-0.12099653840021718,0.30405290524735845,0.036789349025459606,0.06814585539755365,-0.048437652852582835,0.6050420168067226,3.342207882885421,0.8742038216560509,0.17,,-0.062146247309153635,-0.07603492239624365,-0.0731435895192577,-0.11869828396294413,-0.05716638252884465,-0.11522627334804891,-0.0008878479592476785,-0.030291983351633855
2026-06-11T11:59:02,rescore,ts_momentum_multiasset,full,next_open,5.0,1.5,"{""source"": ""run_v3"", ""tc_bps"": 5.0, ""leverage_cap"": 1.5}",0.0032219962123668203,0.004186076574594466,0.5712692870301055,0.6071781785716023,-0.1207775338475312,0.3079673379623169,0.03719553558467781,0.06813788330419814,-0.04509135435303202,0.6134453781512605,3.342207882885421,0.8742038216560509,0.3,,-0.0593920792641649,-0.07332154082249576,-0.07665196668960006,-0.1207775338475312,-0.05595141590601671,-0.11721050126277133,-0.00033132383631917506,-0.03001776884357943
2026-06-11T11:59:02,rescore,ts_momentum_multiasset,dev,next_open,5.0,1.5,"{""source"": ""run_v3"", ""tc_bps"": 5.0, ""leverage_cap"": 1.5}",0.00218211923054326,0.003037945713777357,0.37349890491745447,0.36915304423798373,-0.1207775338475312,0.20250646333565034,0.024458231229865346,0.07157179221826714,-0.04509135435303202,0.5875,3.162217847442807,0.8142269253380364,0.17,,-0.0593920792641649,-0.07332154082249576,-0.07665196668960006,-0.1207775338475312,-0.05595141590601671,-0.11721050126277133,,
2026-06-11T11:59:02,rescore,xs_momentum_fast,full,legacy_period,5.0,1.5,"{""n_long"": 20, ""source"": ""run_v3"", ""tc_bps"": 5.0, ""leverage_cap"": 1.5}",0.022758557880788184,0.019153654113237994,0.8449728167371999,1.1380952104605486,-0.43364408502576934,0.5652047191687869,0.24509768329619552,0.3215320123297342,-0.29266595038449894,0.5882352941176471,30.175796178343948,0.9621815286624206,0.08,,-0.20659419417667413,-0.2352627958420357,-0.40056920376983307,-0.43364408502576934,-0.24977240806873657,-0.3181275930878559,0.2103619763364002,-0.09886448796922542
2026-06-11T11:59:02,rescore,xs_momentum_fast,full,next_close,5.0,1.5,"{""n_long"": 20, ""source"": ""run_v3"", ""tc_bps"": 5.0, ""leverage_cap"": 1.5}",0.025140555384163557,0.012040514248428336,0.9267143821377717,1.246132270108176,-0.42593271214209905,0.6460053385899746,0.27515480592390285,0.3176430026042005,-0.24099046544083025,0.5630252100840336,30.205891719745225,0.9637738853503186,0.14,,-0.21452526073540068,-0.23074794469509474,-0.3606746326714888,-0.3818834037003851,-0.30585103440648753,-0.352855356878943,0.20676014119294495,-0.11687164460063859
2026-06-11T11:59:02,rescore,xs_momentum_fast,full,next_open,5.0,1.5,"{""n_long"": 20, ""source"": ""run_v3"", ""tc_bps"": 5.0, ""leverage_cap"": 1.5}",0.025871491694324292,0.011837169308686946,0.9548091494723729,1.2985588276252267,-0.4049980125657222,0.7072952878347079,0.2864531858701571,0.3174670363641446,-0.20460625339669536,0.5546218487394958,30.205891719745225,0.9637738853503186,0.18,,-0.23525902210079597,-0.2508294404673186,-0.3398749641886002,-0.3830090686400005,-0.28891821921884464,-0.34279049577771237,0.21536653365236202,-0.11257486555549168
2026-06-11T11:59:02,rescore,xs_momentum_fast,dev,next_open,5.0,1.5,"{""n_long"": 20, ""source"": ""run_v3"", ""tc_bps"": 5.0, ""leverage_cap"": 1.5}",0.017998074555043708,0.007803041437932423,0.709983332163513,0.9143414022656395,-0.4049980125657222,0.4498645017458529,0.1821942291309393,0.2992960961571443,-0.20460625339669536,0.55,29.73333333333333,0.9465020576131689,0.15,,-0.23525902210079597,-0.2508294404673186,-0.3398749641886002,-0.3830090686400005,-0.28891821921884464,-0.34279049577771237,,
2026-06-11T11:59:03,rescore,xs_momentum_fast_top10,full,legacy_period,5.0,1.5,"{""n_long"": 10, ""source"": ""run_v3"", ""tc_bps"": 5.0, ""leverage_cap"": 1.5}",0.028768315196920965,0.019155560363275592,0.8459414112515402,1.2042410746159877,-0.46689436079013447,0.6273951429857715,0.2929272542471768,0.3982076395366674,-0.3406087466420481,0.5630252100840336,33.105095541401276,0.9621815286624202,0.07,,-0.20498354891172865,-0.2494795625324583,-0.4416547339565561,-0.4442317859396342,-0.2407344921232144,-0.341421933345741,0.2803726343331381,-0.101439270441405
2026-06-11T11:59:03,rescore,xs_momentum_fast_top10,full,next_close,5.0,1.5,"{""n_long"": 10, ""source"": ""run_v3"", ""tc_bps"": 5.0, ""leverage_cap"": 1.5}",0.02849145222444073,0.014228812966962101,0.8014340895300113,1.1203308828105651,-0.47624955864776153,0.5661032228687004,0.26960641004029395,0.39723433217214194,-0.36297171885119695,0.5294117647058824,33.205414012738856,0.9637738853503183,0.13,,-0.2894366894882848,-0.2899884659160551,-0.46321866106463794,-0.46372369065428976,-0.2732054845736497,-0.3127948253559629,0.22071413609793544,-0.1412895705501339
2026-06-11T11:59:03,rescore,xs_momentum_fast_top10,full,next_open,5.0,1.5,"{""n_long"": 10, ""source"": ""run_v3"", ""tc_bps"": 5.0, ""leverage_cap"": 1.5}",0.028955597384121016,0.01435032126390201,0.8207915409056825,1.1609224815591188,-0.462581719593798,0.6042816683420998,0.2795296532606977,0.3973897819549293,-0.3337227891202137,0.5294117647058824,33.205414012738856,0.9637738853503183,0.17,,-0.31427326937675915,-0.3148057593607654,-0.45225949763575335,-0.4527748381311837,-0.2364057125957254,-0.29447049683710014,0.21332324240602563,-0.1458506774070023
2026-06-11T11:59:03,rescore,xs_momentum_fast_top10,dev,next_open,5.0,1.5,"{""n_long"": 10, ""source"": ""run_v3"", ""tc_bps"": 5.0, ""leverage_cap"": 1.5}",0.0160429914626686,0.007225801275724142,0.49792700734333173,0.6635014585564166,-0.462581719593798,0.26369126957910255,0.12197876092377302,0.3673634151870898,-0.3337227891202137,0.5125,32.62222222222222,0.9465020576131686,0.14,,-0.31427326937675915,-0.3148057593607654,-0.45225949763575335,-0.4527748381311837,-0.2364057125957254,-0.29447049683710014,,
2026-06-11T11:59:04,rescore,combo_4way_1x,full,legacy_period,5.0,1.5,"{""lev"": 1.0, ""source"": ""run_v3"", ""tc_bps"": 5.0, ""leverage_cap"": 1.5}",0.016733009182864748,0.014026431491910074,0.9950174028443028,1.2523475537930493,-0.28147598950365027,0.6998904845498103,0.1970023666828471,0.20169478608499505,-0.14975509131304587,0.6554621848739496,11.813886731119686,0.8060602285624285,0.24,,-0.190907652629292,-0.22145827091262638,-0.25089925843999616,-0.28147598950365027,-0.15418666320159025,-0.20658372543846737,0.06272755360427285,-0.06720357396487242
2026-06-11T11:59:04,rescore,combo_4way_1x,full,next_close,5.0,1.5,"{""lev"": 1.0, ""source"": ""run_v3"", ""tc_bps"": 5.0, ""leverage_cap"": 1.5}",0.018266579441794138,0.014576773405364785,1.1260433191356054,1.4658126100543378,-0.22067185606695894,0.9947951987365926,0.2195233029117032,0.1933270314574437,-0.15339941980000127,0.6554621848739496,11.823840709804186,0.8071506219737058,0.14,,-0.19375030021376183,-0.20913439230573916,-0.1921116651172432,-0.1921116651172432,-0.08341923618649627,-0.1399093158904665,0.0709556647576235,-0.07001534050985048
2026-06-11T11:59:04,rescore,combo_4way_1x,full,next_open,5.0,1.5,"{""lev"": 1.0, ""source"": ""run_v3"", ""tc_bps"": 5.0, ""leverage_cap"": 1.5}",0.018388581724511296,0.015350498886020914,1.1313391345851185,1.479612597779503,-0.227757879186557,0.9714547590117503,0.22125647563820405,0.19375019107980265,-0.15912277426864085,0.6470588235294118,11.823840709804186,0.8071506219737058,0.2,,-0.20075127764626377,-0.21612903317079746,-0.1641141872238927,-0.19240531858893073,-0.09667453596875342,-0.14768052722580716,0.06701509636298675,-0.07027632250439064
2026-06-11T11:59:04,rescore,combo_4way_1x,dev,next_open,5.0,1.5,"{""lev"": 1.0, ""source"": ""run_v3"", ""tc_bps"": 5.0, ""leverage_cap"": 1.5}",0.014314597547517693,0.015009417444186268,0.9428431432199114,1.1834374518654607,-0.227757879186557,0.7348595667471532,0.16737005642228375,0.181770321903088,-0.15912277426864085,0.6625,11.680906627822493,0.7657544967548633,0.17,,-0.20075127764626377,-0.21612903317079746,-0.1641141872238927,-0.19240531858893073,-0.09667453596875342,-0.14768052722580716,,
2026-06-11T11:59:04,rescore,combo_4way_1.5x,full,legacy_period,5.0,2.5,"{""lev"": 1.5, ""source"": ""run_v3"", ""tc_bps"": 5.0, ""leverage_cap"": 2.5}",0.025066167728691222,0.020145080348271005,0.9950174028443013,1.2523475537930475,-0.3981655370467537,0.7271529092699576,0.289527228634582,0.30254217912749265,-0.2226289228850853,0.6554621848739496,17.720830096679528,1.2090903428436428,0.06,,-0.27725406454929025,-0.31751919347745716,-0.35975809935219494,-0.3981655370467537,-0.23440818218995774,-0.30028901482675674,0.09040179326375153,-0.10042916932019319
2026-06-11T11:59:04,rescore,combo_4way_1.5x,full,next_close,5.0,2.5,"{""lev"": 1.5, ""source"": ""run_v3"", ""tc_bps"": 5.0, ""leverage_cap"": 2.5}",0.02743986467301606,0.020727195170599844,1.1260433191356052,1.4658126100543387,-0.31609106860607283,1.0370915029198977,0.3278153614002286,0.2899905471861656,-0.2239759163448094,0.6470588235294118,17.73576106470628,1.2107259329605589,0.13,,-0.2801567739576645,-0.30059504292869565,-0.2778476003265442,-0.2778476003265442,-0.13425913338761464,-0.20823853595619712,0.10304759746029313,-0.10421576675463917
2026-06-11T11:59:05,rescore,combo_4way_1.5x,full,next_open,5.0,2.5,"{""lev"": 1.5, ""source"": ""run_v3"", ""tc_bps"": 5.0, ""leverage_cap"": 2.5}",0.027619611590254983,0.02296036677697688,1.1313391345851187,1.4796125977795005,-0.3253830257187964,1.015951574228373,0.3305733972062024,0.29062528661970377,-0.2317983055024857,0.6386554621848739,17.73576106470628,1.2107259329605589,0.17,,-0.2894985939728858,-0.3098396865577322,-0.24032604227111365,-0.2782517640927209,-0.15312812734639836,-0.2209529299514189,0.09692901994614522,-0.10458845088117319
2026-06-11T11:59:05,rescore,combo_4way_1.5x,dev,next_open,5.0,2.5,"{""lev"": 1.5, ""source"": ""run_v3"", ""tc_bps"": 5.0, ""leverage_cap"": 2.5}",0.021369451553414624,0.021931991475112822,0.9428431432199114,1.1834374518654591,-0.3253830257187964,0.7546751753943554,0.24555849200467872,0.2726554828546317,-0.2317983055024857,0.65,17.52135994173374,1.1486317451322952,0.14,,-0.2894985939728858,-0.3098396865577322,-0.24032604227111365,-0.2782517640927209,-0.15312812734639836,-0.2209529299514189,,
2026-06-11T11:59:05,rescore,combo_4way_2x,full,legacy_period,5.0,2.5,"{""lev"": 2.0, ""source"": ""run_v3"", ""tc_bps"": 5.0, ""leverage_cap"": 2.5}",0.03339510614506484,0.025649222822430984,0.9950174028443002,1.252347553793046,-0.5015462064727416,0.7472701545465417,0.37479051122311735,0.4033895721699902,-0.2959712414724588,0.6470588235294118,23.62777346223937,1.612120457124857,0.07,,-0.3574065323103033,-0.40437018673486047,-0.4577193336477392,-0.5002341966653991,-0.3145540118746194,-0.3872025587251837,0.11525860354999318,-0.1333476400229019
2026-06-11T11:59:05,rescore,combo_4way_2x,full,next_close,5.0,2.5,"{""lev"": 2.0, ""source"": ""run_v3"", ""tc_bps"": 5.0, ""leverage_cap"": 2.5}",0.036650236474124756,0.026777138348909935,1.1260433191356045,1.4658126100543367,-0.4022496086796161,1.074056010683618,0.4320386099974749,0.3866540629148873,-0.29050848922775196,0.6302521008403361,23.64768141960837,1.6143012439474116,0.13,,-0.3597806321816607,-0.3838249581006532,-0.35701150074147614,-0.35701150074147614,-0.18971953102115668,-0.2770683853961332,0.13247244519206025,-0.13785955989091636
2026-06-11T11:59:05,rescore,combo_4way_2x,full,next_open,5.0,2.5,"{""lev"": 2.0, ""source"": ""run_v3"", ""tc_bps"": 5.0, ""leverage_cap"": 2.5}",0.03688534741401514,0.030523922922967683,1.1313391345851171,1.4796125977795012,-0.4130374826330928,1.0553652606815427,0.43590541053032217,0.3875003821596053,-0.2999879772569225,0.6386554621848739,23.64768141960837,1.6143012439474116,0.17,,-0.3708190719293918,-0.3946453912657749,-0.3124890008569533,-0.357504004146575,-0.21338030781902795,-0.29274557833765236,0.12405415919813789,-0.13833189329321816
2026-06-11T11:59:05,rescore,combo_4way_2x,dev,next_open,5.0,2.5,"{""lev"": 2.0, ""source"": ""run_v3"", ""tc_bps"": 5.0, ""leverage_cap"": 2.5}",0.02835660770337963,0.028905156609622784,0.9428431432199076,1.1834374518654562,-0.4130374826330928,0.7694400116442083,0.3178075654467014,0.3635406438061761,-0.2999879772569225,0.65,23.361813255644986,1.5315089935097266,0.14,,-0.3708190719293918,-0.3946453912657749,-0.3124890008569533,-0.357504004146575,-0.21338030781902795,-0.29274557833765236,,
2026-06-11T11:59:05,rescore,combo_4way_2.5x,full,legacy_period,5.0,3.0,"{""lev"": 2.5, ""source"": ""run_v4"", ""tc_bps"": 5.0, ""leverage_cap"": 3.0}",0.041733258366778624,0.030526144065186722,0.995017402844302,1.252347553793048,-0.59490255285394,0.75694740035233,0.4503099408457545,0.5042369652124875,-0.3677369746218754,0.6470588235294118,29.53471682779921,2.015150571406071,0.06,,-0.43137727738861287,-0.48249986109692644,-0.5450898693588333,-0.5888047735633741,-0.3931479367688787,-0.4671779941087274,0.13704820500736603,-0.16591876814083062
2026-06-11T11:59:06,rescore,combo_4way_2.5x,full,next_close,5.0,3.0,"{""lev"": 2.5, ""source"": ""run_v4"", ""tc_bps"": 5.0, ""leverage_cap"": 3.0}",0.045905860394111715,0.0323766091322617,1.1260433191356043,1.4658126100543365,-0.48659248959705215,1.088622767683498,0.5297156627591466,0.4833175786436093,-0.3530515579345812,0.6218487394957983,29.559601774510465,2.0178765549342645,0.12,,-0.4328287578378185,-0.45924510345272396,-0.4298574986579181,-0.4298574986579181,-0.2486121130114649,-0.3443376823898513,0.15893551081803947,-0.17093379749475712
2026-06-11T11:59:06,rescore,combo_4way_2.5x,full,next_open,5.0,3.0,"{""lev"": 2.5, ""source"": ""run_v4"", ""tc_bps"": 5.0, ""leverage_cap"": 3.0}",0.04619393779242368,0.03710201735720631,1.1313391345851185,1.4796125977795,-0.4999435961248013,1.0696271906017736,0.5347532641823189,0.48437547769950595,-0.3637935486196021,0.6386554621848739,29.559601774510465,2.0178765549342645,0.17,,-0.4450097347170946,-0.4710734299682807,-0.38053472643845254,-0.4304178082062401,-0.27617367795616155,-0.36233692314950605,0.14811144261249698,-0.1714941014928969
2026-06-11T11:59:06,rescore,combo_4way_2.5x,dev,next_open,5.0,3.0,"{""lev"": 2.5, ""source"": ""run_v4"", ""tc_bps"": 5.0, ""leverage_cap"": 3.0}",0.03527674003031085,0.035233627365463205,0.9428431432199076,1.183437451865456,-0.49139206462705054,0.7782369355625467,0.3824194545351087,0.45442580475771993,-0.3637935486196021,0.65,29.202266569556233,1.9143862418871582,0.14,,-0.4450097347170946,-0.4710734299682807,-0.38053472643845254,-0.4304178082062401,-0.27617367795616155,-0.36233692314950605,,
2026-06-11T11:59:06,rescore,combo_4way_kelly_0.4,full,legacy_period,5.0,3.0,"{""kelly"": 0.4, ""max_lev"": 2.5, ""source"": ""run_v4"", ""tc_bps"": 5.0, ""leverage_cap"": 3.0}",0.02159572999354063,0.012071029089956387,0.8549099657013449,0.9995631987221998,-0.45361979531424923,0.5223349286958608,0.23694146344049938,0.30380194467153,-0.2272033845085949,0.6218487394957983,23.283898459802213,1.139144605518381,0.26,,-0.225589316300581,-0.23216604307140065,-0.41527110239126863,-0.45361979531424923,-0.27445571170452276,-0.3042427035065227,0.08312277718481864,-0.0913963703175269
2026-06-11T11:59:07,rescore,combo_4way_kelly_0.4,full,next_close,5.0,3.0,"{""kelly"": 0.4, ""max_lev"": 2.5, ""source"": ""run_v4"", ""tc_bps"": 5.0, ""leverage_cap"": 3.0}",0.02396292825130106,0.011398167499609757,0.9869026857959797,1.1875469000962844,-0.3454180989888358,0.7948810424384757,0.2745662986013624,0.2890393200156671,-0.2069454614825289,0.5630252100840336,23.297472067099253,1.1406315056246679,0.15,,-0.20649253359065467,-0.21903721314857016,-0.32098387800847483,-0.32098387800847483,-0.11276528516670592,-0.21753048620048654,0.09454706305581717,-0.09494301961895513
2026-06-11T11:59:07,rescore,combo_4way_kelly_0.4,full,next_open,5.0,3.0,"{""kelly"": 0.4, ""max_lev"": 2.5, ""source"": ""run_v4"", ""tc_bps"": 5.0, ""leverage_cap"": 3.0}",0.023891274226317073,0.010207424994950198,0.9818411790417602,1.195918648018948,-0.34592269008463283,0.7908351174176591,0.2735678112305131,0.2899695896467926,-0.20064516286483158,0.5630252100840336,23.297472067099253,1.1406315056246679,0.2,,-0.2004101445132247,-0.21910383625150387,-0.27996243668737797,-0.31722446565901785,-0.12642894051792142,-0.21967503429046475,0.08903515736709977,-0.09528645023359084
2026-06-11T11:59:07,rescore,combo_4way_kelly_0.4,dev,next_open,5.0,3.0,"{""kelly"": 0.4, ""max_lev"": 2.5, ""source"": ""run_v4"", ""tc_bps"": 5.0, ""leverage_cap"": 3.0}",0.017721650096366958,0.01078920065928679,0.7620120713053435,0.8801723979701596,-0.31766347813563733,0.60564549180221,0.19239145344305864,0.2845564523235278,-0.20064516286483158,0.5875,24.00134046774808,1.1503336186271047,0.16,,-0.2004101445132247,-0.21910383625150387,-0.27996243668737797,-0.31722446565901785,-0.12642894051792142,-0.21967503429046475,,
2026-06-11T11:59:07,rescore,combo_4way_kelly_0.6,full,legacy_period,5.0,3.0,"{""kelly"": 0.6, ""max_lev"": 3.0, ""source"": ""run_v4"", ""tc_bps"": 5.0, ""leverage_cap"": 3.0}",0.02314658298973007,0.012071029089956609,0.8976648716426453,1.0603135459437842,-0.45361979531424934,0.5693911449572022,0.25828709462923216,0.31087477550241094,-0.22824644444650377,0.6218487394957983,24.577863155602035,1.1858793438679973,0.24,,-0.22697905228754311,-0.2335439766464612,-0.4152711023912685,-0.45361979531424934,-0.27912241220159806,-0.3050361277714241,0.08312277718481842,-0.09139637031752712
2026-06-11T11:59:08,rescore,combo_4way_kelly_0.6,full,next_close,5.0,3.0,"{""kelly"": 0.6, ""max_lev"": 3.0, ""source"": ""run_v4"", ""tc_bps"": 5.0, ""leverage_cap"": 3.0}",0.024236444983456788,0.0155531349747704,0.9712534098780917,1.1661786594977008,-0.3447488554956981,0.8023307503491424,0.2766026079118715,0.298170854241162,-0.20955144842994522,0.5630252100840336,24.591436762899082,1.1873662439742845,0.15,,-0.20910000886468283,-0.22267989646726138,-0.3209838780084747,-0.3209838780084747,-0.1267131643262468,-0.22133562463544476,0.09454706305581673,-0.09494301961895513
2026-06-11T11:59:08,rescore,combo_4way_kelly_0.6,full,next_open,5.0,3.0,"{""kelly"": 0.6, ""max_lev"": 3.0, ""source"": ""run_v4"", ""tc_bps"": 5.0, ""leverage_cap"": 3.0}",0.02442903635794949,0.011370976323623383,0.9773148117245842,1.1887848066722528,-0.3218962016836161,0.8683224914461969,0.279509711832985,0.29879513177984846,-0.20275886688851696,0.5546218487394958,24.591436762899082,1.1873662439742845,0.21,,-0.20252446998712492,-0.2225696390331141,-0.27996243668737786,-0.31722446565901763,-0.13937694682007196,-0.22156823789289126,0.08903515736709955,-0.09528645023359072
2026-06-11T11:59:08,rescore,combo_4way_kelly_0.6,dev,next_open,5.0,3.0,"{""kelly"": 0.6, ""max_lev"": 3.0, ""source"": ""run_v4"", ""tc_bps"": 5.0, ""leverage_cap"": 3.0}",0.017895374516097812,0.01138428032586647,0.7431943302629399,0.8552201826000785,-0.31722446565901763,0.60600328811998,0.1922390692614684,0.29625350832410074,-0.20275886688851696,0.575,25.773385553923706,1.2033818955960927,0.16,,-0.20252446998712492,-0.2225696390331141,-0.27996243668737786,-0.31722446565901763,-0.13937694682007196,-0.22156823789289126,,
2026-06-11T11:59:08,rescore,combo_4way_kelly_0.25,full,legacy_period,5.0,3.0,"{""kelly"": 0.25, ""max_lev"": 2.0, ""source"": ""run_v4"", ""tc_bps"": 5.0, ""leverage_cap"": 3.0}",0.020056498857653014,0.010885884355441577,0.844548940980157,0.9888767718666339,-0.4078751643673263,0.5380458984740043,0.21945555927725025,0.28334712265203915,-0.21368681174532833,0.6134453781512605,20.990047880589415,1.0408096619764113,0.24,,-0.21239550940909668,-0.22039293202121202,-0.3633165288628112,-0.395241300918456,-0.2518344329057888,-0.3036076958742404,0.06998770786486075,-0.09139637031752734
2026-06-11T11:59:09,rescore,combo_4way_kelly_0.25,full,next_close,5.0,3.0,"{""kelly"": 0.25, ""max_lev"": 2.0, ""source"": ""run_v4"", ""tc_bps"": 5.0, ""leverage_cap"": 3.0}",0.02184127096310487,0.007054953887437376,0.9628276118749534,1.1532153402072343,-0.34455877221865405,0.72099559574853,0.24842535724617054,0.2687095028842247,-0.18197914788175107,0.5714285714285714,21.003621487886466,1.0422965620826987,0.14,,-0.18151196127343516,-0.18489688593888975,-0.2829594196845364,-0.2829594196845364,-0.11482455103276679,-0.19959098800745512,0.08025069621602321,-0.09494301961895502
2026-06-11T11:59:09,rescore,combo_4way_kelly_0.25,full,next_open,5.0,3.0,"{""kelly"": 0.25, ""max_lev"": 2.0, ""source"": ""run_v4"", ""tc_bps"": 5.0, ""leverage_cap"": 3.0}",0.021400210153479267,0.0085441619311033,0.9386726161429445,1.135945779384793,-0.3624263120560569,0.6658303901318958,0.24131445275034857,0.2698191284211606,-0.18059053650116552,0.5714285714285714,21.003621487886466,1.0422965620826987,0.2,,-0.1803496218879599,-0.18532521793487922,-0.2490515658020097,-0.2786549718807739,-0.12469802491116844,-0.20224110285478503,0.07774067492066261,-0.09528645023359084
2026-06-11T11:59:09,rescore,combo_4way_kelly_0.25,dev,next_open,5.0,3.0,"{""kelly"": 0.25, ""max_lev"": 2.0, ""source"": ""run_v4"", ""tc_bps"": 5.0, ""leverage_cap"": 3.0}",0.015749098507454838,0.007804707138673761,0.74003604853977,0.8526046596131869,-0.29040163645643735,0.5893334411744373,0.17114339573556014,0.25926394070636805,-0.18059053650116552,0.6,21.36881404117458,1.0402379077148143,0.16,,-0.1803496218879599,-0.18532521793487922,-0.2490515658020097,-0.2786549718807739,-0.12469802491116844,-0.20224110285478503,,
2026-06-11T11:59:09,rescore,FINAL_3pct_target,full,legacy_period,5.0,1.5,"{""source"": ""run_final"", ""tc_bps"": 5.0, ""leverage_cap"": 1.5}",0.017307261499808883,0.011156683308548354,1.0250300602690137,1.2690652235188393,-0.28350029467363114,0.7273561903897356,0.2062056943081798,0.20367380783410205,-0.14946150438043693,0.6554621848739496,6.808463055998358,0.7180515065566672,0.22,,-0.19728796424972128,-0.22698898679982416,-0.24256534687805886,-0.28350029467363114,-0.06730301249471737,-0.15479520065237085,0.04057379307094644,-0.06721271736304213
2026-06-11T11:59:10,rescore,FINAL_3pct_target,full,next_close,5.0,1.5,"{""source"": ""run_final"", ""tc_bps"": 5.0, ""leverage_cap"": 1.5}",0.018091090218265354,0.013182495800604599,1.1118037644348604,1.418162812507553,-0.23298626499819675,0.9372037271000051,0.21835559591941944,0.19528788718924495,-0.16033795832901865,0.6554621848739496,6.813015611802678,0.7188561758774116,0.15,,-0.20196632524513602,-0.21784491719229393,-0.2070994266329207,-0.2070994266329207,0.02190878206663638,-0.1200885703616239,0.051036155707891995,-0.0658069965997784
2026-06-11T11:59:10,rescore,FINAL_3pct_target,full,next_open,5.0,1.5,"{""source"": ""run_final"", ""tc_bps"": 5.0, ""leverage_cap"": 1.5}",0.018083767155994232,0.014386908142303811,1.109182819087237,1.416798679824151,-0.234870070275911,0.9307701961762906,0.21861006138664885,0.19607583564029257,-0.16117368540923915,0.6470588235294118,6.813015611802678,0.7188561758774116,0.2,,-0.20378126957156162,-0.21976591000604118,-0.1752382923226129,-0.2062832480158644,0.009464419653191003,-0.12268359919408456,0.04521003705402449,-0.06682394946708647
2026-06-11T11:59:10,rescore,FINAL_3pct_target,dev,next_open,5.0,1.5,"{""source"": ""run_final"", ""tc_bps"": 5.0, ""leverage_cap"": 1.5}",0.015091746635394584,0.013793378058435057,0.9751613796643154,1.1992553502746444,-0.234870070275911,0.7608112463004687,0.17869179088529452,0.18656291466781527,-0.16117368540923915,0.6625,6.697493700077851,0.6941939132629172,0.17,,-0.20378126957156162,-0.21976591000604118,-0.1752382923226129,-0.2062832480158644,0.009464419653191003,-0.12268359919408456,,
2026-06-11T11:59:10,rescore,FINAL_3pct_lev_1.3x,full,legacy_period,5.0,2.0,"{""lev"": 1.3, ""source"": ""run_final"", ""tc_bps"": 5.0, ""leverage_cap"": 2.0}",0.022438608646083606,0.014445279615687756,1.025030060269014,1.2690652235188384,-0.35598521219390644,0.7460689802502914,0.2655895242456914,0.2647759501843324,-0.19175212798911656,0.6554621848739496,8.851001972797867,0.9334669585236676,0.07,,-0.25154884019411505,-0.28720165875707104,-0.3081596988394253,-0.35598521219390644,-0.09439510611469748,-0.19866379299212333,0.05079599703610427,-0.08696106142692384
2026-06-11T11:59:10,rescore,FINAL_3pct_lev_1.3x,full,next_close,5.0,2.0,"{""lev"": 1.3, ""source"": ""run_final"", ""tc_bps"": 5.0, ""leverage_cap"": 2.0}",0.023485322777660033,0.01623708116688216,1.1118037644348593,1.4181628125075518,-0.2942725895587047,0.9618765225121596,0.28305389511537493,0.2538742533460184,-0.20498443456072912,0.6470588235294118,8.856920295343482,0.9345130286406352,0.13,,-0.2567779704088269,-0.2759097843278373,-0.26281680208425495,-0.26281680208425495,0.020869307435471773,-0.1547936086513978,0.06462039180738888,-0.08515894097479271
2026-06-11T11:59:10,rescore,FINAL_3pct_lev_1.3x,full,next_open,5.0,2.0,"{""lev"": 1.3, ""source"": ""run_final"", ""tc_bps"": 5.0, ""leverage_cap"": 2.0}",0.02346057706270159,0.018246300652453362,1.1091828190872337,1.4167986798241452,-0.2965307145274253,0.9554721804782101,0.2833268483882807,0.2548985863323802,-0.2060100586346979,0.6386554621848739,8.856920295343482,0.9345130286406352,0.17,,-0.25898060604615025,-0.2782266649979437,-0.22429203089783634,-0.26182625515234415,0.004639733797283441,-0.15811714277918454,0.05693388819965173,-0.0864618503078104
2026-06-11T11:59:11,rescore,FINAL_3pct_lev_1.3x,dev,next_open,5.0,2.0,"{""lev"": 1.3, ""source"": ""run_final"", ""tc_bps"": 5.0, ""leverage_cap"": 2.0}",0.019520942266655166,0.017194696317951008,0.9751613796643112,1.1992553502746393,-0.2965307145274253,0.7749778063344598,0.22980472265525398,0.24253178906816,-0.2060100586346979,0.6625,8.706741810101208,0.9024520872417927,0.14,,-0.25898060604615025,-0.2782266649979437,-0.22429203089783634,-0.26182625515234415,0.004639733797283441,-0.15811714277918454,,
2026-06-11T11:59:11,rescore,FINAL_3pct_lev_1.5x,full,legacy_period,5.0,2.0,"{""lev"": 1.5, ""source"": ""run_final"", ""tc_bps"": 5.0, ""leverage_cap"": 2.0}",0.025846035148479034,0.016243527316826212,1.0250300602690168,1.2690652235188424,-0.4012623902093775,0.7576874993988535,0.3040314970405502,0.30551071175115313,-0.21926716914308408,0.6554621848739496,10.212694583997537,1.077077259835001,0.07,,-0.28642165265417774,-0.32539122069602766,-0.3499632926858699,-0.4012623902093775,-0.11400098575642204,-0.2272218362021916,0.05707741809411915,-0.10001791644440006
2026-06-11T11:59:11,rescore,FINAL_3pct_lev_1.5x,full,next_close,5.0,2.0,"{""lev"": 1.5, ""source"": ""run_final"", ""tc_bps"": 5.0, ""leverage_cap"": 2.0}",0.027073437993977857,0.017989060369588472,1.111803764434858,1.4181628125075503,-0.3330275063027387,0.9774377466717206,0.3255136553402511,0.2929318307838674,-0.23386519066468625,0.6470588235294118,10.219523417704016,1.0782842638161174,0.13,,-0.2918519786388306,-0.3128180460632134,-0.29838030417092765,-0.29838030417092765,0.0181968093428595,-0.17756712895168758,0.07319334406821731,-0.09795802462476555
2026-06-11T11:59:11,rescore,FINAL_3pct_lev_1.5x,full,next_open,5.0,2.0,"{""lev"": 1.5, ""source"": ""run_final"", ""tc_bps"": 5.0, ""leverage_cap"": 2.0}",0.02703302598351461,0.020700012365767906,1.1091828190872364,1.41679867982415,-0.3354934109342407,0.9710454137452169,0.3257793380294338,0.2941137534604388,-0.2350032464702161,0.6386554621848739,10.219523417704016,1.0782842638161174,0.18,,-0.294277323737954,-0.3153586683211179,-0.25606139730887534,-0.29728948660935894,-0.0005329242001602674,-0.1813608730195282,0.06424140852293281,-0.09944667810073804
2026-06-11T11:59:11,rescore,FINAL_3pct_lev_1.5x,dev,next_open,5.0,2.0,"{""lev"": 1.5, ""source"": ""run_final"", ""tc_bps"": 5.0, ""leverage_cap"": 2.0}",0.0224481402537881,0.01926903545768366,0.9751613796643142,1.199255350274644,-0.3354934109342407,0.7835101833982734,0.2628625039299992,0.2798443720017232,-0.2350032464702161,0.6625,10.046240550116778,1.041290869894376,0.14,,-0.294277323737954,-0.3153586683211179,-0.25606139730887534,-0.29728948660935894,-0.0005329242001602674,-0.1813608730195282,,
2026-06-11T11:59:11,rescore,low_vol_quality,full,legacy_period,5.0,2.0,"{""n_long"": 30, ""source"": ""run_v5"", ""tc_bps"": 5.0, ""leverage_cap"": 2.0}",0.005794380358430659,0.008807730760477694,0.716144088476605,0.7833502728759634,-0.27248134884558517,0.24662509075710054,0.06720073738865961,0.0977190548716539,-0.11247955081152461,0.6218487394957983,5.854606195572956,0.9582006369426752,0.07,,-0.03055743739179906,-0.054172725985438985,-0.17554735933427024,-0.27248134884558517,-0.021750467744427904,-0.10558534154214394,0.01159081885252955,-0.03348666830943625
2026-06-11T11:59:11,rescore,low_vol_quality,full,next_close,5.0,2.0,"{""n_long"": 30, ""source"": ""run_v5"", ""tc_bps"": 5.0, ""leverage_cap"": 2.0}",0.005806449973313256,0.009026010565721387,0.7846511789117073,0.8497449849888924,-0.22963705917526867,0.2954371181262241,0.06784331097772256,0.08891214665156036,-0.07161077495218104,0.6218487394957983,5.886937381289922,0.9661624203821656,0.13,,-0.04284890474942493,-0.06417398983426392,-0.13614483052216086,-0.22855404534158452,-0.03498735904677874,-0.1029327833699133,0.002966638330950344,-0.028973433147348238
2026-06-11T11:59:12,rescore,low_vol_quality,full,next_open,5.0,2.0,"{""n_long"": 30, ""source"": ""run_v5"", ""tc_bps"": 5.0, ""leverage_cap"": 2.0}",0.005878754189566147,0.009109725456016182,0.7927308719006404,0.8592697284699153,-0.23365876227573723,0.2942789243412648,0.06876084922541525,0.08911446379778122,-0.07645745906294499,0.6134453781512605,5.886937381289922,0.9661624203821656,0.19,,-0.040082875494704795,-0.06146958701396643,-0.14282934479862708,-0.23258140234862346,-0.03390446399694169,-0.10436733518389596,0.002670124487274883,-0.029849803226542293
2026-06-11T11:59:12,rescore,low_vol_quality,dev,next_open,5.0,2.0,"{""n_long"": 30, ""source"": ""run_v5"", ""tc_bps"": 5.0, ""leverage_cap"": 2.0}",0.00596074199733162,0.008903929051217951,0.7513693661917183,0.7628580937049232,-0.23365876227573723,0.2960975872037529,0.06918579573886108,0.09511684721893206,-0.07645745906294499,0.625,5.923390805611932,0.9500293944738389,0.14,,-0.040082875494704795,-0.06146958701396643,-0.14282934479862708,-0.23258140234862346,-0.03390446399694169,-0.10436733518389596,,
2026-06-11T11:59:12,rescore,acceleration_momentum,full,legacy_period,5.0,2.0,"{""n_long"": 30, ""source"": ""run_v5"", ""tc_bps"": 5.0, ""leverage_cap"": 2.0}",0.011176255575087451,0.013800519512134679,0.5954844905718656,0.6569126872906818,-0.5135775634402608,0.22670293550067733,0.11642954123919247,0.23042613807694412,-0.23218832439889725,0.5882352941176471,15.977388535031848,0.8746019108280253,0.06,,-0.15833876315216744,-0.2131021302252446,-0.35443509140746665,-0.5015355173807959,-0.08560929157305697,-0.20279551743335267,0.018610126777933722,-0.08591551307563294
2026-06-11T11:59:12,rescore,acceleration_momentum,full,next_close,5.0,2.0,"{""n_long"": 30, ""source"": ""run_v5"", ""tc_bps"": 5.0, ""leverage_cap"": 2.0}",0.014305033402514678,0.017270561781985272,0.8149210424803436,0.9320496532673178,-0.42727829923562366,0.3771026050726874,0.16112775973278093,0.21141786782810976,-0.17442552542460887,0.6134453781512605,16.144585987261156,0.8825636942675158,0.13,,-0.09635286991481873,-0.13732874694076913,-0.30852402527433676,-0.42727829923562366,0.004391252231362941,-0.1333452217408727,-0.0251784832196309,-0.11520926561406764
2026-06-11T11:59:12,rescore,acceleration_momentum,full,next_open,5.0,2.0,"{""n_long"": 30, ""source"": ""run_v5"", ""tc_bps"": 5.0, ""leverage_cap"": 2.0}",0.014732783453095952,0.018631613000367198,0.8347858172537777,0.9531976623807267,-0.43140371153934587,0.38586314687749507,0.16646279370920314,0.2120540583210511,-0.18037227947724344,0.6218487394957983,16.144585987261156,0.8825636942675158,0.17,,-0.09896056508151885,-0.1398181961761602,-0.3131147181386661,-0.43140371153934587,-0.006428907894509894,-0.1333452217408726,-0.022649374592661142,-0.11565726746965932
2026-06-11T11:59:12,rescore,acceleration_momentum,dev,next_open,5.0,2.0,"{""n_long"": 30, ""source"": ""run_v5"", ""tc_bps"": 5.0, ""leverage_cap"": 2.0}",0.016409142261400594,0.015571559650791045,0.9292772629261776,0.9744026947487875,-0.43140371153934587,0.439730551491224,0.18970139199055747,0.21127256756693424,-0.18037227947724344,0.625,14.854320987654335,0.826572604350382,0.14,,-0.09896056508151885,-0.1398181961761602,-0.3131147181386661,-0.43140371153934587,-0.006428907894509894,-0.1333452217408726,,
2026-06-11T11:59:13,rescore,donchian_breakout,full,legacy_period,5.0,2.0,"{""n_long"": 30, ""source"": ""run_v5"", ""tc_bps"": 5.0, ""leverage_cap"": 2.0}",0.012831533285196437,0.019930370577676104,0.9311850672749636,1.170743200744441,-0.2536241844986644,0.5886838496094247,0.14930446128472474,0.16434552223468155,-0.13518720095266257,0.6554621848739496,9.96732723784569,0.956210191082804,0.06,,-0.1152837854658274,-0.1493150917429199,-0.23115155064591164,-0.2536241844986644,-0.17221767632521945,-0.24043745166165298,0.03222593791057582,-0.08649084794468231
2026-06-11T11:59:13,rescore,donchian_breakout,full,next_close,5.0,2.0,"{""n_long"": 30, ""source"": ""run_v5"", ""tc_bps"": 5.0, ""leverage_cap"": 2.0}",0.011896224543458912,0.017868961371632075,0.8880253179125042,1.1250750128672842,-0.25643837265609004,0.5355970242121594,0.1373476292884106,0.15966554171124356,-0.13760680947272197,0.6638655462184874,10.000766728291552,0.9578025477707021,0.13,,-0.1256618621810368,-0.15365791546478047,-0.20989747671327086,-0.22152803151687184,-0.1953765524044383,-0.25476609367072933,0.03696595058684804,-0.07961915298498878
2026-06-11T11:59:14,rescore,donchian_breakout,full,next_open,5.0,2.0,"{""n_long"": 30, ""source"": ""run_v5"", ""tc_bps"": 5.0, ""leverage_cap"": 2.0}",0.01175099303413191,0.018374963462987726,0.8768684867835651,1.1077538703012073,-0.2573469583299388,0.5270690225464945,0.1356396097822743,0.16005005169832973,-0.13149149967535712,0.6554621848739496,10.000766728291552,0.9578025477707021,0.17,,-0.13204927115638765,-0.15985652098926484,-0.21223944991410915,-0.21223944991410915,-0.19746633288609805,-0.25137273113797143,0.032548348360997625,-0.08031479447840029
2026-06-11T11:59:14,rescore,donchian_breakout,dev,next_open,5.0,2.0,"{""n_long"": 30, ""source"": ""run_v5"", ""tc_bps"": 5.0, ""leverage_cap"": 2.0}",0.011938959621099978,0.019189553050765973,0.8564279776855336,1.0491572773987292,-0.2573469583299388,0.5278164517557172,0.13583195841583473,0.1646287919473755,-0.13149149967535712,0.6875,10.254758496935073,0.9376837154614945,0.14,,-0.13204927115638765,-0.15985652098926484,-0.21223944991410915,-0.21223944991410915,-0.19746633288609805,-0.25137273113797143,,
2026-06-11T11:59:14,rescore,multifactor_mvr,full,legacy_period,5.0,2.0,"{""n_long"": 30, ""source"": ""run_v5"", ""tc_bps"": 5.0, ""leverage_cap"": 2.0}",0.01097953634268707,0.005387638039796139,0.7816203109175117,0.9184027504366307,-0.36330984720692516,0.34915251999064717,0.1268505486897149,0.17214462944022996,-0.14155649349682775,0.5546218487394958,18.605732484076434,0.8829617834394903,0.06,,-0.13099205489220755,-0.19349871895125137,-0.22335533344164304,-0.3619248352781551,0.0361899662373697,-0.15856969818794575,0.030408456520489846,-0.05790818749115911
2026-06-11T11:59:14,rescore,multifactor_mvr,full,next_close,5.0,2.0,"{""n_long"": 30, ""source"": ""run_v5"", ""tc_bps"": 5.0, ""leverage_cap"": 2.0}",0.009848026348333793,0.007840760987112505,0.6809185625261076,0.7537833844092892,-0.4180966182158571,0.26727013533339455,0.11174473973298671,0.1799097659784866,-0.1869104251800905,0.5966386554621849,18.80636942675162,0.8909235668789807,0.12,,-0.08973244120128232,-0.13911994378984105,-0.26905303443642603,-0.4140817661385692,-0.08373798645035058,-0.18603299213850022,-0.003919381216715534,-0.0661203737115873
2026-06-11T11:59:14,rescore,multifactor_mvr,full,next_open,5.0,2.0,"{""n_long"": 30, ""source"": ""run_v5"", ""tc_bps"": 5.0, ""leverage_cap"": 2.0}",0.010019727889776392,0.008326289399678943,0.6910899972488017,0.7669393584805353,-0.42115977236375235,0.2704766981440574,0.11391390462005058,0.18014769080941934,-0.18836957159255963,0.5966386554621849,18.80636942675162,0.8909235668789807,0.17,,-0.08980519283441013,-0.13698585378946315,-0.2691180339970144,-0.415133237606677,-0.07653260264417239,-0.177076408252982,0.009774247046138607,-0.0566769709602597
2026-06-11T11:59:14,rescore,multifactor_mvr,dev,next_open,5.0,2.0,"{""n_long"": 30, ""source"": ""run_v5"", ""tc_bps"": 5.0, ""leverage_cap"": 2.0}",0.008798363296653214,0.00623705676714259,0.5672546697127384,0.5969851851400528,-0.42115977236375235,0.22727543814296475,0.09571927179216311,0.19506368955021808,-0.18836957159255963,0.575,17.590123456790145,0.8389182833627277,0.13,,-0.08980519283441013,-0.13698585378946315,-0.2691180339970144,-0.415133237606677,-0.07653260264417239,-0.177076408252982,,
2026-06-11T11:59:15,rescore,risk_parity_etf,full,legacy_period,5.0,2.0,"{""target_vol"": 0.12, ""source"": ""run_v5"", ""tc_bps"": 5.0, ""leverage_cap"": 2.0}",0.0051311144607916834,0.00647455620066717,0.6842626202963185,0.8187306421597864,-0.20364652358544522,0.2900479455219079,0.05906725577863714,0.08997665830881539,-0.08082880266972536,0.6386554621848739,1.090262242546449,0.9507251497450424,0.09,,-0.039809372983182545,-0.062594420011164,-0.1227535618957879,-0.20364652358544522,-0.1403518162617856,-0.19339120783392028,-0.011185406789350982,-0.04313602219464252
2026-06-11T11:59:15,rescore,risk_parity_etf,full,next_close,5.0,2.0,"{""target_vol"": 0.12, ""source"": ""run_v5"", ""tc_bps"": 5.0, ""leverage_cap"": 2.0}",0.005442610869544676,0.006884737512697248,0.7613172996291296,0.9271094003484631,-0.2018983562558444,0.3131079613408903,0.06321598272534423,0.0854994189190583,-0.06131749982510315,0.6470588235294118,1.0957970356594546,0.9586869331845329,0.14,,-0.0346354417313256,-0.056182089339871344,-0.10132343087220608,-0.18128415195689462,-0.14173376397002302,-0.19503535953822004,-0.01415578275510987,-0.043475909010764924
2026-06-11T11:59:15,rescore,risk_parity_etf,full,next_open,5.0,2.0,"{""target_vol"": 0.12, ""source"": ""run_v5"", ""tc_bps"": 5.0, ""leverage_cap"": 2.0}",0.00542383123362336,0.006988600885186713,0.7589582718683209,0.923484814128584,-0.2019809378396621,0.3117750979694576,0.06297262668292358,0.08545842362644299,-0.06403494682946398,0.6470588235294118,1.0957970356594546,0.9586869331845329,0.18,,-0.03364281329228658,-0.055354097311492656,-0.10469209232669818,-0.1836543004663994,-0.14232650513290523,-0.19552122823957485,-0.01374647661045203,-0.04323322459990453
2026-06-11T11:59:15,rescore,risk_parity_etf,dev,next_open,5.0,2.0,"{""target_vol"": 0.12, ""source"": ""run_v5"", ""tc_bps"": 5.0, ""leverage_cap"": 2.0}",0.0032524460569973617,0.005908396256139814,0.4468959888515737,0.5090453383310859,-0.2019809378396621,0.17757952009653238,0.03586767801021473,0.08743129954325768,-0.06403494682946398,0.625,1.2045457203713825,0.9389897567075525,0.16,,-0.03364281329228658,-0.055354097311492656,-0.10469209232669818,-0.1836543004663994,-0.14232650513290523,-0.19552122823957485,,
2026-06-11T11:59:15,rescore,vix_gated_trend,full,legacy_period,5.0,2.0,"{""n_long"": 30, ""source"": ""run_v5"", ""tc_bps"": 5.0, ""leverage_cap"": 2.0}",0.012573528857719589,0.0016590678090582234,0.6428855043521345,0.715416351623191,-0.4349050271324961,0.3117573345344394,0.13558483203445504,0.24556484588530553,-0.17680944595596426,0.5126050420168067,15.10127388535032,0.8244426751592356,0.07,,-0.23801365408744113,-0.27285531962710907,-0.3486735811585142,-0.4335968683330377,0.2412151780196219,-0.1071771401921271,0.09932661840729029,-0.10882355615206318
2026-06-11T11:59:15,rescore,vix_gated_trend,full,next_close,5.0,2.0,"{""n_long"": 30, ""source"": ""run_v5"", ""tc_bps"": 5.0, ""leverage_cap"": 2.0}",0.006873759174851605,0.01026221156867324,0.4071068928175202,0.4750960593925353,-0.4949557166675981,0.13129261557483074,0.0649840306350038,0.20879812349708612,-0.2030331921156403,0.5630252100840336,15.2751592356688,0.8324044585987261,0.13,,-0.21172145563917122,-0.2536822653409768,-0.09123934053942828,-0.1349964359226452,-0.3080319306156676,-0.33643852155201415,0.0978388733857789,-0.1143631331660846
2026-06-11T11:59:16,rescore,vix_gated_trend,full,next_open,5.0,2.0,"{""n_long"": 30, ""source"": ""run_v5"", ""tc_bps"": 5.0, ""leverage_cap"": 2.0}",0.007178433088883308,0.010845264849900005,0.42285404270077404,0.4951049352905456,-0.46355986348417766,0.14823197616071102,0.06871439463304907,0.2098141285721056,-0.2030659518693686,0.5630252100840336,15.2751592356688,0.8324044585987261,0.17,,-0.19687260044964128,-0.23962382870508503,-0.112644222949846,-0.134996435922645,-0.28956975331289514,-0.3254169895181267,0.08098029041382038,-0.1143631331660846
2026-06-11T11:59:16,rescore,vix_gated_trend,dev,next_open,5.0,2.0,"{""n_long"": 30, ""source"": ""run_v5"", ""tc_bps"": 5.0, ""leverage_cap"": 2.0}",0.006826483024053818,0.008953331408433574,0.4188901717165693,0.47652057634267597,-0.38782481942920544,0.1674542052556214,0.06494289691592248,0.19653053627210668,-0.2030659518693686,0.5625,13.758024691358035,0.7648442092886537,0.14,,-0.19687260044964128,-0.23962382870508503,-0.112644222949846,-0.134996435922645,-0.28956975331289514,-0.3254169895181267,,
2026-06-11T11:59:16,rescore,calendar_tom,full,legacy_period,5.0,2.0,"{""n_long"": 30, ""source"": ""run_v5"", ""tc_bps"": 5.0, ""leverage_cap"": 2.0}",0.0076662647396250104,0.0031622861694851068,0.6274615729768266,0.49655357977540937,-0.2986355555815834,0.28078324935841625,0.0838518616701529,0.14548689323032857,-0.09977979823105387,0.5294117647058824,39.110828025477716,0.27866242038216554,0.08,,-0.053916029208171845,-0.05717469405138409,-0.03768002479472121,-0.06637783205883119,0.26062710230544406,-0.05210965504904219,-0.1371299326017884,-0.19818628692334184
2026-06-11T11:59:16,rescore,calendar_tom,full,next_close,5.0,2.0,"{""n_long"": 30, ""source"": ""run_v5"", ""tc_bps"": 5.0, ""leverage_cap"": 2.0}",0.0076662647396250104,0.0031622861694851068,0.6274615729768266,0.49655357977540937,-0.2986355555815834,0.28078324935841625,0.0838518616701529,0.14548689323032857,-0.09977979823105387,0.5294117647058824,39.11082802547771,0.27866242038216554,0.14,,-0.053916029208171845,-0.05717469405138409,-0.03768002479472121,-0.06637783205883119,0.26062710230544406,-0.05210965504904219,-0.1371299326017884,-0.19818628692334184
2026-06-11T11:59:17,rescore,calendar_tom,full,next_open,5.0,2.0,"{""n_long"": 30, ""source"": ""run_v5"", ""tc_bps"": 5.0, ""leverage_cap"": 2.0}",0.0074704834692494336,0.005722975369609085,0.5929185813599419,0.4753110873942582,-0.2934625307237053,0.2729364175426041,0.08009661181871452,0.14898772208721173,-0.0953271194133799,0.5462184873949579,39.11082802547771,0.27866242038216554,0.18,,-0.06656218986487061,-0.07027114798724354,-0.053036684005774215,-0.06970052971554341,0.23963963338417615,-0.05622164993738055,-0.17205123718732207,-0.22605347258389175
2026-06-11T11:59:17,rescore,calendar_tom,dev,next_open,5.0,2.0,"{""n_long"": 30, ""source"": ""run_v5"", ""tc_bps"": 5.0, ""leverage_cap"": 2.0}",0.011840466993000849,0.005870537337255621,1.022744898801804,0.851334803756877,-0.14291948181440473,0.96998609771023,0.13862991045192263,0.13599389076442758,-0.09486881518729273,0.5625,38.81481481481482,0.2739564961787183,0.15,,-0.06656218986487061,-0.07027114798724354,-0.053036684005774215,-0.06970052971554341,0.23963963338417615,-0.05622164993738055,,
2026-06-11T11:59:17,rescore,sector_momentum_rotation,full,legacy_period,5.0,2.0,"{""n_sectors"": 3, ""source"": ""run_v5"", ""tc_bps"": 5.0, ""leverage_cap"": 2.0}",0.010558533616043355,0.012996757118052926,0.7127535238558712,0.8678872222559018,-0.32982352115176583,0.36955427315103856,0.12188769162735702,0.18606266888998435,-0.08373176442367514,0.6134453781512605,7.323248407643312,0.9247611464968153,0.1,,-0.11295616340854864,-0.15256131167121612,-0.1912321346061321,-0.32982352115176583,-0.008781801366620101,-0.16687962915187593,-0.01940390404835146,-0.0587039362203613
2026-06-11T11:59:17,rescore,sector_momentum_rotation,full,next_close,5.0,2.0,"{""n_sectors"": 3, ""source"": ""run_v5"", ""tc_bps"": 5.0, ""leverage_cap"": 2.0}",0.009643809055100051,0.012483673434877884,0.6511472939305666,0.7946614743708066,-0.3137900649662254,0.33945183092092185,0.10651661207758023,0.18101855483237647,-0.1110251035607609,0.5882352941176471,7.457006369426751,0.9327229299363057,0.14,,-0.13132514014240715,-0.17011014173704364,-0.1666008823512075,-0.3137900649662254,0.12901998825136785,-0.13802636324876416,-0.009972297160911081,-0.04930636908797015
2026-06-11T11:59:17,rescore,sector_momentum_rotation,full,next_open,5.0,2.0,"{""n_sectors"": 3, ""source"": ""run_v5"", ""tc_bps"": 5.0, ""leverage_cap"": 2.0}",0.009902361672533652,0.012194922697192245,0.6696977625418626,0.8145900895688942,-0.3137900649662255,0.3510192472205357,0.11014635238972748,0.18086923428190274,-0.11916681440413002,0.6050420168067226,7.457006369426751,0.9327229299363057,0.19,,-0.11927225044960255,-0.15859539510277343,-0.16856301111164051,-0.3137900649662255,0.12314357265549813,-0.14334241083219557,-0.00692270720978605,-0.04930636908796959
2026-06-11T11:59:17,rescore,sector_momentum_rotation,dev,next_open,5.0,2.0,"{""n_sectors"": 3, ""source"": ""run_v5"", ""tc_bps"": 5.0, ""leverage_cap"": 2.0}",0.011990744399496043,0.012807816527358518,0.7454203689266587,0.8932446020903234,-0.3137900649662255,0.42959676886925957,0.13480319801276552,0.19532752617891577,-0.09895395811482233,0.6,7.2592592592592595,0.9129923574368018,0.15,,-0.11927225044960255,-0.15859539510277343,-0.16856301111164051,-0.3137900649662255,0.12314357265549813,-0.14334241083219557,,
2026-06-11T11:59:17,rescore,adaptive_voltarget_momentum,full,legacy_period,5.0,2.0,"{""n_long"": 30, ""source"": ""run_v5"", ""tc_bps"": 5.0, ""leverage_cap"": 2.0}",0.02368243792584658,0.012827115768721642,0.9198722935030615,1.1063278871001054,-0.3467011372968247,0.8013499277247828,0.2778289313149105,0.3248666104558988,-0.17144938193978132,0.5798319327731093,9.52865909019812,0.9122213375796179,0.07,,-0.19929825473242468,-0.23860468513401445,-0.25550168236466575,-0.3467011372968247,0.19001821003511,-0.18852887586998468,0.06824898640239585,-0.19505152009608206
2026-06-11T11:59:18,rescore,adaptive_voltarget_momentum,full,next_close,5.0,2.0,"{""n_long"": 30, ""source"": ""run_v5"", ""tc_bps"": 5.0, ""leverage_cap"": 2.0}",0.02712055943015217,0.0166533019801669,1.0706480410807713,1.3156021153263522,-0.3375176149399255,0.9727186353686564,0.32830967381724796,0.31131329762545834,-0.17650143135227947,0.5714285714285714,9.612059150049046,0.9177945859872612,0.13,,-0.2237072905440649,-0.2590445400497664,-0.1464388956251047,-0.22431867970511488,0.017161161048643292,-0.19117734934171737,0.20443031722576532,-0.21316526899610122
2026-06-11T11:59:18,rescore,adaptive_voltarget_momentum,full,next_open,5.0,2.0,"{""n_long"": 30, ""source"": ""run_v5"", ""tc_bps"": 5.0, ""leverage_cap"": 2.0}",0.027537322663510028,0.017563022780007653,1.08462037603175,1.3334552985979415,-0.34408570816074224,0.9731400181908073,0.3348435722987415,0.31205555581678895,-0.16595476177240642,0.5882352941176471,9.612059150049046,0.9177945859872612,0.17,,-0.2136461641068339,-0.2494414013417644,-0.15020789858424588,-0.22533280844989156,0.04222291920333521,-0.19117734934171726,0.19547828032461112,-0.21316526899610133
2026-06-11T11:59:18,rescore,adaptive_voltarget_momentum,dev,next_open,5.0,2.0,"{""n_long"": 30, ""source"": ""run_v5"", ""tc_bps"": 5.0, ""leverage_cap"": 2.0}",0.02132887774651331,0.008621962760741009,0.9270056264694047,1.0967701944670731,-0.34408570816074224,0.7376452471489876,0.2538131872366651,0.2894271927921185,-0.16595476177240642,0.55,8.428789923918234,0.8139329805996472,0.13,,-0.2136461641068339,-0.2494414013417644,-0.15020789858424588,-0.22533280844989156,0.04222291920333521,-0.19117734934171726,,
2026-06-11T11:59:18,rescore,momentum_quality_blend,full,legacy_period,5.0,2.0,"{""n_long"": 30, ""source"": ""run_v5"", ""tc_bps"": 5.0, ""leverage_cap"": 2.0}",0.010071329080589112,0.00035295729225537364,0.6085131264225621,0.7093123331939752,-0.388449334240202,0.2877290439998955,0.1117681555833292,0.21146622787183617,-0.1435703204938471,0.5126050420168067,10.80095541401274,0.8829617834394903,0.07,,-0.18112577230946558,-0.24262883920196243,-0.26573219093612455,-0.388449334240202,-0.052648648041151325,-0.19688307279447947,0.0070535212493367805,-0.11484612612380174
2026-06-11T11:59:18,rescore,momentum_quality_blend,full,next_close,5.0,2.0,"{""n_long"": 30, ""source"": ""run_v5"", ""tc_bps"": 5.0, ""leverage_cap"": 2.0}",0.01162145046478989,0.0035615173106082754,0.7085714495327209,0.8096686443578818,-0.3960935642627985,0.33123973321038247,0.13120192655275886,0.20398113263606688,-0.16368151680573628,0.5210084033613446,10.894585987261147,0.8909235668789807,0.13,,-0.18066982213421434,-0.23283472180829023,-0.2871216687507132,-0.3960935642627985,-0.07282459732008828,-0.17312628468304647,0.02110954526507447,-0.10636477281809886
2026-06-11T11:59:18,rescore,momentum_quality_blend,full,next_open,5.0,2.0,"{""n_long"": 30, ""source"": ""run_v5"", ""tc_bps"": 5.0, ""leverage_cap"": 2.0}",0.011535230612298636,0.0055160710566311,0.7034827961796313,0.8033512569462357,-0.3983298911167904,0.32680509754073295,0.13017623891981223,0.20423980012364915,-0.16677848907127313,0.5210084033613446,10.894585987261147,0.8909235668789807,0.17,,-0.17695831870919643,-0.22935952141352367,-0.2901205921956652,-0.3983298911167904,-0.07107649778933667,-0.17407402794087945,0.015528785724078453,-0.10844635295255445
2026-06-11T11:59:18,rescore,momentum_quality_blend,dev,next_open,5.0,2.0,"{""n_long"": 30, ""source"": ""run_v5"", ""tc_bps"": 5.0, ""leverage_cap"": 2.0}",0.009117625816245289,0.0,0.548540980970316,0.5908885832176183,-0.3983298911167904,0.24809623197879208,0.09882414507059822,0.21393054469172373,-0.16677848907127313,0.4875,10.014814814814816,0.8389182833627277,0.14,,-0.17695831870919643,-0.22935952141352367,-0.2901205921956652,-0.3983298911167904,-0.07107649778933667,-0.17407402794087945,,
2026-06-11T11:59:19,rescore,combo_v2_2x,full,legacy_period,5.0,2.0,"{""lev"": 2.0, ""source"": ""run_v6"", ""tc_bps"": 5.0, ""leverage_cap"": 2.0}",0.04955838255831459,0.03729413071145493,1.0631858811104027,1.3181077880191738,-0.6527925022213841,0.8659039141448629,0.5652555827979155,0.5865914713785203,-0.2912904965957316,0.6302521008403361,14.975397254546959,1.7009376620067667,0.07,,-0.4360887837531505,-0.5112453636768612,-0.47611196226027686,-0.6527925022213841,0.015394723672913058,-0.4173002264815957,0.10904720591289907,-0.29429936034421345
2026-06-11T11:59:19,rescore,combo_v2_2x,full,next_close,5.0,2.0,"{""lev"": 2.0, ""source"": ""run_v6"", ""tc_bps"": 5.0, ""leverage_cap"": 2.0}",0.05210996226526113,0.04683948403247262,1.1370339033279007,1.408416154581225,-0.6017848042367799,1.0208671697709975,0.6143423499123952,0.5647279535039064,-0.3467383498769707,0.6470588235294118,15.115970772012059,1.7152688721978495,0.13,,-0.44263379834044103,-0.5140518721965288,-0.47997613600342914,-0.6017848042367799,0.05779892546965493,-0.43533309129392517,0.199157419436379,-0.271987686541307
2026-06-11T11:59:19,rescore,combo_v2_2x,full,next_open,5.0,2.0,"{""lev"": 2.0, ""source"": ""run_v6"", ""tc_bps"": 5.0, ""leverage_cap"": 2.0}",0.052207632894468656,0.04080588051235101,1.1404418365909104,1.4140213798402346,-0.6019153206391645,1.0266539167903612,0.6179587215103244,0.5652807036484884,-0.33521822613542784,0.6470588235294118,15.115970772012059,1.7152688721978495,0.17,,-0.43284424054833903,-0.5055166986123909,-0.4838122239819703,-0.6019153206391645,0.08030365542394446,-0.43604490388575223,0.19981083381648657,-0.2719876865413071
2026-06-11T11:59:19,rescore,combo_v2_2x,dev,next_open,5.0,2.0,"{""lev"": 2.0, ""source"": ""run_v6"", ""tc_bps"": 5.0, ""leverage_cap"": 2.0}",0.045546739999310346,0.035510389101651496,1.0440033129817838,1.2667541933279396,-0.6019153206391645,0.8580186751301543,0.516454585955358,0.5416237353163014,-0.33521822613542784,0.6375,14.141159725477893,1.618903825373896,0.17,,-0.43284424054833903,-0.5055166986123909,-0.4838122239819703,-0.6019153206391645,0.08030365542394446,-0.43604490388575223,,
2026-06-11T11:59:19,rescore,combo_v2_2x_freeze_vix,full,legacy_period,5.0,2.0,"{""lev"": 2.0, ""freeze"": ""vix_default"", ""source"": ""run_v6"", ""tc_bps"": 5.0, ""leverage_cap"": 2.0}",0.02065859616319768,0.0,0.5917471614436107,0.58482559639762,-0.6569447768885118,0.25892926634597063,0.17010222910955974,0.4103737837024791,-0.37561516031486863,0.453781512605042,13.247759530723549,1.141188959660297,0.07,,-0.3601500052573263,-0.3601500052573263,-0.1381727501111495,-0.1381727501111495,-0.3937155874205701,-0.42180930833076935,0.19915741943638032,-0.2719876865413069
2026-06-11T11:59:19,rescore,combo_v2_2x_freeze_vix,full,next_close,5.0,2.0,"{""lev"": 2.0, ""freeze"": ""vix_default"", ""source"": ""run_v6"", ""tc_bps"": 5.0, ""leverage_cap"": 2.0}",0.02065859616319768,0.0,0.5917471614436107,0.58482559639762,-0.6569447768885118,0.25892926634597063,0.17010222910955974,0.4103737837024791,-0.37561516031486863,0.453781512605042,13.247759530723549,1.141188959660297,0.12,,-0.3601500052573263,-0.3601500052573263,-0.1381727501111495,-0.1381727501111495,-0.3937155874205701,-0.42180930833076935,0.19915741943638032,-0.2719876865413069
2026-06-11T11:59:20,rescore,combo_v2_2x_freeze_vix,full,next_open,5.0,2.0,"{""lev"": 2.0, ""freeze"": ""vix_default"", ""source"": ""run_v6"", ""tc_bps"": 5.0, ""leverage_cap"": 2.0}",0.02054773526813622,0.0,0.5855934367976515,0.5801197695280705,-0.6375500827080078,0.26291760803665887,0.16762314274916346,0.4127478933227081,-0.3744361009664957,0.44537815126050423,13.247759530723549,1.141188959660297,0.17,,-0.3589417422280091,-0.3589417422280091,-0.1198292844672375,-0.1374539617459376,-0.4270535007892192,-0.45830254897679323,0.1998108338164859,-0.27198768654130734
2026-06-11T11:59:20,rescore,combo_v2_2x_freeze_vix,dev,next_open,5.0,2.0,"{""lev"": 2.0, ""freeze"": ""vix_default"", ""source"": ""run_v6"", ""tc_bps"": 5.0, ""leverage_cap"": 2.0}",0.012415809829336974,0.0,0.4469005244167598,0.4061494737093023,-0.533957153007193,0.17900643565271496,0.09558176675108898,0.32016323105990246,-0.3744361009664957,0.4,11.176404526009705,0.9274936311973349,0.12,,-0.3589417422280091,-0.3589417422280091,-0.1198292844672375,-0.1374539617459376,-0.4270535007892192,-0.45830254897679323,,
2026-06-11T11:59:20,rescore,combo_v2_2x_freeze_dd_v1,full,legacy_period,5.0,2.0,"{""lev"": 2.0, ""freeze"": ""spy_dd"", ""peak_lookback"": 21, ""freeze_dd_pct"": 0.12, ""unfreeze_within_pct"": 0.08, ""min_freeze_days"": 10, ""source"": ""run_v6"", ""tc_bps"": 5.0, ""leverage_cap"": 2.0}",0.05218379955665459,0.0420371406432869,1.1919894662474293,1.480442572409831,-0.5576561196381429,1.123303004404297,0.626416794613968,0.5272894943066287,-0.3467383498769707,0.6386554621848739,16.00362966818323,1.66869243907683,0.06,,-0.49769520023276903,-0.49769520023276903,-0.2683808258185637,-0.2683808258185637,0.17828015896911387,-0.29689287799780084,0.19915741943637877,-0.2719876865413071
2026-06-11T11:59:20,rescore,combo_v2_2x_freeze_dd_v1,full,next_close,5.0,2.0,"{""lev"": 2.0, ""freeze"": ""spy_dd"", ""peak_lookback"": 21, ""freeze_dd_pct"": 0.12, ""unfreeze_within_pct"": 0.08, ""min_freeze_days"": 10, ""source"": ""run_v6"", ""tc_bps"": 5.0, ""leverage_cap"": 2.0}",0.05218379955665459,0.0420371406432869,1.1919894662474293,1.480442572409831,-0.5576561196381429,1.123303004404297,0.626416794613968,0.5272894943066287,-0.3467383498769707,0.6386554621848739,16.00362966818323,1.66869243907683,0.12,,-0.49769520023276903,-0.49769520023276903,-0.2683808258185637,-0.2683808258185637,0.17828015896911387,-0.29689287799780084,0.19915741943637877,-0.2719876865413071
2026-06-11T11:59:20,rescore,combo_v2_2x_freeze_dd_v1,full,next_open,5.0,2.0,"{""lev"": 2.0, ""freeze"": ""spy_dd"", ""peak_lookback"": 21, ""freeze_dd_pct"": 0.12, ""unfreeze_within_pct"": 0.08, ""min_freeze_days"": 10, ""source"": ""run_v6"", ""tc_bps"": 5.0, ""leverage_cap"": 2.0}",0.05065214011941916,0.04037968312269502,1.1505368908616749,1.4288427319421355,-0.6017472264132102,0.9868361455935469,0.5938259135352197,0.5298300524148126,-0.33521822613542784,0.6386554621848739,16.00362966818323,1.66869243907683,0.17,,-0.49974074896411924,-0.49974074896411924,-0.35404148236706046,-0.35404148236706046,0.24881205162706177,-0.29725296864761097,0.19981083381648657,-0.2719876865413071
2026-06-11T11:59:20,rescore,combo_v2_2x_freeze_dd_v1,dev,next_open,5.0,2.0,"{""lev"": 2.0, ""freeze"": ""spy_dd"", ""peak_lookback"": 21, ""freeze_dd_pct"": 0.12, ""unfreeze_within_pct"": 0.08, ""min_freeze_days"": 10, ""source"": ""run_v6"", ""tc_bps"": 5.0, ""leverage_cap"": 2.0}",0.046550762279568045,0.035510389101651496,1.1411435235006386,1.4184062938829272,-0.5207295211699114,1.0538770848459498,0.5487849097637736,0.48958938226376947,-0.33521822613542784,0.6375,15.168345519708316,1.5618785461263947,0.13,,-0.49974074896411924,-0.49974074896411924,-0.35404148236706046,-0.35404148236706046,0.24881205162706177,-0.29725296864761097,,
2026-06-11T11:59:21,rescore,combo_v2_2x_freeze_dd_v2,full,legacy_period,5.0,2.0,"{""lev"": 2.0, ""freeze"": ""spy_dd"", ""peak_lookback"": 30, ""freeze_dd_pct"": 0.1, ""unfreeze_within_pct"": 0.05, ""min_freeze_days"": 10, ""source"": ""run_v6"", ""tc_bps"": 5.0, ""leverage_cap"": 2.0}",0.04662736783798007,0.03261405550468788,1.117655988778887,1.3649633536150614,-0.49356322544825093,1.104707401892992,0.5452429484548624,0.5064744342744316,-0.34673834987697105,0.6386554621848739,16.73092823876212,1.5943824603082528,0.07,,-0.4442926665802057,-0.4442926665802057,-0.2577090674645184,-0.2577090674645184,-0.1403466340970667,-0.34712111787734434,0.1991574194363801,-0.2719876865413071
2026-06-11T11:59:21,rescore,combo_v2_2x_freeze_dd_v2,full,next_close,5.0,2.0,"{""lev"": 2.0, ""freeze"": ""spy_dd"", ""peak_lookback"": 30, ""freeze_dd_pct"": 0.1, ""unfreeze_within_pct"": 0.05, ""min_freeze_days"": 10, ""source"": ""run_v6"", ""tc_bps"": 5.0, ""leverage_cap"": 2.0}",0.04662736783798007,0.03261405550468788,1.117655988778887,1.3649633536150614,-0.49356322544825093,1.104707401892992,0.5452429484548624,0.5064744342744316,-0.34673834987697105,0.6386554621848739,16.730928238762125,1.5943824603082528,0.12,,-0.4442926665802057,-0.4442926665802057,-0.2577090674645184,-0.2577090674645184,-0.1403466340970667,-0.34712111787734434,0.1991574194363801,-0.2719876865413071
2026-06-11T11:59:21,rescore,combo_v2_2x_freeze_dd_v2,full,next_open,5.0,2.0,"{""lev"": 2.0, ""freeze"": ""spy_dd"", ""peak_lookback"": 30, ""freeze_dd_pct"": 0.1, ""unfreeze_within_pct"": 0.05, ""min_freeze_days"": 10, ""source"": ""run_v6"", ""tc_bps"": 5.0, ""leverage_cap"": 2.0}",0.04663617704838376,0.031261081120283585,1.1197357244617494,1.3698344334597437,-0.49356322544825104,1.110023896712653,0.5478669747861333,0.5075625166283326,-0.33521822613542795,0.6386554621848739,16.730928238762125,1.5943824603082528,0.15,,-0.438862517747984,-0.438862517747984,-0.3139497170307872,-0.3139497170307872,-0.10494564123111172,-0.32091267216090413,0.19981083381648568,-0.2719876865413072
2026-06-11T11:59:21,rescore,combo_v2_2x_freeze_dd_v2,dev,next_open,5.0,2.0,"{""lev"": 2.0, ""freeze"": ""spy_dd"", ""peak_lookback"": 30, ""freeze_dd_pct"": 0.1, ""unfreeze_within_pct"": 0.05, ""min_freeze_days"": 10, ""source"": ""run_v6"", ""tc_bps"": 5.0, ""leverage_cap"": 2.0}",0.03746998005276668,0.024770734954790652,0.9951353956212063,1.207608314965416,-0.4829147125408768,0.877621249818091,0.42381621357566845,0.46444031019436,-0.33521822613542795,0.625,16.242404314119945,1.4687960456364866,0.13,,-0.438862517747984,-0.438862517747984,-0.3139497170307872,-0.3139497170307872,-0.10494564123111172,-0.32091267216090413,,
2026-06-11T11:59:21,rescore,combo_v2_2x_freeze_vix_dd_v1,full,legacy_period,5.0,2.0,"{""lev"": 2.0, ""freeze"": ""vix|dd_v1"", ""source"": ""run_v6"", ""tc_bps"": 5.0, ""leverage_cap"": 2.0}",0.02065859616319768,0.0,0.5917471614436107,0.58482559639762,-0.6569447768885118,0.25892926634597063,0.17010222910955974,0.4103737837024791,-0.37561516031486863,0.453781512605042,13.247759530723549,1.141188959660297,0.06,,-0.3601500052573263,-0.3601500052573263,-0.1381727501111495,-0.1381727501111495,-0.3937155874205701,-0.42180930833076935,0.19915741943638032,-0.2719876865413069
2026-06-11T11:59:21,rescore,combo_v2_2x_freeze_vix_dd_v1,full,next_close,5.0,2.0,"{""lev"": 2.0, ""freeze"": ""vix|dd_v1"", ""source"": ""run_v6"", ""tc_bps"": 5.0, ""leverage_cap"": 2.0}",0.02065859616319768,0.0,0.5917471614436107,0.58482559639762,-0.6569447768885118,0.25892926634597063,0.17010222910955974,0.4103737837024791,-0.37561516031486863,0.453781512605042,13.247759530723549,1.141188959660297,0.11,,-0.3601500052573263,-0.3601500052573263,-0.1381727501111495,-0.1381727501111495,-0.3937155874205701,-0.42180930833076935,0.19915741943638032,-0.2719876865413069
2026-06-11T11:59:21,rescore,combo_v2_2x_freeze_vix_dd_v1,full,next_open,5.0,2.0,"{""lev"": 2.0, ""freeze"": ""vix|dd_v1"", ""source"": ""run_v6"", ""tc_bps"": 5.0, ""leverage_cap"": 2.0}",0.02054773526813622,0.0,0.5855934367976515,0.5801197695280705,-0.6375500827080078,0.26291760803665887,0.16762314274916346,0.4127478933227081,-0.3744361009664957,0.44537815126050423,13.247759530723549,1.141188959660297,0.16,,-0.3589417422280091,-0.3589417422280091,-0.1198292844672375,-0.1374539617459376,-0.4270535007892192,-0.45830254897679323,0.1998108338164859,-0.27198768654130734
2026-06-11T11:59:22,rescore,combo_v2_2x_freeze_vix_dd_v1,dev,next_open,5.0,2.0,"{""lev"": 2.0, ""freeze"": ""vix|dd_v1"", ""source"": ""run_v6"", ""tc_bps"": 5.0, ""leverage_cap"": 2.0}",0.012415809829336974,0.0,0.4469005244167598,0.4061494737093023,-0.533957153007193,0.17900643565271496,0.09558176675108898,0.32016323105990246,-0.3744361009664957,0.4,11.176404526009705,0.9274936311973349,0.13,,-0.3589417422280091,-0.3589417422280091,-0.1198292844672375,-0.1374539617459376,-0.4270535007892192,-0.45830254897679323,,
