ts,family,name,window,exec_model,tc_bps,leverage_cap,params_json,mean_monthly,median_monthly,sharpe,sortino,max_drawdown,calmar,cagr,ann_vol,worst_month,hit_rate,turnover_ann,avg_gross,runtime_s,notes,margin_bps,ep_2018Q4_ret,ep_2018Q4_dd,ep_covid_ret,ep_covid_dd,ep_2022_ret,ep_2022_dd,ep_2026Q1_ret,ep_2026Q1_dd
2026-07-18T11:53:33,wf_score,xs_momentum_12_1,dev,next_open,5.0,1.0,"{""leg_year"": 2019, ""score_cutoff"": ""2018-12-31"", ""spec_sha"": ""b75aa7e7fe34eec1"", ""k"": 3, ""metric"": ""sharpe"", ""margin_bps_annual"": 600.0}",0.01784041020465341,0.010603455062192735,0.7925350225751923,1.1120106577425921,-0.43491125467944414,0.44985967901947854,0.19564903743205342,0.272737460692758,-0.18777643828767687,0.575,1.552592592592593,0.8389182833627279,0.14,wf_score leg=2019 cutoff=2018-12-31 spec_sha=b75aa7e7fe34eec11ebcd5b528c5a5f4d75f131fda1bd5e7cb54c773688503a0; selection metric computed on equity<=cutoff (engine day-causal; this row's stats cover the dev window),600.0,-0.2331672071382691,-0.3008791285886291,-0.266084797655628,-0.43491125467944414,-0.21132968786981776,-0.3301817008958313,,
2026-07-18T11:53:33,wf_score,xs_momentum_top30,dev,next_open,5.0,1.0,"{""leg_year"": 2019, ""score_cutoff"": ""2018-12-31"", ""spec_sha"": ""b75aa7e7fe34eec1"", ""k"": 3, ""metric"": ""sharpe"", ""margin_bps_annual"": 600.0}",0.01870264408570861,0.004208014517903758,0.7632687339789384,1.0761617201036038,-0.4635341397922136,0.43452433698729287,0.20141686476418674,0.2996126498203012,-0.19775472009133455,0.5125,1.7086419753086417,0.8389182833627277,0.14,wf_score leg=2019 cutoff=2018-12-31 spec_sha=b75aa7e7fe34eec11ebcd5b528c5a5f4d75f131fda1bd5e7cb54c773688503a0; selection metric computed on equity<=cutoff (engine day-causal; this row's stats cover the dev window),600.0,-0.24829317447354304,-0.31919900387824596,-0.2785241443966273,-0.4635341397922136,-0.23412859052081303,-0.35693058922070875,,
2026-07-18T11:53:34,wf_score,mean_reversion_5d,dev,next_open,5.0,1.0,"{""leg_year"": 2019, ""score_cutoff"": ""2018-12-31"", ""spec_sha"": ""b75aa7e7fe34eec1"", ""k"": 3, ""metric"": ""sharpe"", ""margin_bps_annual"": 600.0}",0.019118753566399322,0.022126040549129367,0.8309994787835684,1.168208375797698,-0.5021445077462802,0.4143618864603344,0.20806954550544465,0.2727163610697206,-0.3010141629626387,0.675,36.08888888888893,0.9847148736037623,0.13,wf_score leg=2019 cutoff=2018-12-31 spec_sha=b75aa7e7fe34eec11ebcd5b528c5a5f4d75f131fda1bd5e7cb54c773688503a0; selection metric computed on equity<=cutoff (engine day-causal; this row's stats cover the dev window),600.0,-0.06160851726719141,-0.21922392106421174,-0.3715286997998548,-0.49631975350786683,-0.09817962350547138,-0.21914209683575958,,
2026-07-18T11:53:34,wf_score,trend_following,dev,next_open,5.0,1.0,"{""leg_year"": 2019, ""score_cutoff"": ""2018-12-31"", ""spec_sha"": ""b75aa7e7fe34eec1"", ""k"": 3, ""metric"": ""sharpe"", ""margin_bps_annual"": 600.0}",0.012046750377843215,0.014014979721781007,0.7480070539202167,1.0279378843150704,-0.36008221326691214,0.3792142496195817,0.1365483063053703,0.197477418019142,-0.16310722562348456,0.5875,4.711111111111115,0.8759553203997648,0.13,wf_score leg=2019 cutoff=2018-12-31 spec_sha=b75aa7e7fe34eec11ebcd5b528c5a5f4d75f131fda1bd5e7cb54c773688503a0; selection metric computed on equity<=cutoff (engine day-causal; this row's stats cover the dev window),600.0,-0.19687260044964128,-0.23962382870508503,-0.2103610528079608,-0.3504822731270325,0.011938463258285514,-0.15187723263365605,,
2026-07-18T11:53:34,wf_score,dual_momentum_vol,dev,next_open,5.0,1.0,"{""leg_year"": 2019, ""score_cutoff"": ""2018-12-31"", ""spec_sha"": ""b75aa7e7fe34eec1"", ""k"": 3, ""metric"": ""sharpe"", ""margin_bps_annual"": 600.0}",0.01797797345840465,0.020395709734541634,0.9738977769336659,1.3666821669979408,-0.3272529391608696,0.6426271303331581,0.21030161718604123,0.22133084443271875,-0.2072074946234237,0.6875,3.7264804374942795,0.9129923574368018,0.14,wf_score leg=2019 cutoff=2018-12-31 spec_sha=b75aa7e7fe34eec11ebcd5b528c5a5f4d75f131fda1bd5e7cb54c773688503a0; selection metric computed on equity<=cutoff (engine day-causal; this row's stats cover the dev window),600.0,-0.24509635395742846,-0.29169200118737204,-0.20326623578778058,-0.3272529391608696,-0.11154019614027433,-0.2533522154389104,,
2026-07-18T11:53:34,wf_score,sector_rotation,dev,next_open,5.0,1.0,"{""leg_year"": 2019, ""score_cutoff"": ""2018-12-31"", ""spec_sha"": ""b75aa7e7fe34eec1"", ""k"": 3, ""metric"": ""sharpe"", ""margin_bps_annual"": 600.0}",0.00839009649335582,0.009775736667763768,0.6112727200862755,0.8545706940793433,-0.31766522413270715,0.29524218850730166,0.09378817598560296,0.1705632467152601,-0.10073772604694953,0.6375,3.333333333333333,0.9500293944738389,0.14,wf_score leg=2019 cutoff=2018-12-31 spec_sha=b75aa7e7fe34eec11ebcd5b528c5a5f4d75f131fda1bd5e7cb54c773688503a0; selection metric computed on equity<=cutoff (engine day-causal; this row's stats cover the dev window),600.0,-0.12618701946173172,-0.1638444441652267,-0.16904460061843773,-0.316519939418886,-0.06518526899479182,-0.19554203552868443,,
2026-07-18T11:53:34,wf_score,xs_momentum_multi,dev,next_open,5.0,1.0,"{""leg_year"": 2019, ""score_cutoff"": ""2018-12-31"", ""spec_sha"": ""b75aa7e7fe34eec1"", ""k"": 3, ""metric"": ""sharpe"", ""margin_bps_annual"": 600.0}",0.015500441073320053,0.008538442025155413,0.7857622723538976,1.0923822432842691,-0.4196381152645926,0.41378379342466853,0.17363945119976143,0.24109734342649217,-0.1895900287183876,0.525,3.733333333333335,0.826572604350382,0.13,wf_score leg=2019 cutoff=2018-12-31 spec_sha=b75aa7e7fe34eec11ebcd5b528c5a5f4d75f131fda1bd5e7cb54c773688503a0; selection metric computed on equity<=cutoff (engine day-causal; this row's stats cover the dev window),600.0,-0.24109854560434918,-0.2927830776261272,-0.25575292339135725,-0.4196381152645926,-0.10437236140713968,-0.24535011425571018,,
2026-07-18T11:53:34,wf_score,xs_momentum_concentrated,dev,next_open,5.0,1.0,"{""leg_year"": 2019, ""score_cutoff"": ""2018-12-31"", ""spec_sha"": ""b75aa7e7fe34eec1"", ""k"": 3, ""metric"": ""sharpe"", ""margin_bps_annual"": 600.0}",0.010192777938411673,0.0024394489528203334,0.6140082637507754,0.8656448679036828,-0.3453517831679157,0.3178472959015749,0.10976913041470904,0.2035002653410853,-0.11027809703475977,0.525,4.474074074074074,0.8348030570252791,0.15,wf_score leg=2019 cutoff=2018-12-31 spec_sha=b75aa7e7fe34eec11ebcd5b528c5a5f4d75f131fda1bd5e7cb54c773688503a0; selection metric computed on equity<=cutoff (engine day-causal; this row's stats cover the dev window),600.0,-0.24321735341797168,-0.29992593975462933,-0.15392912696281058,-0.3453517831679157,-0.02468136555187095,-0.23053420831806337,,
2026-07-18T11:53:34,wf_score,ts_momentum_multiasset,dev,next_open,5.0,1.0,"{""leg_year"": 2019, ""score_cutoff"": ""2018-12-31"", ""spec_sha"": ""b75aa7e7fe34eec1"", ""k"": 3, ""metric"": ""sharpe"", ""margin_bps_annual"": 600.0}",0.0027621073908082106,0.0034500016473750783,0.6098337325142998,0.835290382355869,-0.08545162081462909,0.3768386142410265,0.03220147037243448,0.05440515063419176,-0.04509135435303202,0.6,1.153781303651753,0.8142269253380364,0.14,wf_score leg=2019 cutoff=2018-12-31 spec_sha=b75aa7e7fe34eec11ebcd5b528c5a5f4d75f131fda1bd5e7cb54c773688503a0; selection metric computed on equity<=cutoff (engine day-causal; this row's stats cover the dev window),600.0,-0.0593920792641649,-0.07332154082249576,-0.039501687781243744,-0.08545162081462909,-0.060312500343367326,-0.07986057894609222,,
2026-07-18T11:53:35,wf_score,xs_momentum_fast,dev,next_open,5.0,1.0,"{""leg_year"": 2019, ""score_cutoff"": ""2018-12-31"", ""spec_sha"": ""b75aa7e7fe34eec1"", ""k"": 3, ""metric"": ""sharpe"", ""margin_bps_annual"": 600.0}",0.0065365472473624744,0.005121528273656639,0.4061424694960209,0.5715666071301262,-0.4216539307200733,0.14696448077708432,0.06196815099589226,0.19499075713239958,-0.20337269489829313,0.575,10.93333333333333,0.9465020576131689,0.14,wf_score leg=2019 cutoff=2018-12-31 spec_sha=b75aa7e7fe34eec11ebcd5b528c5a5f4d75f131fda1bd5e7cb54c773688503a0; selection metric computed on equity<=cutoff (engine day-causal; this row's stats cover the dev window),600.0,-0.23525902210079552,-0.25082944046731825,-0.13598669468938496,-0.2932059982044647,0.10882293987219871,-0.09586535782605421,,
2026-07-18T11:53:35,wf_score,xs_momentum_fast_top10,dev,next_open,5.0,1.0,"{""leg_year"": 2019, ""score_cutoff"": ""2018-12-31"", ""spec_sha"": ""b75aa7e7fe34eec1"", ""k"": 3, ""metric"": ""sharpe"", ""margin_bps_annual"": 600.0}",0.0032502850394391172,0.00020300364614844746,0.1662128448120589,0.23680600501550647,-0.5328615861197734,0.022827939510975157,0.012164132055664467,0.22470124666402694,-0.2218536127335139,0.5,12.177777777777775,0.9465020576131686,0.14,wf_score leg=2019 cutoff=2018-12-31 spec_sha=b75aa7e7fe34eec11ebcd5b528c5a5f4d75f131fda1bd5e7cb54c773688503a0; selection metric computed on equity<=cutoff (engine day-causal; this row's stats cover the dev window),600.0,-0.31427326937675915,-0.3148057593607654,-0.011879352788120467,-0.11765020816677563,0.22671778369012308,-0.12056108481621719,,
2026-07-18T11:53:35,wf_score,low_vol_quality,dev,next_open,5.0,1.0,"{""leg_year"": 2019, ""score_cutoff"": ""2018-12-31"", ""spec_sha"": ""b75aa7e7fe34eec1"", ""k"": 3, ""metric"": ""sharpe"", ""margin_bps_annual"": 600.0}",0.005969121677708096,0.008200358374396588,0.6316662507921619,0.8504235938917888,-0.2622514301955806,0.25671114055350736,0.06732286375729601,0.11343073560738887,-0.11480305298370541,0.6375,2.316612037514056,0.9500293944738389,0.14,wf_score leg=2019 cutoff=2018-12-31 spec_sha=b75aa7e7fe34eec11ebcd5b528c5a5f4d75f131fda1bd5e7cb54c773688503a0; selection metric computed on equity<=cutoff (engine day-causal; this row's stats cover the dev window),600.0,-0.040082875494704795,-0.06146958701396643,-0.15747903307435618,-0.2622514301955806,-0.09475011432313929,-0.17754018958638562,,
2026-07-18T11:53:35,wf_score,acceleration_momentum,dev,next_open,5.0,1.0,"{""leg_year"": 2019, ""score_cutoff"": ""2018-12-31"", ""spec_sha"": ""b75aa7e7fe34eec1"", ""k"": 3, ""metric"": ""sharpe"", ""margin_bps_annual"": 600.0}",0.012018331455010507,0.01096909774746957,0.8573599473621573,1.2101676644471324,-0.3196688124950643,0.44119877165397736,0.14103748740890798,0.17108643618262057,-0.08668109577310146,0.6125,4.00987654320988,0.826572604350382,0.14,wf_score leg=2019 cutoff=2018-12-31 spec_sha=b75aa7e7fe34eec11ebcd5b528c5a5f4d75f131fda1bd5e7cb54c773688503a0; selection metric computed on equity<=cutoff (engine day-causal; this row's stats cover the dev window),600.0,-0.09896056508151885,-0.1398181961761602,-0.18302528777001226,-0.3196688124950643,0.0008235775188456529,-0.14486609309245424,,
2026-07-18T11:53:35,wf_score,donchian_breakout,dev,next_open,5.0,1.0,"{""leg_year"": 2019, ""score_cutoff"": ""2018-12-31"", ""spec_sha"": ""b75aa7e7fe34eec1"", ""k"": 3, ""metric"": ""sharpe"", ""margin_bps_annual"": 600.0}",0.008877871841233077,0.009532251389926083,0.7466026554861189,1.0567950002581736,-0.25956369883694086,0.39397491162194437,0.10226158530954876,0.14441660513279567,-0.10103695327438256,0.625,10.7577853281605,0.9376837154614927,0.14,wf_score leg=2019 cutoff=2018-12-31 spec_sha=b75aa7e7fe34eec11ebcd5b528c5a5f4d75f131fda1bd5e7cb54c773688503a0; selection metric computed on equity<=cutoff (engine day-causal; this row's stats cover the dev window),600.0,-0.1347936996433835,-0.15959308269087535,-0.12376830836978503,-0.2588695287051017,0.0027888211506927885,-0.16732912729409566,,
2026-07-18T11:53:35,wf_score,multifactor_mvr,dev,next_open,5.0,1.0,"{""leg_year"": 2019, ""score_cutoff"": ""2018-12-31"", ""spec_sha"": ""b75aa7e7fe34eec1"", ""k"": 3, ""metric"": ""sharpe"", ""margin_bps_annual"": 600.0}",0.01069609443379839,0.006662619756048649,0.7266201302656375,0.9884839411362469,-0.3744165960083218,0.32339150620504187,0.12108314693129585,0.17988846571531966,-0.17180699085810835,0.575,5.204938271604943,0.8389182833627277,0.14,wf_score leg=2019 cutoff=2018-12-31 spec_sha=b75aa7e7fe34eec11ebcd5b528c5a5f4d75f131fda1bd5e7cb54c773688503a0; selection metric computed on equity<=cutoff (engine day-causal; this row's stats cover the dev window),600.0,-0.08980519283441013,-0.13698585378946315,-0.22864085457341154,-0.3744165960083218,0.0037021104164025598,-0.17047755233510375,,
2026-07-18T11:53:35,wf_score,risk_parity_etf,dev,next_open,5.0,1.0,"{""leg_year"": 2019, ""score_cutoff"": ""2018-12-31"", ""spec_sha"": ""b75aa7e7fe34eec1"", ""k"": 3, ""metric"": ""sharpe"", ""margin_bps_annual"": 600.0}",0.003725826284378728,0.004739742167020555,0.5221494073376945,0.7240228877818871,-0.20450008998913716,0.20402500172665256,0.04172313121313431,0.085259124169906,-0.05913947363999328,0.6125,0.5229852447734901,0.9500293944738389,0.14,wf_score leg=2019 cutoff=2018-12-31 spec_sha=b75aa7e7fe34eec11ebcd5b528c5a5f4d75f131fda1bd5e7cb54c773688503a0; selection metric computed on equity<=cutoff (engine day-causal; this row's stats cover the dev window),600.0,-0.03364281329228658,-0.055354097311492656,-0.07005532614466703,-0.1590487355954182,-0.14318194597215694,-0.19276083467834892,,
2026-07-18T11:53:36,wf_score,vix_gated_trend,dev,next_open,5.0,1.0,"{""leg_year"": 2019, ""score_cutoff"": ""2018-12-31"", ""spec_sha"": ""b75aa7e7fe34eec1"", ""k"": 3, ""metric"": ""sharpe"", ""margin_bps_annual"": 600.0}",0.012046750377843215,0.014014979721781007,0.7480070539202167,1.0279378843150704,-0.36008221326691214,0.3792142496195817,0.1365483063053703,0.197477418019142,-0.16310722562348456,0.5875,4.711111111111115,0.8759553203997648,0.19,wf_score leg=2019 cutoff=2018-12-31 spec_sha=b75aa7e7fe34eec11ebcd5b528c5a5f4d75f131fda1bd5e7cb54c773688503a0; selection metric computed on equity<=cutoff (engine day-causal; this row's stats cover the dev window),600.0,-0.19687260044964128,-0.23962382870508503,-0.2103610528079608,-0.3504822731270325,0.011938463258285514,-0.15187723263365605,,
2026-07-18T11:53:36,wf_score,calendar_tom,dev,next_open,5.0,1.0,"{""leg_year"": 2019, ""score_cutoff"": ""2018-12-31"", ""spec_sha"": ""b75aa7e7fe34eec1"", ""k"": 3, ""metric"": ""sharpe"", ""margin_bps_annual"": 600.0}",0.006893936987515256,0.003286527346627488,0.5764661732971822,0.8256599517304042,-0.22076154459267527,0.3386544565722312,0.07476188091607883,0.1428149662762579,-0.07302430676156357,0.5125,14.913580246913579,0.6972369194591416,0.16,wf_score leg=2019 cutoff=2018-12-31 spec_sha=b75aa7e7fe34eec11ebcd5b528c5a5f4d75f131fda1bd5e7cb54c773688503a0; selection metric computed on equity<=cutoff (engine day-causal; this row's stats cover the dev window),600.0,-0.06656218986487061,-0.07027114798724354,-0.0889774673911421,-0.22076154459267527,0.025001180971743864,-0.18234576566516147,,
2026-07-18T11:53:36,wf_score,sector_momentum_rotation,dev,next_open,5.0,1.0,"{""leg_year"": 2019, ""score_cutoff"": ""2018-12-31"", ""spec_sha"": ""b75aa7e7fe34eec1"", ""k"": 3, ""metric"": ""sharpe"", ""margin_bps_annual"": 600.0}",0.008993353860011224,0.013169367023893264,0.6787459574402541,0.9645402831121394,-0.2938881886044762,0.35097358795515904,0.10314699201215549,0.16465216920475842,-0.08991846606058773,0.6125,2.4197530864197527,0.9129923574368018,0.15,wf_score leg=2019 cutoff=2018-12-31 spec_sha=b75aa7e7fe34eec11ebcd5b528c5a5f4d75f131fda1bd5e7cb54c773688503a0; selection metric computed on equity<=cutoff (engine day-causal; this row's stats cover the dev window),600.0,-0.11927225044960255,-0.15859539510277343,-0.1482863479912594,-0.2921664315393949,0.005651202853437232,-0.15168314421830542,,
2026-07-18T11:53:36,wf_score,adaptive_voltarget_momentum,dev,next_open,5.0,1.0,"{""leg_year"": 2019, ""score_cutoff"": ""2018-12-31"", ""spec_sha"": ""b75aa7e7fe34eec1"", ""k"": 3, ""metric"": ""sharpe"", ""margin_bps_annual"": 600.0}",0.010486904368765324,0.0013690739436519328,0.7942257752389024,1.1034279748404492,-0.2806737117452385,0.4235781194877419,0.11888724301069264,0.15705513057302617,-0.1659547617724063,0.5125,1.8349818704446328,0.49353321575543796,0.15,wf_score leg=2019 cutoff=2018-12-31 spec_sha=b75aa7e7fe34eec11ebcd5b528c5a5f4d75f131fda1bd5e7cb54c773688503a0; selection metric computed on equity<=cutoff (engine day-causal; this row's stats cover the dev window),600.0,-0.2136461641068338,-0.2494414013417645,-0.13087632584359532,-0.25951664182000644,-0.04629058244871276,-0.15087717500597075,,
2026-07-18T11:53:36,wf_score,momentum_quality_blend,dev,next_open,5.0,1.0,"{""leg_year"": 2019, ""score_cutoff"": ""2018-12-31"", ""spec_sha"": ""b75aa7e7fe34eec1"", ""k"": 3, ""metric"": ""sharpe"", ""margin_bps_annual"": 600.0}",0.011499766000025412,0.00354623314820135,0.7046081538247488,0.9750647257910736,-0.3744958307650422,0.34222241425477723,0.12816086733276122,0.199716786948372,-0.14049013622402184,0.5125,3.002469135802469,0.8389182833627277,0.15,wf_score leg=2019 cutoff=2018-12-31 spec_sha=b75aa7e7fe34eec11ebcd5b528c5a5f4d75f131fda1bd5e7cb54c773688503a0; selection metric computed on equity<=cutoff (engine day-causal; this row's stats cover the dev window),600.0,-0.17695831870919643,-0.22935952141352367,-0.2091246212202581,-0.3744958307650422,-0.011549842675288136,-0.21451174092903846,,
2026-07-18T11:53:36,wf_score,xs_momentum_12_1,dev,next_open,5.0,1.0,"{""leg_year"": 2020, ""score_cutoff"": ""2019-12-31"", ""spec_sha"": ""b75aa7e7fe34eec1"", ""k"": 3, ""metric"": ""sharpe"", ""margin_bps_annual"": 600.0}",0.017424084693305374,0.012052225570881592,0.7591452179889681,1.0778786611252307,-0.4186160766412045,0.45754884358881914,0.1915373017748716,0.28422990244159,-0.15036816643215256,0.575,2.648888888888889,0.8389182833627279,0.14,wf_score leg=2020 cutoff=2019-12-31 spec_sha=b75aa7e7fe34eec11ebcd5b528c5a5f4d75f131fda1bd5e7cb54c773688503a0; selection metric computed on equity<=cutoff (engine day-causal; this row's stats cover the dev window),600.0,-0.2331672071382691,-0.3008791285886291,-0.221327030155255,-0.3867886949515962,-0.2951217401415972,-0.38908026342457824,,
2026-07-18T11:53:37,wf_score,xs_momentum_top30,dev,next_open,5.0,1.0,"{""leg_year"": 2020, ""score_cutoff"": ""2019-12-31"", ""spec_sha"": ""b75aa7e7fe34eec1"", ""k"": 3, ""metric"": ""sharpe"", ""margin_bps_annual"": 600.0}",0.01807099375905094,0.011118379540165035,0.7105251326475747,1.0073781253515208,-0.49759071439821745,0.38425395631962084,0.19120120063542156,0.317366351046848,-0.1671536007535458,0.55,2.8345679012345677,0.8389182833627277,0.14,wf_score leg=2020 cutoff=2019-12-31 spec_sha=b75aa7e7fe34eec11ebcd5b528c5a5f4d75f131fda1bd5e7cb54c773688503a0; selection metric computed on equity<=cutoff (engine day-causal; this row's stats cover the dev window),600.0,-0.24829317447354304,-0.31919900387824596,-0.2227493728934814,-0.4024659846393568,-0.3753939892064412,-0.4725302041046343,,
2026-07-18T11:53:37,wf_score,mean_reversion_5d,dev,next_open,5.0,1.0,"{""leg_year"": 2020, ""score_cutoff"": ""2019-12-31"", ""spec_sha"": ""b75aa7e7fe34eec1"", ""k"": 3, ""metric"": ""sharpe"", ""margin_bps_annual"": 600.0}",0.013766907410158813,0.020772181685437374,0.7369243719498718,1.0543560235419822,-0.36320485956900905,0.41813107680660955,0.15186723903298316,0.226965462442013,-0.17887522326565575,0.65,49.30370370370377,0.9847148736037623,0.14,wf_score leg=2020 cutoff=2019-12-31 spec_sha=b75aa7e7fe34eec11ebcd5b528c5a5f4d75f131fda1bd5e7cb54c773688503a0; selection metric computed on equity<=cutoff (engine day-causal; this row's stats cover the dev window),600.0,-0.06160851726719141,-0.21922392106421174,-0.2533191540418529,-0.35151647660760865,-0.06788603116117387,-0.17585444322262123,,
2026-07-18T11:53:37,wf_score,trend_following,dev,next_open,5.0,1.0,"{""leg_year"": 2020, ""score_cutoff"": ""2019-12-31"", ""spec_sha"": ""b75aa7e7fe34eec1"", ""k"": 3, ""metric"": ""sharpe"", ""margin_bps_annual"": 600.0}",0.012049267187267117,0.014461563119235743,0.6932170339878859,0.9512791423266019,-0.34835493129854544,0.3830805768587322,0.13344800803343082,0.2140989340478305,-0.16310722562348456,0.625,7.377777777777784,0.8759553203997649,0.14,wf_score leg=2020 cutoff=2019-12-31 spec_sha=b75aa7e7fe34eec11ebcd5b528c5a5f4d75f131fda1bd5e7cb54c773688503a0; selection metric computed on equity<=cutoff (engine day-causal; this row's stats cover the dev window),600.0,-0.19687260044964128,-0.23962382870508503,-0.22905247637444714,-0.34331852426453646,-0.1689189991913127,-0.23131056937392513,,
2026-07-18T11:53:37,wf_score,dual_momentum_vol,dev,next_open,5.0,1.0,"{""leg_year"": 2020, ""score_cutoff"": ""2019-12-31"", ""spec_sha"": ""b75aa7e7fe34eec1"", ""k"": 3, ""metric"": ""sharpe"", ""margin_bps_annual"": 600.0}",0.02196909663663931,0.02198661904839183,0.9271278174481468,1.3082504832051083,-0.4311678537666829,0.5853347917653996,0.2523775459004556,0.28766465530322094,-0.2072074946234237,0.6875,5.709014254328137,0.9129923574368018,0.27,wf_score leg=2020 cutoff=2019-12-31 spec_sha=b75aa7e7fe34eec11ebcd5b528c5a5f4d75f131fda1bd5e7cb54c773688503a0; selection metric computed on equity<=cutoff (engine day-causal; this row's stats cover the dev window),600.0,-0.24509635395742846,-0.29169200118737204,-0.2962162454483108,-0.4311678537666829,-0.19030681634647195,-0.3028187874352677,,
2026-07-18T11:53:37,wf_score,sector_rotation,dev,next_open,5.0,1.0,"{""leg_year"": 2020, ""score_cutoff"": ""2019-12-31"", ""spec_sha"": ""b75aa7e7fe34eec1"", ""k"": 3, ""metric"": ""sharpe"", ""margin_bps_annual"": 600.0}",0.009507175395783666,0.015154683788352052,0.607759290646552,0.8491577871199504,-0.36161871635949905,0.2862318887676764,0.10350680819732205,0.19280524968389193,-0.13117401401357875,0.6625,4.592592592592593,0.9500293944738389,0.16,wf_score leg=2020 cutoff=2019-12-31 spec_sha=b75aa7e7fe34eec11ebcd5b528c5a5f4d75f131fda1bd5e7cb54c773688503a0; selection metric computed on equity<=cutoff (engine day-causal; this row's stats cover the dev window),600.0,-0.12618701946173172,-0.1638444441652267,-0.22777644463855595,-0.36060448904034126,-0.11638209557537582,-0.21958041549517138,,
2026-07-18T11:53:37,wf_score,xs_momentum_multi,dev,next_open,5.0,1.0,"{""leg_year"": 2020, ""score_cutoff"": ""2019-12-31"", ""spec_sha"": ""b75aa7e7fe34eec1"", ""k"": 3, ""metric"": ""sharpe"", ""margin_bps_annual"": 600.0}",0.01312867755339905,0.004856071855970812,0.5687001246209585,0.7900949493535372,-0.4175870558989655,0.3167268974266889,0.13226105262042465,0.29596754005931053,-0.1895900287183876,0.5375,6.172839506172843,0.826572604350382,0.14,wf_score leg=2020 cutoff=2019-12-31 spec_sha=b75aa7e7fe34eec11ebcd5b528c5a5f4d75f131fda1bd5e7cb54c773688503a0; selection metric computed on equity<=cutoff (engine day-causal; this row's stats cover the dev window),600.0,-0.24109854560434918,-0.2927830776261272,-0.26557356726269676,-0.4175870558989655,-0.3161413385071403,-0.3761875647973083,,
2026-07-18T11:53:38,wf_score,xs_momentum_concentrated,dev,next_open,5.0,1.0,"{""leg_year"": 2020, ""score_cutoff"": ""2019-12-31"", ""spec_sha"": ""b75aa7e7fe34eec1"", ""k"": 3, ""metric"": ""sharpe"", ""margin_bps_annual"": 600.0}",0.012696254703044973,0.011291902546649801,0.5473246261089735,0.765014243178975,-0.4416787238128095,0.2818526603674209,0.12448832333432769,0.2936260502734065,-0.19370772091876276,0.525,7.298765432098765,0.8348030570252791,0.14,wf_score leg=2020 cutoff=2019-12-31 spec_sha=b75aa7e7fe34eec11ebcd5b528c5a5f4d75f131fda1bd5e7cb54c773688503a0; selection metric computed on equity<=cutoff (engine day-causal; this row's stats cover the dev window),600.0,-0.24321735341797168,-0.29992593975462933,-0.31078284481506213,-0.4416787238128095,-0.32140531009074036,-0.39023015792012117,,
2026-07-18T11:53:38,wf_score,ts_momentum_multiasset,dev,next_open,5.0,1.0,"{""leg_year"": 2020, ""score_cutoff"": ""2019-12-31"", ""spec_sha"": ""b75aa7e7fe34eec1"", ""k"": 3, ""metric"": ""sharpe"", ""margin_bps_annual"": 600.0}",0.0033278072463853365,0.004455162550684899,0.46055697129699763,0.6286288150430003,-0.17937622188132163,0.2082935112620451,0.03736290309258017,0.08810416339982166,-0.060448231774192895,0.575,1.616259283013446,0.8142269253380364,0.14,wf_score leg=2020 cutoff=2019-12-31 spec_sha=b75aa7e7fe34eec11ebcd5b528c5a5f4d75f131fda1bd5e7cb54c773688503a0; selection metric computed on equity<=cutoff (engine day-causal; this row's stats cover the dev window),600.0,-0.0593920792641649,-0.07332154082249576,-0.10219242483205504,-0.17937622188132163,-0.09704279330524301,-0.13300773814211098,,
2026-07-18T11:53:38,wf_score,xs_momentum_fast,dev,next_open,5.0,1.0,"{""leg_year"": 2020, ""score_cutoff"": ""2019-12-31"", ""spec_sha"": ""b75aa7e7fe34eec1"", ""k"": 3, ""metric"": ""sharpe"", ""margin_bps_annual"": 600.0}",0.017921694170354534,0.018969662523920627,0.688249660984612,0.9671563667115528,-0.479493546678433,0.3836987441525706,0.18398107168977673,0.3205866145857339,-0.20337269489829313,0.625,16.04444444444444,0.9465020576131689,0.13,wf_score leg=2020 cutoff=2019-12-31 spec_sha=b75aa7e7fe34eec11ebcd5b528c5a5f4d75f131fda1bd5e7cb54c773688503a0; selection metric computed on equity<=cutoff (engine day-causal; this row's stats cover the dev window),600.0,-0.23525902210079552,-0.25082944046731825,-0.30331088638953063,-0.479493546678433,-0.28265367132748176,-0.37476744567054443,,
2026-07-18T11:53:38,wf_score,xs_momentum_fast_top10,dev,next_open,5.0,1.0,"{""leg_year"": 2020, ""score_cutoff"": ""2019-12-31"", ""spec_sha"": ""b75aa7e7fe34eec1"", ""k"": 3, ""metric"": ""sharpe"", ""margin_bps_annual"": 600.0}",0.01850562100931686,0.024824098566956443,0.6152760457218842,0.8709482578733417,-0.5491313552790151,0.3114234929747007,0.17101240476292223,0.36620829023096946,-0.2218536127335139,0.5625,17.45185185185185,0.9465020576131686,0.15,wf_score leg=2020 cutoff=2019-12-31 spec_sha=b75aa7e7fe34eec11ebcd5b528c5a5f4d75f131fda1bd5e7cb54c773688503a0; selection metric computed on equity<=cutoff (engine day-causal; this row's stats cover the dev window),600.0,-0.31427326937675915,-0.3148057593607654,-0.3174909514521197,-0.47589547866110504,-0.348724120991029,-0.40111237266897193,,
2026-07-18T11:53:38,wf_score,low_vol_quality,dev,next_open,5.0,1.0,"{""leg_year"": 2020, ""score_cutoff"": ""2019-12-31"", ""spec_sha"": ""b75aa7e7fe34eec1"", ""k"": 3, ""metric"": ""sharpe"", ""margin_bps_annual"": 600.0}",0.006411278758761416,0.009252810439336678,0.5592981697315864,0.7650912097152528,-0.296306978164683,0.23598684558989164,0.06992454910335644,0.13800718447996552,-0.12527964443657713,0.65,3.3039252114071163,0.9500293944738389,0.14,wf_score leg=2020 cutoff=2019-12-31 spec_sha=b75aa7e7fe34eec11ebcd5b528c5a5f4d75f131fda1bd5e7cb54c773688503a0; selection metric computed on equity<=cutoff (engine day-causal; this row's stats cover the dev window),600.0,-0.040082875494704795,-0.06146958701396643,-0.1842636119834533,-0.296306978164683,-0.15453833329375377,-0.2265665339401569,,
2026-07-18T11:53:38,wf_score,acceleration_momentum,dev,next_open,5.0,1.0,"{""leg_year"": 2020, ""score_cutoff"": ""2019-12-31"", ""spec_sha"": ""b75aa7e7fe34eec1"", ""k"": 3, ""metric"": ""sharpe"", ""margin_bps_annual"": 600.0}",0.014203928265753821,0.013869603398733665,0.744948442622379,1.0639671755102933,-0.4560307950449246,0.3458169271844502,0.1577031682439176,0.23334002281128977,-0.1767300339004626,0.6125,6.804938271604946,0.826572604350382,0.14,wf_score leg=2020 cutoff=2019-12-31 spec_sha=b75aa7e7fe34eec11ebcd5b528c5a5f4d75f131fda1bd5e7cb54c773688503a0; selection metric computed on equity<=cutoff (engine day-causal; this row's stats cover the dev window),600.0,-0.09896056508151885,-0.1398181961761602,-0.29686779409960173,-0.42051467444638757,0.00994429134815178,-0.19628679422976525,,
2026-07-18T11:53:38,wf_score,donchian_breakout,dev,next_open,5.0,1.0,"{""leg_year"": 2020, ""score_cutoff"": ""2019-12-31"", ""spec_sha"": ""b75aa7e7fe34eec1"", ""k"": 3, ""metric"": ""sharpe"", ""margin_bps_annual"": 600.0}",0.010999461820368771,0.01099595196490466,0.669556829463943,0.9295960843258513,-0.3774406532989819,0.3214623065540453,0.12133294299675645,0.20164274473676988,-0.14628993159406822,0.65,15.55974200181528,0.9376837154614915,0.14,wf_score leg=2020 cutoff=2019-12-31 spec_sha=b75aa7e7fe34eec11ebcd5b528c5a5f4d75f131fda1bd5e7cb54c773688503a0; selection metric computed on equity<=cutoff (engine day-causal; this row's stats cover the dev window),600.0,-0.1347936996433835,-0.15959308269087535,-0.2468926745350697,-0.3774406532989819,-0.11868052145542851,-0.22060493622087307,,
2026-07-18T11:53:39,wf_score,multifactor_mvr,dev,next_open,5.0,1.0,"{""leg_year"": 2020, ""score_cutoff"": ""2019-12-31"", ""spec_sha"": ""b75aa7e7fe34eec1"", ""k"": 3, ""metric"": ""sharpe"", ""margin_bps_annual"": 600.0}",0.008646125124071891,0.005610377299450353,0.576351115095691,0.8010468770886502,-0.378940350060503,0.25296609428816197,0.0958590603229943,0.19061715402205986,-0.15724263229653634,0.5625,8.237037037037046,0.8389182833627277,0.14,wf_score leg=2020 cutoff=2019-12-31 spec_sha=b75aa7e7fe34eec11ebcd5b528c5a5f4d75f131fda1bd5e7cb54c773688503a0; selection metric computed on equity<=cutoff (engine day-causal; this row's stats cover the dev window),600.0,-0.08980519283441013,-0.13698585378946315,-0.23922796456637507,-0.3778048287231037,-0.10350167388470644,-0.23392501323811532,,
2026-07-18T11:53:39,wf_score,risk_parity_etf,dev,next_open,5.0,1.0,"{""leg_year"": 2020, ""score_cutoff"": ""2019-12-31"", ""spec_sha"": ""b75aa7e7fe34eec1"", ""k"": 3, ""metric"": ""sharpe"", ""margin_bps_annual"": 600.0}",0.003988626066134466,0.006373123603491293,0.4951741227171361,0.6849098295622131,-0.20484400008176018,0.21610838338107136,0.04426850570298124,0.09700632740200973,-0.08179543393363764,0.625,0.7338813954613658,0.9500293944738389,0.14,wf_score leg=2020 cutoff=2019-12-31 spec_sha=b75aa7e7fe34eec11ebcd5b528c5a5f4d75f131fda1bd5e7cb54c773688503a0; selection metric computed on equity<=cutoff (engine day-causal; this row's stats cover the dev window),600.0,-0.03364281329228658,-0.055354097311492656,-0.11927877081408711,-0.20484400008176018,-0.13535284993994268,-0.18406233648865988,,
2026-07-18T11:53:39,wf_score,vix_gated_trend,dev,next_open,5.0,1.0,"{""leg_year"": 2020, ""score_cutoff"": ""2019-12-31"", ""spec_sha"": ""b75aa7e7fe34eec1"", ""k"": 3, ""metric"": ""sharpe"", ""margin_bps_annual"": 600.0}",0.012049267187267117,0.014461563119235743,0.6932170339878859,0.9512791423266019,-0.34835493129854544,0.3830805768587322,0.13344800803343082,0.2140989340478305,-0.16310722562348456,0.625,7.377777777777784,0.8759553203997649,0.14,wf_score leg=2020 cutoff=2019-12-31 spec_sha=b75aa7e7fe34eec11ebcd5b528c5a5f4d75f131fda1bd5e7cb54c773688503a0; selection metric computed on equity<=cutoff (engine day-causal; this row's stats cover the dev window),600.0,-0.19687260044964128,-0.23962382870508503,-0.22905247637444714,-0.34331852426453646,-0.1689189991913127,-0.23131056937392513,,
2026-07-18T11:53:39,wf_score,calendar_tom,dev,next_open,5.0,1.0,"{""leg_year"": 2020, ""score_cutoff"": ""2019-12-31"", ""spec_sha"": ""b75aa7e7fe34eec1"", ""k"": 3, ""metric"": ""sharpe"", ""margin_bps_annual"": 600.0}",0.010863541112288436,0.003162712672718837,0.5068020462896137,0.7084716804858896,-0.46916859241291387,0.22757884195562944,0.10677284494328365,0.27574065879714804,-0.15538426473171485,0.525,21.145679012345678,0.5914168136390358,0.14,wf_score leg=2020 cutoff=2019-12-31 spec_sha=b75aa7e7fe34eec11ebcd5b528c5a5f4d75f131fda1bd5e7cb54c773688503a0; selection metric computed on equity<=cutoff (engine day-causal; this row's stats cover the dev window),600.0,-0.06656218986487061,-0.07027114798724354,-0.29073932331527785,-0.4557653970428358,-0.254721366873053,-0.3355092187655191,,
2026-07-18T11:53:39,wf_score,sector_momentum_rotation,dev,next_open,5.0,1.0,"{""leg_year"": 2020, ""score_cutoff"": ""2019-12-31"", ""spec_sha"": ""b75aa7e7fe34eec1"", ""k"": 3, ""metric"": ""sharpe"", ""margin_bps_annual"": 600.0}",0.009316716127949331,0.01446290116645954,0.599472918354254,0.842882795214855,-0.3413392661308947,0.30021699912912947,0.10247585016275651,0.1944127389938937,-0.11260486483816223,0.6125,3.7037037037037037,0.9129923574368018,0.14,wf_score leg=2020 cutoff=2019-12-31 spec_sha=b75aa7e7fe34eec11ebcd5b528c5a5f4d75f131fda1bd5e7cb54c773688503a0; selection metric computed on equity<=cutoff (engine day-causal; this row's stats cover the dev window),600.0,-0.11927225044960255,-0.15859539510277343,-0.21010012954608492,-0.3413392661308947,-0.1392180161067309,-0.22502939443355197,,
2026-07-18T11:53:39,wf_score,adaptive_voltarget_momentum,dev,next_open,5.0,1.0,"{""leg_year"": 2020, ""score_cutoff"": ""2019-12-31"", ""spec_sha"": ""b75aa7e7fe34eec1"", ""k"": 3, ""metric"": ""sharpe"", ""margin_bps_annual"": 600.0}",0.01575857376594652,0.007163569483040644,0.6822076016226878,0.9652576292187647,-0.47683867506191124,0.3488516689736822,0.16634596762654708,0.2855129892145797,-0.1659547617724063,0.55,3.0988197660222068,0.7648442092886537,0.14,wf_score leg=2020 cutoff=2019-12-31 spec_sha=b75aa7e7fe34eec11ebcd5b528c5a5f4d75f131fda1bd5e7cb54c773688503a0; selection metric computed on equity<=cutoff (engine day-causal; this row's stats cover the dev window),600.0,-0.2136461641068338,-0.2494414013417645,-0.22354130440668918,-0.40052994169227096,-0.3456240581144202,-0.4512602881849833,,
2026-07-18T11:53:39,wf_score,momentum_quality_blend,dev,next_open,5.0,1.0,"{""leg_year"": 2020, ""score_cutoff"": ""2019-12-31"", ""spec_sha"": ""b75aa7e7fe34eec1"", ""k"": 3, ""metric"": ""sharpe"", ""margin_bps_annual"": 600.0}",0.009424072374802247,0.004538794183619799,0.548876628674154,0.7556118907577658,-0.40511927802633907,0.24381046266427622,0.09877231860981928,0.2135254931262374,-0.18791458028773067,0.5125,4.760493827160493,0.8389182833627277,0.13,wf_score leg=2020 cutoff=2019-12-31 spec_sha=b75aa7e7fe34eec11ebcd5b528c5a5f4d75f131fda1bd5e7cb54c773688503a0; selection metric computed on equity<=cutoff (engine day-causal; this row's stats cover the dev window),600.0,-0.17695831870919643,-0.22935952141352367,-0.27347221164819446,-0.40511927802633907,-0.1602867289112745,-0.26652020022762024,,
2026-07-18T11:53:40,wf_score,xs_momentum_12_1,dev,next_open,5.0,1.0,"{""leg_year"": 2021, ""score_cutoff"": ""2020-12-31"", ""spec_sha"": ""b75aa7e7fe34eec1"", ""k"": 3, ""metric"": ""sharpe"", ""margin_bps_annual"": 600.0}",0.011430248079377642,0.005361145900347641,0.4510910092500626,0.6332538658371971,-0.5953283753621423,0.1694670496582092,0.10088854335043718,0.34739435033805977,-0.20733637668707283,0.5375,3.7570370370370383,0.8389182833627279,0.15,wf_score leg=2021 cutoff=2020-12-31 spec_sha=b75aa7e7fe34eec11ebcd5b528c5a5f4d75f131fda1bd5e7cb54c773688503a0; selection metric computed on equity<=cutoff (engine day-causal; this row's stats cover the dev window),600.0,-0.2331672071382691,-0.3008791285886291,-0.30298916969436895,-0.43221960665338566,-0.4994748109123781,-0.519823215644873,,
2026-07-18T11:53:40,wf_score,xs_momentum_top30,dev,next_open,5.0,1.0,"{""leg_year"": 2021, ""score_cutoff"": ""2020-12-31"", ""spec_sha"": ""b75aa7e7fe34eec1"", ""k"": 3, ""metric"": ""sharpe"", ""margin_bps_annual"": 600.0}",0.013886131982830518,0.006836180044900053,0.5037806753307277,0.7149708308134564,-0.6129881692860412,0.20560598961129548,0.1260340391660728,0.3771972525497138,-0.21494573245490722,0.525,3.980246913580247,0.8389182833627277,0.14,wf_score leg=2021 cutoff=2020-12-31 spec_sha=b75aa7e7fe34eec11ebcd5b528c5a5f4d75f131fda1bd5e7cb54c773688503a0; selection metric computed on equity<=cutoff (engine day-causal; this row's stats cover the dev window),600.0,-0.24829317447354304,-0.31919900387824596,-0.2994131454604815,-0.4262382168093908,-0.5049055700082756,-0.5251654283291622,,
2026-07-18T11:53:40,wf_score,mean_reversion_5d,dev,next_open,5.0,1.0,"{""leg_year"": 2021, ""score_cutoff"": ""2020-12-31"", ""spec_sha"": ""b75aa7e7fe34eec1"", ""k"": 3, ""metric"": ""sharpe"", ""margin_bps_annual"": 600.0}",0.016551069015842235,0.020772181685437374,0.5796741272079315,0.8453996625639818,-0.6502728568123506,0.24119979856524654,0.15684568207558636,0.3686725783400646,-0.28025266053015396,0.6125,62.92345679012354,0.9847148736037623,0.14,wf_score leg=2021 cutoff=2020-12-31 spec_sha=b75aa7e7fe34eec11ebcd5b528c5a5f4d75f131fda1bd5e7cb54c773688503a0; selection metric computed on equity<=cutoff (engine day-causal; this row's stats cover the dev window),600.0,-0.06160851726719141,-0.21922392106421174,-0.29878628694135223,-0.625184139490353,-0.34879192816687377,-0.3894653523431386,,
2026-07-18T11:53:40,wf_score,trend_following,dev,next_open,5.0,1.0,"{""leg_year"": 2021, ""score_cutoff"": ""2020-12-31"", ""spec_sha"": ""b75aa7e7fe34eec1"", ""k"": 3, ""metric"": ""sharpe"", ""margin_bps_annual"": 600.0}",0.015013779787765075,0.015698010813183894,0.6986757751099847,0.9903373321404927,-0.3808942809923318,0.42648822394596636,0.16244692541159544,0.2664479013338014,-0.16310722562348456,0.625,10.305099302200759,0.8759553203997649,0.14,wf_score leg=2021 cutoff=2020-12-31 spec_sha=b75aa7e7fe34eec11ebcd5b528c5a5f4d75f131fda1bd5e7cb54c773688503a0; selection metric computed on equity<=cutoff (engine day-causal; this row's stats cover the dev window),600.0,-0.19687260044964128,-0.23962382870508503,-0.23730527085740094,-0.32551857349269164,-0.22075249660988328,-0.32020405609942915,,
2026-07-18T11:53:40,wf_score,dual_momentum_vol,dev,next_open,5.0,1.0,"{""leg_year"": 2021, ""score_cutoff"": ""2020-12-31"", ""spec_sha"": ""b75aa7e7fe34eec1"", ""k"": 3, ""metric"": ""sharpe"", ""margin_bps_annual"": 600.0}",0.02192353592684524,0.02171841997027013,0.8463351188594801,1.1893837338200717,-0.44263513391654774,0.549104178749487,0.24305280169491517,0.3167803054786943,-0.2072074946234237,0.6625,7.38519090880058,0.9110129984958822,0.14,wf_score leg=2021 cutoff=2020-12-31 spec_sha=b75aa7e7fe34eec11ebcd5b528c5a5f4d75f131fda1bd5e7cb54c773688503a0; selection metric computed on equity<=cutoff (engine day-causal; this row's stats cover the dev window),600.0,-0.24509635395742846,-0.29169200118737204,-0.3005418794341157,-0.3832608999073688,-0.36661767793182787,-0.38711660792716596,,
2026-07-18T11:53:40,wf_score,sector_rotation,dev,next_open,5.0,1.0,"{""leg_year"": 2021, ""score_cutoff"": ""2020-12-31"", ""spec_sha"": ""b75aa7e7fe34eec1"", ""k"": 3, ""metric"": ""sharpe"", ""margin_bps_annual"": 600.0}",0.0121290250810662,0.014972874577464768,0.7621355473992306,1.0736973318607308,-0.3361782264849149,0.409076668256509,0.13752266883083109,0.1938663582503224,-0.12228147888740948,0.6625,5.777777777777778,0.9500293944738389,0.14,wf_score leg=2021 cutoff=2020-12-31 spec_sha=b75aa7e7fe34eec11ebcd5b528c5a5f4d75f131fda1bd5e7cb54c773688503a0; selection metric computed on equity<=cutoff (engine day-causal; this row's stats cover the dev window),600.0,-0.12618701946173172,-0.1638444441652267,-0.20824498265262392,-0.3361782264849149,0.05599391184648339,-0.18359666666265506,,
2026-07-18T11:53:40,wf_score,xs_momentum_multi,dev,next_open,5.0,1.0,"{""leg_year"": 2021, ""score_cutoff"": ""2020-12-31"", ""spec_sha"": ""b75aa7e7fe34eec1"", ""k"": 3, ""metric"": ""sharpe"", ""margin_bps_annual"": 600.0}",0.013273280640291537,0.0026020060494218455,0.5398608120876726,0.758880807117546,-0.5070520293697649,0.25417443756171415,0.12887966437958576,0.31926534644645205,-0.1895900287183876,0.5125,8.58271604938272,0.826572604350382,0.14,wf_score leg=2021 cutoff=2020-12-31 spec_sha=b75aa7e7fe34eec11ebcd5b528c5a5f4d75f131fda1bd5e7cb54c773688503a0; selection metric computed on equity<=cutoff (engine day-causal; this row's stats cover the dev window),600.0,-0.24109854560434918,-0.2927830776261272,-0.245474606255079,-0.34186533099254135,-0.4213200384173179,-0.43950869285376404,,
2026-07-18T11:53:41,wf_score,xs_momentum_concentrated,dev,next_open,5.0,1.0,"{""leg_year"": 2021, ""score_cutoff"": ""2020-12-31"", ""spec_sha"": ""b75aa7e7fe34eec1"", ""k"": 3, ""metric"": ""sharpe"", ""margin_bps_annual"": 600.0}",0.008488042223521725,0.0021862038581133003,0.3827408873561731,0.5289114431924801,-0.4923222517776351,0.1458285856900619,0.0717946576804791,0.2978602839208782,-0.18639138397409327,0.5,9.767901234567901,0.8348030570252791,0.15,wf_score leg=2021 cutoff=2020-12-31 spec_sha=b75aa7e7fe34eec11ebcd5b528c5a5f4d75f131fda1bd5e7cb54c773688503a0; selection metric computed on equity<=cutoff (engine day-causal; this row's stats cover the dev window),600.0,-0.24321735341797168,-0.29992593975462933,-0.28068273393540333,-0.3851213393009749,-0.4116031147876711,-0.44527391602230904,,
2026-07-18T11:53:41,wf_score,ts_momentum_multiasset,dev,next_open,5.0,1.0,"{""leg_year"": 2021, ""score_cutoff"": ""2020-12-31"", ""spec_sha"": ""b75aa7e7fe34eec1"", ""k"": 3, ""metric"": ""sharpe"", ""margin_bps_annual"": 600.0}",0.0011652084309124635,0.0018830702071052086,0.25613265217626274,0.3421287693313519,-0.1207775338475312,0.10736069330558495,0.012966759769609704,0.056560968618774715,-0.04509135435303202,0.55,1.9494823728914137,0.8142269253380364,0.15,wf_score leg=2021 cutoff=2020-12-31 spec_sha=b75aa7e7fe34eec11ebcd5b528c5a5f4d75f131fda1bd5e7cb54c773688503a0; selection metric computed on equity<=cutoff (engine day-causal; this row's stats cover the dev window),600.0,-0.0593920792641649,-0.07332154082249576,-0.07665196668960006,-0.1207775338475312,-0.062279950924894134,-0.08343642479560598,,
2026-07-18T11:53:41,wf_score,xs_momentum_fast,dev,next_open,5.0,1.0,"{""leg_year"": 2021, ""score_cutoff"": ""2020-12-31"", ""spec_sha"": ""b75aa7e7fe34eec1"", ""k"": 3, ""metric"": ""sharpe"", ""margin_bps_annual"": 600.0}",0.018775067706303602,0.01698069308532557,0.6507338533534898,0.9274227473599105,-0.488257364049984,0.37352745398686305,0.18237753008392743,0.354075366397274,-0.2046062533966957,0.5875,20.814814814814817,0.9465020576131689,0.14,wf_score leg=2021 cutoff=2020-12-31 spec_sha=b75aa7e7fe34eec11ebcd5b528c5a5f4d75f131fda1bd5e7cb54c773688503a0; selection metric computed on equity<=cutoff (engine day-causal; this row's stats cover the dev window),600.0,-0.23525902210079552,-0.25082944046731825,-0.3398749641886002,-0.3830090686400004,-0.39285116821619914,-0.4146361934447078,,
2026-07-18T11:53:41,wf_score,xs_momentum_fast_top10,dev,next_open,5.0,1.0,"{""leg_year"": 2021, ""score_cutoff"": ""2020-12-31"", ""spec_sha"": ""b75aa7e7fe34eec1"", ""k"": 3, ""metric"": ""sharpe"", ""margin_bps_annual"": 600.0}",0.019428353746394407,0.014196032367719602,0.5687366386592321,0.8159791239787155,-0.47509903064257686,0.33385239696604735,0.15861295017626986,0.39925488320507463,-0.3337227891202137,0.5375,22.577777777777772,0.9465020576131686,0.14,wf_score leg=2021 cutoff=2020-12-31 spec_sha=b75aa7e7fe34eec11ebcd5b528c5a5f4d75f131fda1bd5e7cb54c773688503a0; selection metric computed on equity<=cutoff (engine day-causal; this row's stats cover the dev window),600.0,-0.31427326937675915,-0.3148057593607654,-0.45225949763575335,-0.4527748381311837,-0.413984262404843,-0.4415261629236418,,
2026-07-18T11:53:41,wf_score,low_vol_quality,dev,next_open,5.0,1.0,"{""leg_year"": 2021, ""score_cutoff"": ""2020-12-31"", ""spec_sha"": ""b75aa7e7fe34eec1"", ""k"": 3, ""metric"": ""sharpe"", ""margin_bps_annual"": 600.0}",0.005395547473037955,0.0071287971096632985,0.6452256064344303,0.8589368403311742,-0.23365876227573745,0.26274256578146915,0.06139210271764961,0.10018756761190717,-0.07645745906294532,0.625,4.359350695742876,0.9500293944738389,0.15,wf_score leg=2021 cutoff=2020-12-31 spec_sha=b75aa7e7fe34eec11ebcd5b528c5a5f4d75f131fda1bd5e7cb54c773688503a0; selection metric computed on equity<=cutoff (engine day-causal; this row's stats cover the dev window),600.0,-0.040082875494704795,-0.06146958701396643,-0.14282934479862763,-0.23258140234862357,-0.07951211669135883,-0.15679632949418565,,
2026-07-18T11:53:41,wf_score,acceleration_momentum,dev,next_open,5.0,1.0,"{""leg_year"": 2021, ""score_cutoff"": ""2020-12-31"", ""spec_sha"": ""b75aa7e7fe34eec1"", ""k"": 3, ""metric"": ""sharpe"", ""margin_bps_annual"": 600.0}",0.014797505100031878,0.01315959602936112,0.765950987639751,1.0679036323760482,-0.43140371153934587,0.3803776726934341,0.16409633978664595,0.23470156948010623,-0.18037227947724344,0.5875,9.73827160493828,0.826572604350382,0.14,wf_score leg=2021 cutoff=2020-12-31 spec_sha=b75aa7e7fe34eec11ebcd5b528c5a5f4d75f131fda1bd5e7cb54c773688503a0; selection metric computed on equity<=cutoff (engine day-causal; this row's stats cover the dev window),600.0,-0.09896056508151885,-0.1398181961761602,-0.3131147181386661,-0.43140371153934587,-0.14573408595046455,-0.28357641825683977,,
2026-07-18T11:53:42,wf_score,donchian_breakout,dev,next_open,5.0,1.0,"{""leg_year"": 2021, ""score_cutoff"": ""2020-12-31"", ""spec_sha"": ""b75aa7e7fe34eec1"", ""k"": 3, ""metric"": ""sharpe"", ""margin_bps_annual"": 600.0}",0.010766218035158117,0.008711086088946995,0.7501853632106332,1.0530751665424927,-0.2601498856373917,0.4685989704604092,0.12190596857507496,0.17345381232567406,-0.10103695327438256,0.6625,20.05229951659501,0.9376837154614915,0.14,wf_score leg=2021 cutoff=2020-12-31 spec_sha=b75aa7e7fe34eec11ebcd5b528c5a5f4d75f131fda1bd5e7cb54c773688503a0; selection metric computed on equity<=cutoff (engine day-causal; this row's stats cover the dev window),600.0,-0.1347936996433835,-0.15959308269087535,-0.18948494576765962,-0.19029364580026598,-0.12821161471796583,-0.24721207598891992,,
2026-07-18T11:53:42,wf_score,multifactor_mvr,dev,next_open,5.0,1.0,"{""leg_year"": 2021, ""score_cutoff"": ""2020-12-31"", ""spec_sha"": ""b75aa7e7fe34eec1"", ""k"": 3, ""metric"": ""sharpe"", ""margin_bps_annual"": 600.0}",0.009176195784645392,0.0073420985260574945,0.5915591391709409,0.812626088668482,-0.42115977236375235,0.2362287927173597,0.09949006456660725,0.191797292835139,-0.18836957159255963,0.5625,11.69382716049384,0.8389182833627277,0.13,wf_score leg=2021 cutoff=2020-12-31 spec_sha=b75aa7e7fe34eec11ebcd5b528c5a5f4d75f131fda1bd5e7cb54c773688503a0; selection metric computed on equity<=cutoff (engine day-causal; this row's stats cover the dev window),600.0,-0.08980519283441013,-0.13698585378946315,-0.2691180339970144,-0.415133237606677,-0.10136698672479227,-0.19043259895358233,,
2026-07-18T11:53:42,wf_score,risk_parity_etf,dev,next_open,5.0,1.0,"{""leg_year"": 2021, ""score_cutoff"": ""2020-12-31"", ""spec_sha"": ""b75aa7e7fe34eec1"", ""k"": 3, ""metric"": ""sharpe"", ""margin_bps_annual"": 600.0}",0.0031344106866560556,0.005908396256139814,0.42769332490679524,0.5812887737029236,-0.20362196485820594,0.16840921100730444,0.034291814445527535,0.08789232795022313,-0.06403494682946398,0.6125,0.9859505312825217,0.9389897567075525,0.14,wf_score leg=2021 cutoff=2020-12-31 spec_sha=b75aa7e7fe34eec11ebcd5b528c5a5f4d75f131fda1bd5e7cb54c773688503a0; selection metric computed on equity<=cutoff (engine day-causal; this row's stats cover the dev window),600.0,-0.03364281329228658,-0.055354097311492656,-0.10469209232669818,-0.1836543004663994,-0.1484554037693835,-0.1939134422456429,,
2026-07-18T11:53:42,wf_score,vix_gated_trend,dev,next_open,5.0,1.0,"{""leg_year"": 2021, ""score_cutoff"": ""2020-12-31"", ""spec_sha"": ""b75aa7e7fe34eec1"", ""k"": 3, ""metric"": ""sharpe"", ""margin_bps_annual"": 600.0}",0.012493129476681356,0.014461563119235743,0.6283437930441367,0.8926591940114199,-0.35746955671866676,0.3696730337109982,0.13214685549151528,0.2456556240746126,-0.16310722562348456,0.6125,9.283950617283956,0.8265726043503822,0.14,wf_score leg=2021 cutoff=2020-12-31 spec_sha=b75aa7e7fe34eec11ebcd5b528c5a5f4d75f131fda1bd5e7cb54c773688503a0; selection metric computed on equity<=cutoff (engine day-causal; this row's stats cover the dev window),600.0,-0.19687260044964128,-0.23962382870508503,-0.112644222949846,-0.134996435922645,-0.22075249660988283,-0.3202040560994296,,
2026-07-18T11:53:42,wf_score,calendar_tom,dev,next_open,5.0,1.0,"{""leg_year"": 2021, ""score_cutoff"": ""2020-12-31"", ""spec_sha"": ""b75aa7e7fe34eec1"", ""k"": 3, ""metric"": ""sharpe"", ""margin_bps_annual"": 600.0}",0.011079104689942823,0.0020453406883206293,0.5298540494691757,0.7710327906199805,-0.3820983272062436,0.2893936598464616,0.11057683333142565,0.2634761878299903,-0.15240522695598113,0.5125,26.755555555555553,0.48500881834215154,0.14,wf_score leg=2021 cutoff=2020-12-31 spec_sha=b75aa7e7fe34eec11ebcd5b528c5a5f4d75f131fda1bd5e7cb54c773688503a0; selection metric computed on equity<=cutoff (engine day-causal; this row's stats cover the dev window),600.0,-0.06656218986487061,-0.07027114798724354,-0.053036684005774215,-0.06970052971554341,-0.27879981938089204,-0.33011995938686933,,
2026-07-18T11:53:42,wf_score,sector_momentum_rotation,dev,next_open,5.0,1.0,"{""leg_year"": 2021, ""score_cutoff"": ""2020-12-31"", ""spec_sha"": ""b75aa7e7fe34eec1"", ""k"": 3, ""metric"": ""sharpe"", ""margin_bps_annual"": 600.0}",0.010444265609967708,0.011994041346469309,0.6635196202885613,0.9485275978770619,-0.3137900649662255,0.3692447410726298,0.11586533128961762,0.1935377216447519,-0.10721698729994311,0.6,4.6913580246913575,0.9129923574368018,0.14,wf_score leg=2021 cutoff=2020-12-31 spec_sha=b75aa7e7fe34eec11ebcd5b528c5a5f4d75f131fda1bd5e7cb54c773688503a0; selection metric computed on equity<=cutoff (engine day-causal; this row's stats cover the dev window),600.0,-0.11927225044960255,-0.15859539510277343,-0.16856301111164051,-0.3137900649662255,-0.09049541166341513,-0.2327169620658106,,
2026-07-18T11:53:42,wf_score,adaptive_voltarget_momentum,dev,next_open,5.0,1.0,"{""leg_year"": 2021, ""score_cutoff"": ""2020-12-31"", ""spec_sha"": ""b75aa7e7fe34eec1"", ""k"": 3, ""metric"": ""sharpe"", ""margin_bps_annual"": 600.0}",0.007467407230310042,0.0,0.3468311354836634,0.49128174898567,-0.6144865932721421,0.10039451034672758,0.06169108064618545,0.322700720803119,-0.2078808585817462,0.4875,4.253644395455829,0.7216343327454439,0.14,wf_score leg=2021 cutoff=2020-12-31 spec_sha=b75aa7e7fe34eec11ebcd5b528c5a5f4d75f131fda1bd5e7cb54c773688503a0; selection metric computed on equity<=cutoff (engine day-causal; this row's stats cover the dev window),600.0,-0.2136461641068338,-0.2494414013417645,-0.15020789858424555,-0.22533280844989134,-0.5013813711541968,-0.5257786407104752,,
2026-07-18T11:53:43,wf_score,momentum_quality_blend,dev,next_open,5.0,1.0,"{""leg_year"": 2021, ""score_cutoff"": ""2020-12-31"", ""spec_sha"": ""b75aa7e7fe34eec1"", ""k"": 3, ""metric"": ""sharpe"", ""margin_bps_annual"": 600.0}",0.006966220842154487,0.002073064879687614,0.38127842986692495,0.5240674118035836,-0.4046708290267541,0.16027401744866268,0.06485821951239878,0.2422815812795692,-0.16677848907127313,0.5375,6.814814814814816,0.8389182833627277,0.14,wf_score leg=2021 cutoff=2020-12-31 spec_sha=b75aa7e7fe34eec11ebcd5b528c5a5f4d75f131fda1bd5e7cb54c773688503a0; selection metric computed on equity<=cutoff (engine day-causal; this row's stats cover the dev window),600.0,-0.17695831870919643,-0.22935952141352367,-0.2901205921956652,-0.3983298911167904,-0.32847676119332303,-0.3769963535820272,,
2026-07-18T11:53:43,wf_score,xs_momentum_12_1,dev,next_open,5.0,1.0,"{""leg_year"": 2022, ""score_cutoff"": ""2021-12-31"", ""spec_sha"": ""b75aa7e7fe34eec1"", ""k"": 3, ""metric"": ""sharpe"", ""margin_bps_annual"": 600.0}",0.020383425309869613,0.012052225570881592,0.8060251526637882,1.1355755175373055,-0.43221960665338566,0.521860737095136,0.2255584425151056,0.31392072617983907,-0.19269559734908726,0.575,4.634074074074075,0.8389182833627279,0.14,wf_score leg=2022 cutoff=2021-12-31 spec_sha=b75aa7e7fe34eec11ebcd5b528c5a5f4d75f131fda1bd5e7cb54c773688503a0; selection metric computed on equity<=cutoff (engine day-causal; this row's stats cover the dev window),600.0,-0.2331672071382691,-0.3008791285886291,-0.30298916969436895,-0.43221960665338566,-0.1593257472321572,-0.31843578759017843,,
2026-07-18T11:53:43,wf_score,xs_momentum_top30,dev,next_open,5.0,1.0,"{""leg_year"": 2022, ""score_cutoff"": ""2021-12-31"", ""spec_sha"": ""b75aa7e7fe34eec1"", ""k"": 3, ""metric"": ""sharpe"", ""margin_bps_annual"": 600.0}",0.022563571027167478,0.01011637023935652,0.8232059389912811,1.1679376674000461,-0.4262382168093908,0.5816866352133746,0.24793707413520338,0.3394786821231215,-0.22415654660061513,0.5625,4.977777777777777,0.8389182833627277,0.15,wf_score leg=2022 cutoff=2021-12-31 spec_sha=b75aa7e7fe34eec11ebcd5b528c5a5f4d75f131fda1bd5e7cb54c773688503a0; selection metric computed on equity<=cutoff (engine day-causal; this row's stats cover the dev window),600.0,-0.24829317447354304,-0.31919900387824596,-0.2994131454604815,-0.4262382168093908,-0.16316462242665242,-0.35446587193264256,,
2026-07-18T11:53:43,wf_score,mean_reversion_5d,dev,next_open,5.0,1.0,"{""leg_year"": 2022, ""score_cutoff"": ""2021-12-31"", ""spec_sha"": ""b75aa7e7fe34eec1"", ""k"": 3, ""metric"": ""sharpe"", ""margin_bps_annual"": 600.0}",0.018412312840663646,0.017210054043314438,0.7071751860367048,1.0466050423595863,-0.6502728568123506,0.29835540297189006,0.19401242023593102,0.3258937521573488,-0.28025266053015396,0.625,76.27654320987662,0.9847148736037623,0.14,wf_score leg=2022 cutoff=2021-12-31 spec_sha=b75aa7e7fe34eec11ebcd5b528c5a5f4d75f131fda1bd5e7cb54c773688503a0; selection metric computed on equity<=cutoff (engine day-causal; this row's stats cover the dev window),600.0,-0.06160851726719141,-0.21922392106421174,-0.29878628694135223,-0.625184139490353,-0.13116794039439827,-0.26925547274783457,,
2026-07-18T11:53:43,wf_score,trend_following,dev,next_open,5.0,1.0,"{""leg_year"": 2022, ""score_cutoff"": ""2021-12-31"", ""spec_sha"": ""b75aa7e7fe34eec1"", ""k"": 3, ""metric"": ""sharpe"", ""margin_bps_annual"": 600.0}",0.011229288427625984,0.009907240797397243,0.5956958027028486,0.8291431112329436,-0.3808942809923318,0.3115801663478149,0.11867910343252208,0.23474527527281613,-0.16310722562348456,0.6125,13.060654857756315,0.8759553203997649,0.14,wf_score leg=2022 cutoff=2021-12-31 spec_sha=b75aa7e7fe34eec11ebcd5b528c5a5f4d75f131fda1bd5e7cb54c773688503a0; selection metric computed on equity<=cutoff (engine day-causal; this row's stats cover the dev window),600.0,-0.19687260044964128,-0.23962382870508503,-0.23730527085740094,-0.32551857349269164,-0.1783524678789271,-0.23541798272590775,,
2026-07-18T11:53:43,wf_score,dual_momentum_vol,dev,next_open,5.0,1.0,"{""leg_year"": 2022, ""score_cutoff"": ""2021-12-31"", ""spec_sha"": ""b75aa7e7fe34eec1"", ""k"": 3, ""metric"": ""sharpe"", ""margin_bps_annual"": 600.0}",0.020323123080696365,0.02171841997027013,0.8391370909403321,1.1736713371606884,-0.42805885286534273,0.5268318777503912,0.22551504924272692,0.2943684357955396,-0.2072074946234237,0.6625,9.026919797404373,0.9110129984958822,0.14,wf_score leg=2022 cutoff=2021-12-31 spec_sha=b75aa7e7fe34eec11ebcd5b528c5a5f4d75f131fda1bd5e7cb54c773688503a0; selection metric computed on equity<=cutoff (engine day-causal; this row's stats cover the dev window),600.0,-0.24509635395742846,-0.29169200118737204,-0.3005418794341157,-0.3832608999073688,-0.2999186725688642,-0.3271241300228035,,
2026-07-18T11:53:43,wf_score,sector_rotation,dev,next_open,5.0,1.0,"{""leg_year"": 2022, ""score_cutoff"": ""2021-12-31"", ""spec_sha"": ""b75aa7e7fe34eec1"", ""k"": 3, ""metric"": ""sharpe"", ""margin_bps_annual"": 600.0}",0.006584238163865557,0.014358475022791306,0.42098447952526963,0.5853727150217719,-0.3361782264849149,0.19579940787103833,0.06582349768488216,0.19835402797928325,-0.11082139462158691,0.6375,6.962962962962963,0.9500293944738389,0.14,wf_score leg=2022 cutoff=2021-12-31 spec_sha=b75aa7e7fe34eec11ebcd5b528c5a5f4d75f131fda1bd5e7cb54c773688503a0; selection metric computed on equity<=cutoff (engine day-causal; this row's stats cover the dev window),600.0,-0.12618701946173172,-0.1638444441652267,-0.20824498265262392,-0.3361782264849149,-0.2579658222319733,-0.305708927200418,,
2026-07-18T11:53:44,wf_score,xs_momentum_multi,dev,next_open,5.0,1.0,"{""leg_year"": 2022, ""score_cutoff"": ""2021-12-31"", ""spec_sha"": ""b75aa7e7fe34eec1"", ""k"": 3, ""metric"": ""sharpe"", ""margin_bps_annual"": 600.0}",0.01401068017521875,0.006733438591749907,0.6408604261359523,0.8938261434864069,-0.3836880268467274,0.38469112095856045,0.14760137714604582,0.2734709788022975,-0.1895900287183876,0.525,11.012345679012352,0.826572604350382,0.14,wf_score leg=2022 cutoff=2021-12-31 spec_sha=b75aa7e7fe34eec11ebcd5b528c5a5f4d75f131fda1bd5e7cb54c773688503a0; selection metric computed on equity<=cutoff (engine day-causal; this row's stats cover the dev window),600.0,-0.24109854560434918,-0.2927830776261272,-0.245474606255079,-0.34186533099254135,-0.21127224099182373,-0.27744546577116025,,
2026-07-18T11:53:44,wf_score,xs_momentum_concentrated,dev,next_open,5.0,1.0,"{""leg_year"": 2022, ""score_cutoff"": ""2021-12-31"", ""spec_sha"": ""b75aa7e7fe34eec1"", ""k"": 3, ""metric"": ""sharpe"", ""margin_bps_annual"": 600.0}",0.010016294358761581,0.0021862038581133003,0.47726365544112254,0.6575899495638611,-0.3851213393009749,0.2514490386513155,0.09683839053133725,0.2716385659851171,-0.17919944546163813,0.5,12.790123456790122,0.8348030570252791,0.14,wf_score leg=2022 cutoff=2021-12-31 spec_sha=b75aa7e7fe34eec11ebcd5b528c5a5f4d75f131fda1bd5e7cb54c773688503a0; selection metric computed on equity<=cutoff (engine day-causal; this row's stats cover the dev window),600.0,-0.24321735341797168,-0.29992593975462933,-0.28068273393540333,-0.3851213393009749,-0.20788812808659596,-0.27677715491020116,,
2026-07-18T11:53:44,wf_score,ts_momentum_multiasset,dev,next_open,5.0,1.0,"{""leg_year"": 2022, ""score_cutoff"": ""2021-12-31"", ""spec_sha"": ""b75aa7e7fe34eec1"", ""k"": 3, ""metric"": ""sharpe"", ""margin_bps_annual"": 600.0}",0.0017438244669535558,0.0027436474445539094,0.24974306118284728,0.34222078822685537,-0.14835032962000427,0.12038406330967868,0.017859015472986295,0.08555425879457611,-0.06777295394094796,0.575,2.640871894168393,0.8142269253380364,0.14,wf_score leg=2022 cutoff=2021-12-31 spec_sha=b75aa7e7fe34eec11ebcd5b528c5a5f4d75f131fda1bd5e7cb54c773688503a0; selection metric computed on equity<=cutoff (engine day-causal; this row's stats cover the dev window),600.0,-0.0593920792641649,-0.07332154082249576,-0.07665196668960006,-0.1207775338475312,-0.09622432468468511,-0.14835032962000427,,
2026-07-18T11:53:44,wf_score,xs_momentum_fast,dev,next_open,5.0,1.0,"{""leg_year"": 2022, ""score_cutoff"": ""2021-12-31"", ""spec_sha"": ""b75aa7e7fe34eec1"", ""k"": 3, ""metric"": ""sharpe"", ""margin_bps_annual"": 600.0}",0.019060841187945512,0.00995033090339903,0.7573397768399338,1.0664236615073017,-0.40585650008366947,0.48994535208473283,0.19884750582937083,0.29873540725068726,-0.2046062533966957,0.5625,24.992592592592594,0.9465020576131689,0.14,wf_score leg=2022 cutoff=2021-12-31 spec_sha=b75aa7e7fe34eec11ebcd5b528c5a5f4d75f131fda1bd5e7cb54c773688503a0; selection metric computed on equity<=cutoff (engine day-causal; this row's stats cover the dev window),600.0,-0.23525902210079552,-0.25082944046731825,-0.3398749641886002,-0.3830090686400004,-0.21854742250753878,-0.30026981673647446,,
2026-07-18T11:53:44,wf_score,xs_momentum_fast_top10,dev,next_open,5.0,1.0,"{""leg_year"": 2022, ""score_cutoff"": ""2021-12-31"", ""spec_sha"": ""b75aa7e7fe34eec1"", ""k"": 3, ""metric"": ""sharpe"", ""margin_bps_annual"": 600.0}",0.015115721346136207,0.007225801275724142,0.46662215289310344,0.6605461730042704,-0.5381977209448223,0.2029603550989512,0.10923280055640738,0.36680805999109295,-0.3337227891202137,0.5125,27.199999999999996,0.9465020576131686,0.14,wf_score leg=2022 cutoff=2021-12-31 spec_sha=b75aa7e7fe34eec11ebcd5b528c5a5f4d75f131fda1bd5e7cb54c773688503a0; selection metric computed on equity<=cutoff (engine day-causal; this row's stats cover the dev window),600.0,-0.31427326937675915,-0.3148057593607654,-0.45225949763575335,-0.4527748381311837,-0.2930492566482735,-0.3588100759858198,,
2026-07-18T11:53:44,wf_score,low_vol_quality,dev,next_open,5.0,1.0,"{""leg_year"": 2022, ""score_cutoff"": ""2021-12-31"", ""spec_sha"": ""b75aa7e7fe34eec1"", ""k"": 3, ""metric"": ""sharpe"", ""margin_bps_annual"": 600.0}",0.005726007639207828,0.008903929051217951,0.6926704594976993,0.9228976343517081,-0.23365876227573745,0.28070627478269605,0.06558948072875781,0.09882880670087191,-0.07645745906294532,0.625,5.129558992755794,0.9500293944738389,0.14,wf_score leg=2022 cutoff=2021-12-31 spec_sha=b75aa7e7fe34eec11ebcd5b528c5a5f4d75f131fda1bd5e7cb54c773688503a0; selection metric computed on equity<=cutoff (engine day-causal; this row's stats cover the dev window),600.0,-0.040082875494704795,-0.06146958701396643,-0.14282934479862763,-0.23258140234862357,-0.05561548569381003,-0.13519296534441572,,
2026-07-18T11:53:44,wf_score,acceleration_momentum,dev,next_open,5.0,1.0,"{""leg_year"": 2022, ""score_cutoff"": ""2021-12-31"", ""spec_sha"": ""b75aa7e7fe34eec1"", ""k"": 3, ""metric"": ""sharpe"", ""margin_bps_annual"": 600.0}",0.014898037867190295,0.013869603398733665,0.8283257314041618,1.1514833687543469,-0.43140371153934587,0.39081251350129836,0.16859796884048084,0.21680299203559514,-0.18037227947724344,0.6,12.424691358024702,0.826572604350382,0.15,wf_score leg=2022 cutoff=2021-12-31 spec_sha=b75aa7e7fe34eec11ebcd5b528c5a5f4d75f131fda1bd5e7cb54c773688503a0; selection metric computed on equity<=cutoff (engine day-causal; this row's stats cover the dev window),600.0,-0.09896056508151885,-0.1398181961761602,-0.3131147181386661,-0.43140371153934587,-0.11943209760497286,-0.21197948083276585,,
2026-07-18T11:53:45,wf_score,donchian_breakout,dev,next_open,5.0,1.0,"{""leg_year"": 2022, ""score_cutoff"": ""2021-12-31"", ""spec_sha"": ""b75aa7e7fe34eec1"", ""k"": 3, ""metric"": ""sharpe"", ""margin_bps_annual"": 600.0}",0.010451597441986456,0.010798575043042047,0.7913565234105676,1.096911157381352,-0.2367951702272666,0.5011618927911845,0.11867271571490767,0.15744635988108868,-0.10103695327438256,0.65,24.467114331409817,0.9376837154614915,0.14,wf_score leg=2022 cutoff=2021-12-31 spec_sha=b75aa7e7fe34eec11ebcd5b528c5a5f4d75f131fda1bd5e7cb54c773688503a0; selection metric computed on equity<=cutoff (engine day-causal; this row's stats cover the dev window),600.0,-0.1347936996433835,-0.15959308269087535,-0.18948494576765962,-0.19029364580026598,-0.14235089305802995,-0.22863751215630013,,
2026-07-18T11:53:45,wf_score,multifactor_mvr,dev,next_open,5.0,1.0,"{""leg_year"": 2022, ""score_cutoff"": ""2021-12-31"", ""spec_sha"": ""b75aa7e7fe34eec1"", ""k"": 3, ""metric"": ""sharpe"", ""margin_bps_annual"": 600.0}",0.009057420572362532,0.00623705676714259,0.5619494870833026,0.7794646583412678,-0.42115977236375235,0.23045641909868703,0.09705897300736854,0.20125309067015576,-0.18836957159255963,0.5875,14.903703703703721,0.8389182833627277,0.14,wf_score leg=2022 cutoff=2021-12-31 spec_sha=b75aa7e7fe34eec11ebcd5b528c5a5f4d75f131fda1bd5e7cb54c773688503a0; selection metric computed on equity<=cutoff (engine day-causal; this row's stats cover the dev window),600.0,-0.08980519283441013,-0.13698585378946315,-0.2691180339970144,-0.415133237606677,-0.06888885144080048,-0.18280545589401564,,
2026-07-18T11:53:45,wf_score,risk_parity_etf,dev,next_open,5.0,1.0,"{""leg_year"": 2022, ""score_cutoff"": ""2021-12-31"", ""spec_sha"": ""b75aa7e7fe34eec1"", ""k"": 3, ""metric"": ""sharpe"", ""margin_bps_annual"": 600.0}",0.0034035461223516014,0.005908396256139814,0.4678892144802947,0.6373487028109442,-0.18841234560233044,0.20007473277361024,0.03769654969763536,0.08724537161844861,-0.06403494682946398,0.625,1.101950299278853,0.9389897567075525,0.14,wf_score leg=2022 cutoff=2021-12-31 spec_sha=b75aa7e7fe34eec11ebcd5b528c5a5f4d75f131fda1bd5e7cb54c773688503a0; selection metric computed on equity<=cutoff (engine day-causal; this row's stats cover the dev window),600.0,-0.03364281329228658,-0.055354097311492656,-0.10469209232669818,-0.1836543004663994,-0.1320592363390537,-0.18184280257884378,,
2026-07-18T11:53:45,wf_score,vix_gated_trend,dev,next_open,5.0,1.0,"{""leg_year"": 2022, ""score_cutoff"": ""2021-12-31"", ""spec_sha"": ""b75aa7e7fe34eec1"", ""k"": 3, ""metric"": ""sharpe"", ""margin_bps_annual"": 600.0}",0.008591577702386088,0.008235903118828491,0.5132652965336402,0.7156561099960256,-0.336395671471852,0.2620475284441465,0.08815165428850791,0.20609517459860358,-0.16310722562348456,0.575,11.585185185185194,0.8018812463256908,0.14,wf_score leg=2022 cutoff=2021-12-31 spec_sha=b75aa7e7fe34eec11ebcd5b528c5a5f4d75f131fda1bd5e7cb54c773688503a0; selection metric computed on equity<=cutoff (engine day-causal; this row's stats cover the dev window),600.0,-0.19687260044964128,-0.23962382870508503,-0.112644222949846,-0.134996435922645,-0.178352467878927,-0.23541798272590742,,
2026-07-18T11:53:45,wf_score,calendar_tom,dev,next_open,5.0,1.0,"{""leg_year"": 2022, ""score_cutoff"": ""2021-12-31"", ""spec_sha"": ""b75aa7e7fe34eec1"", ""k"": 3, ""metric"": ""sharpe"", ""margin_bps_annual"": 600.0}",0.00453429185051543,0.004629350678948763,0.26416646056196874,0.3804907486488015,-0.46146645179429224,0.07340199896239215,0.033872560015783426,0.20750099968562716,-0.16555452918938252,0.525,32.5432098765432,0.3791887125220457,0.14,wf_score leg=2022 cutoff=2021-12-31 spec_sha=b75aa7e7fe34eec11ebcd5b528c5a5f4d75f131fda1bd5e7cb54c773688503a0; selection metric computed on equity<=cutoff (engine day-causal; this row's stats cover the dev window),600.0,-0.06656218986487061,-0.07027114798724354,-0.053036684005774215,-0.06970052971554341,-0.3535569670613249,-0.42727409408216344,,
2026-07-18T11:53:45,wf_score,sector_momentum_rotation,dev,next_open,5.0,1.0,"{""leg_year"": 2022, ""score_cutoff"": ""2021-12-31"", ""spec_sha"": ""b75aa7e7fe34eec1"", ""k"": 3, ""metric"": ""sharpe"", ""margin_bps_annual"": 600.0}",0.007899608053292637,0.011626722086709118,0.5107312856091839,0.7251215900179593,-0.3137900649662255,0.2677910321466263,0.08403016537466246,0.19548042376429514,-0.12101581197901479,0.5875,5.9753086419753085,0.9129923574368018,0.14,wf_score leg=2022 cutoff=2021-12-31 spec_sha=b75aa7e7fe34eec11ebcd5b528c5a5f4d75f131fda1bd5e7cb54c773688503a0; selection metric computed on equity<=cutoff (engine day-causal; this row's stats cover the dev window),600.0,-0.11927225044960255,-0.15859539510277343,-0.16856301111164051,-0.3137900649662255,-0.17523727441440928,-0.25660738551017204,,
2026-07-18T11:53:45,wf_score,adaptive_voltarget_momentum,dev,next_open,5.0,1.0,"{""leg_year"": 2022, ""score_cutoff"": ""2021-12-31"", ""spec_sha"": ""b75aa7e7fe34eec1"", ""k"": 3, ""metric"": ""sharpe"", ""margin_bps_annual"": 600.0}",0.01614671420163714,0.007597020879831717,0.7468062240510744,1.0531100726106504,-0.3477011278317377,0.5132036816040234,0.17844149890111893,0.26821186263761015,-0.2142204758977596,0.525,5.55188125848846,0.715461493239271,0.14,wf_score leg=2022 cutoff=2021-12-31 spec_sha=b75aa7e7fe34eec11ebcd5b528c5a5f4d75f131fda1bd5e7cb54c773688503a0; selection metric computed on equity<=cutoff (engine day-causal; this row's stats cover the dev window),600.0,-0.2136461641068338,-0.2494414013417645,-0.15020789858424555,-0.22533280844989134,-0.10685691332886893,-0.32212446169807907,,
2026-07-18T11:53:46,wf_score,momentum_quality_blend,dev,next_open,5.0,1.0,"{""leg_year"": 2022, ""score_cutoff"": ""2021-12-31"", ""spec_sha"": ""b75aa7e7fe34eec1"", ""k"": 3, ""metric"": ""sharpe"", ""margin_bps_annual"": 600.0}",0.008042883686976894,0.0,0.46419346189693916,0.6350692191006895,-0.3983298911167904,0.20673325377200386,0.0823480344652221,0.22587266409043685,-0.16677848907127313,0.475,8.681481481481482,0.8389182833627277,0.14,wf_score leg=2022 cutoff=2021-12-31 spec_sha=b75aa7e7fe34eec11ebcd5b528c5a5f4d75f131fda1bd5e7cb54c773688503a0; selection metric computed on equity<=cutoff (engine day-causal; this row's stats cover the dev window),600.0,-0.17695831870919643,-0.22935952141352367,-0.2901205921956652,-0.3983298911167904,-0.16108634829708002,-0.2639623636630042,,
2026-07-18T11:53:47,wf_score,xs_momentum_12_1,dev,next_open,5.0,1.0,"{""leg_year"": 2023, ""score_cutoff"": ""2022-12-31"", ""spec_sha"": ""b75aa7e7fe34eec1"", ""k"": 3, ""metric"": ""sharpe"", ""margin_bps_annual"": 600.0}",0.02277303319937074,0.01377300941222559,0.9339221666247189,1.3086849029276457,-0.43221960665338566,0.612202012100041,0.26460571286229095,0.3000095936419967,-0.1866642715229878,0.5875,5.428148148148149,0.8389182833627279,0.14,wf_score leg=2023 cutoff=2022-12-31 spec_sha=b75aa7e7fe34eec11ebcd5b528c5a5f4d75f131fda1bd5e7cb54c773688503a0; selection metric computed on equity<=cutoff (engine day-causal; this row's stats cover the dev window),600.0,-0.2331672071382691,-0.3008791285886291,-0.30298916969436895,-0.43221960665338566,0.03876343468686283,-0.2586425434407338,,
2026-07-18T11:53:47,wf_score,xs_momentum_top30,dev,next_open,5.0,1.0,"{""leg_year"": 2023, ""score_cutoff"": ""2022-12-31"", ""spec_sha"": ""b75aa7e7fe34eec1"", ""k"": 3, ""metric"": ""sharpe"", ""margin_bps_annual"": 600.0}",0.0261668649245336,0.011118379540165035,0.9840769199305032,1.39056724276175,-0.4262382168093908,0.7200920558711245,0.3069307538331163,0.3266984234264172,-0.1923474994896034,0.575,5.8962962962962955,0.8389182833627277,0.14,wf_score leg=2023 cutoff=2022-12-31 spec_sha=b75aa7e7fe34eec11ebcd5b528c5a5f4d75f131fda1bd5e7cb54c773688503a0; selection metric computed on equity<=cutoff (engine day-causal; this row's stats cover the dev window),600.0,-0.24829317447354304,-0.31919900387824596,-0.2994131454604815,-0.4262382168093908,0.1427871389319506,-0.29000923330683237,,
2026-07-18T11:53:47,wf_score,mean_reversion_5d,dev,next_open,5.0,1.0,"{""leg_year"": 2023, ""score_cutoff"": ""2022-12-31"", ""spec_sha"": ""b75aa7e7fe34eec1"", ""k"": 3, ""metric"": ""sharpe"", ""margin_bps_annual"": 600.0}",0.018740228501989496,0.022126040549129367,0.6504570026886468,0.9619512915963806,-0.6502728568123506,0.28331094968229475,0.1842294206161259,0.3589177186306097,-0.28025266053015396,0.6375,89.50123456790135,0.9847148736037623,0.14,wf_score leg=2023 cutoff=2022-12-31 spec_sha=b75aa7e7fe34eec11ebcd5b528c5a5f4d75f131fda1bd5e7cb54c773688503a0; selection metric computed on equity<=cutoff (engine day-causal; this row's stats cover the dev window),600.0,-0.06160851726719141,-0.21922392106421174,-0.29878628694135223,-0.625184139490353,-0.1780750513195083,-0.36801917935975736,,
2026-07-18T11:53:47,wf_score,trend_following,dev,next_open,5.0,1.0,"{""leg_year"": 2023, ""score_cutoff"": ""2022-12-31"", ""spec_sha"": ""b75aa7e7fe34eec1"", ""k"": 3, ""metric"": ""sharpe"", ""margin_bps_annual"": 600.0}",0.01275239497399896,0.010627420692850609,0.6666076611136721,0.9199641026621801,-0.3808942809923318,0.35876445897546744,0.13665133064706358,0.233195036592918,-0.18861277902045248,0.6,15.48716557900388,0.8759553203997649,0.14,wf_score leg=2023 cutoff=2022-12-31 spec_sha=b75aa7e7fe34eec11ebcd5b528c5a5f4d75f131fda1bd5e7cb54c773688503a0; selection metric computed on equity<=cutoff (engine day-causal; this row's stats cover the dev window),600.0,-0.19687260044964128,-0.23962382870508503,-0.23730527085740094,-0.32551857349269164,-0.08508646626976846,-0.31422189808467815,,
2026-07-18T11:53:47,wf_score,dual_momentum_vol,dev,next_open,5.0,1.0,"{""leg_year"": 2023, ""score_cutoff"": ""2022-12-31"", ""spec_sha"": ""b75aa7e7fe34eec1"", ""k"": 3, ""metric"": ""sharpe"", ""margin_bps_annual"": 600.0}",0.024996870616896094,0.025831401134759235,1.065740439020537,1.4861522332932036,-0.3832608999073688,0.7717092176600866,0.2957659692272163,0.2803910653306818,-0.2072074946234237,0.675,10.591033040417337,0.9110129984958822,0.14,wf_score leg=2023 cutoff=2022-12-31 spec_sha=b75aa7e7fe34eec11ebcd5b528c5a5f4d75f131fda1bd5e7cb54c773688503a0; selection metric computed on equity<=cutoff (engine day-causal; this row's stats cover the dev window),600.0,-0.24509635395742846,-0.29169200118737204,-0.3005418794341157,-0.3832608999073688,0.01966306390543049,-0.2873123391290854,,
2026-07-18T11:53:47,wf_score,sector_rotation,dev,next_open,5.0,1.0,"{""leg_year"": 2023, ""score_cutoff"": ""2022-12-31"", ""spec_sha"": ""b75aa7e7fe34eec1"", ""k"": 3, ""metric"": ""sharpe"", ""margin_bps_annual"": 600.0}",0.009044821870891295,0.014972874577464768,0.5969306193422524,0.829664043592845,-0.3361782264849149,0.29336240719686335,0.09862205376878697,0.1870346885780105,-0.11082139462158691,0.6625,8.074074074074074,0.9500293944738389,0.15,wf_score leg=2023 cutoff=2022-12-31 spec_sha=b75aa7e7fe34eec11ebcd5b528c5a5f4d75f131fda1bd5e7cb54c773688503a0; selection metric computed on equity<=cutoff (engine day-causal; this row's stats cover the dev window),600.0,-0.12618701946173172,-0.1638444441652267,-0.20824498265262392,-0.3361782264849149,-0.08962042950379545,-0.21290583174703837,,
2026-07-18T11:53:48,wf_score,xs_momentum_multi,dev,next_open,5.0,1.0,"{""leg_year"": 2023, ""score_cutoff"": ""2022-12-31"", ""spec_sha"": ""b75aa7e7fe34eec1"", ""k"": 3, ""metric"": ""sharpe"", ""margin_bps_annual"": 600.0}",0.016938204123668033,0.007682066040780811,0.7641848441467128,1.0501983349010942,-0.34669255811089494,0.5356958901847421,0.18572177853764127,0.27154537269605555,-0.2018254073057838,0.525,13.116049382716058,0.826572604350382,0.14,wf_score leg=2023 cutoff=2022-12-31 spec_sha=b75aa7e7fe34eec11ebcd5b528c5a5f4d75f131fda1bd5e7cb54c773688503a0; selection metric computed on equity<=cutoff (engine day-causal; this row's stats cover the dev window),600.0,-0.24109854560434918,-0.2927830776261272,-0.245474606255079,-0.34186533099254135,-0.016746524238822835,-0.30395316626977764,,
2026-07-18T11:53:48,wf_score,xs_momentum_concentrated,dev,next_open,5.0,1.0,"{""leg_year"": 2023, ""score_cutoff"": ""2022-12-31"", ""spec_sha"": ""b75aa7e7fe34eec1"", ""k"": 3, ""metric"": ""sharpe"", ""margin_bps_annual"": 600.0}",0.014255495532689993,0.007207302329661491,0.6671014197053188,0.913403921877387,-0.3851213393009749,0.3972620802552613,0.1529941044013976,0.2677325999508076,-0.17919944546163813,0.525,14.982716049382715,0.8348030570252791,0.14,wf_score leg=2023 cutoff=2022-12-31 spec_sha=b75aa7e7fe34eec11ebcd5b528c5a5f4d75f131fda1bd5e7cb54c773688503a0; selection metric computed on equity<=cutoff (engine day-causal; this row's stats cover the dev window),600.0,-0.24321735341797168,-0.29992593975462933,-0.28068273393540333,-0.3851213393009749,0.10935661006405151,-0.22989550431095573,,
2026-07-18T11:53:48,wf_score,ts_momentum_multiasset,dev,next_open,5.0,1.0,"{""leg_year"": 2023, ""score_cutoff"": ""2022-12-31"", ""spec_sha"": ""b75aa7e7fe34eec1"", ""k"": 3, ""metric"": ""sharpe"", ""margin_bps_annual"": 600.0}",0.00218211923054326,0.003037945713777357,0.37349890491745447,0.5000564113848603,-0.1207775338475312,0.20250646333565034,0.024458231229865346,0.07157179221826714,-0.04509135435303202,0.5875,3.162217847442807,0.8142269253380364,0.15,wf_score leg=2023 cutoff=2022-12-31 spec_sha=b75aa7e7fe34eec11ebcd5b528c5a5f4d75f131fda1bd5e7cb54c773688503a0; selection metric computed on equity<=cutoff (engine day-causal; this row's stats cover the dev window),600.0,-0.0593920792641649,-0.07332154082249576,-0.07665196668960006,-0.1207775338475312,-0.05595141590601671,-0.11721050126277133,,
2026-07-18T11:53:48,wf_score,xs_momentum_fast,dev,next_open,5.0,1.0,"{""leg_year"": 2023, ""score_cutoff"": ""2022-12-31"", ""spec_sha"": ""b75aa7e7fe34eec1"", ""k"": 3, ""metric"": ""sharpe"", ""margin_bps_annual"": 600.0}",0.017998074555043667,0.007803041437932312,0.7099833321635108,0.9856185995736935,-0.4049980125657229,0.4498645017458511,0.18219422913093886,0.2992960961571442,-0.2046062533966957,0.55,29.73333333333333,0.9465020576131689,0.14,wf_score leg=2023 cutoff=2022-12-31 spec_sha=b75aa7e7fe34eec11ebcd5b528c5a5f4d75f131fda1bd5e7cb54c773688503a0; selection metric computed on equity<=cutoff (engine day-causal; this row's stats cover the dev window),600.0,-0.23525902210079552,-0.25082944046731825,-0.3398749641886002,-0.3830090686400004,-0.2889182192188452,-0.3427904957777125,,
2026-07-18T11:53:48,wf_score,xs_momentum_fast_top10,dev,next_open,5.0,1.0,"{""leg_year"": 2023, ""score_cutoff"": ""2022-12-31"", ""spec_sha"": ""b75aa7e7fe34eec1"", ""k"": 3, ""metric"": ""sharpe"", ""margin_bps_annual"": 600.0}",0.0160429914626686,0.007225801275724142,0.49792700734333173,0.6978734023968497,-0.462581719593798,0.26369126957910255,0.12197876092377302,0.3673634151870898,-0.3337227891202137,0.5125,32.62222222222222,0.9465020576131686,0.15,wf_score leg=2023 cutoff=2022-12-31 spec_sha=b75aa7e7fe34eec11ebcd5b528c5a5f4d75f131fda1bd5e7cb54c773688503a0; selection metric computed on equity<=cutoff (engine day-causal; this row's stats cover the dev window),600.0,-0.31427326937675915,-0.3148057593607654,-0.45225949763575335,-0.4527748381311837,-0.2364057125957254,-0.29447049683710014,,
2026-07-18T11:53:48,wf_score,low_vol_quality,dev,next_open,5.0,1.0,"{""leg_year"": 2023, ""score_cutoff"": ""2022-12-31"", ""spec_sha"": ""b75aa7e7fe34eec1"", ""k"": 3, ""metric"": ""sharpe"", ""margin_bps_annual"": 600.0}",0.005960741997331617,0.008903929051217951,0.7513693661917211,0.9895987083639953,-0.23365876227573745,0.2960975872037517,0.06918579573886086,0.09511684721893199,-0.07645745906294532,0.625,5.923390805611931,0.9500293944738389,0.13,wf_score leg=2023 cutoff=2022-12-31 spec_sha=b75aa7e7fe34eec11ebcd5b528c5a5f4d75f131fda1bd5e7cb54c773688503a0; selection metric computed on equity<=cutoff (engine day-causal; this row's stats cover the dev window),600.0,-0.040082875494704795,-0.06146958701396643,-0.14282934479862763,-0.23258140234862357,-0.033904463996941914,-0.10436733518389596,,
2026-07-18T11:53:48,wf_score,acceleration_momentum,dev,next_open,5.0,1.0,"{""leg_year"": 2023, ""score_cutoff"": ""2022-12-31"", ""spec_sha"": ""b75aa7e7fe34eec1"", ""k"": 3, ""metric"": ""sharpe"", ""margin_bps_annual"": 600.0}",0.016409142261400594,0.015571559650791045,0.9292772629261776,1.2810568692084683,-0.43140371153934587,0.439730551491224,0.18970139199055747,0.21127256756693424,-0.18037227947724344,0.625,14.854320987654335,0.826572604350382,0.14,wf_score leg=2023 cutoff=2022-12-31 spec_sha=b75aa7e7fe34eec11ebcd5b528c5a5f4d75f131fda1bd5e7cb54c773688503a0; selection metric computed on equity<=cutoff (engine day-causal; this row's stats cover the dev window),600.0,-0.09896056508151885,-0.1398181961761602,-0.3131147181386661,-0.43140371153934587,-0.006428907894509894,-0.1333452217408726,,
2026-07-18T11:53:49,wf_score,donchian_breakout,dev,next_open,5.0,1.0,"{""leg_year"": 2023, ""score_cutoff"": ""2022-12-31"", ""spec_sha"": ""b75aa7e7fe34eec1"", ""k"": 3, ""metric"": ""sharpe"", ""margin_bps_annual"": 600.0}",0.010458580298841311,0.010798575043042047,0.8128150473014845,1.1079787632471818,-0.24395535536760937,0.48711682023380143,0.11883475698567691,0.15255029690427563,-0.129967541653779,0.65,28.3000147522324,0.9376837154614915,0.14,wf_score leg=2023 cutoff=2022-12-31 spec_sha=b75aa7e7fe34eec11ebcd5b528c5a5f4d75f131fda1bd5e7cb54c773688503a0; selection metric computed on equity<=cutoff (engine day-causal; this row's stats cover the dev window),600.0,-0.1347936996433835,-0.15959308269087535,-0.18948494576765962,-0.19029364580026598,-0.14151246953573993,-0.24395535536760937,,
2026-07-18T11:53:49,wf_score,multifactor_mvr,dev,next_open,5.0,1.0,"{""leg_year"": 2023, ""score_cutoff"": ""2022-12-31"", ""spec_sha"": ""b75aa7e7fe34eec1"", ""k"": 3, ""metric"": ""sharpe"", ""margin_bps_annual"": 600.0}",0.008798363296653214,0.00623705676714259,0.5672546697127384,0.7815139248174957,-0.42115977236375235,0.22727543814296475,0.09571927179216311,0.19506368955021808,-0.18836957159255963,0.575,17.590123456790145,0.8389182833627277,0.13,wf_score leg=2023 cutoff=2022-12-31 spec_sha=b75aa7e7fe34eec11ebcd5b528c5a5f4d75f131fda1bd5e7cb54c773688503a0; selection metric computed on equity<=cutoff (engine day-causal; this row's stats cover the dev window),600.0,-0.08980519283441013,-0.13698585378946315,-0.2691180339970144,-0.415133237606677,-0.07653260264417239,-0.177076408252982,,
2026-07-18T11:53:49,wf_score,risk_parity_etf,dev,next_open,5.0,1.0,"{""leg_year"": 2023, ""score_cutoff"": ""2022-12-31"", ""spec_sha"": ""b75aa7e7fe34eec1"", ""k"": 3, ""metric"": ""sharpe"", ""margin_bps_annual"": 600.0}",0.003252446056997353,0.005908396256139814,0.44689598885157317,0.6090513720052477,-0.2019809378396623,0.17757952009653108,0.03586767801021451,0.08743129954325768,-0.06403494682946398,0.625,1.2045457203713825,0.9389897567075525,0.15,wf_score leg=2023 cutoff=2022-12-31 spec_sha=b75aa7e7fe34eec11ebcd5b528c5a5f4d75f131fda1bd5e7cb54c773688503a0; selection metric computed on equity<=cutoff (engine day-causal; this row's stats cover the dev window),600.0,-0.03364281329228658,-0.055354097311492656,-0.10469209232669818,-0.1836543004663994,-0.1423265051329058,-0.19552122823957518,,
2026-07-18T11:53:49,wf_score,vix_gated_trend,dev,next_open,5.0,1.0,"{""leg_year"": 2023, ""score_cutoff"": ""2022-12-31"", ""spec_sha"": ""b75aa7e7fe34eec1"", ""k"": 3, ""metric"": ""sharpe"", ""margin_bps_annual"": 600.0}",0.006826483024053818,0.008953331408433574,0.4188901717165693,0.5697775978122266,-0.38782481942920544,0.1674542052556214,0.06494289691592248,0.19653053627210668,-0.2030659518693686,0.5625,13.758024691358035,0.7648442092886537,0.14,wf_score leg=2023 cutoff=2022-12-31 spec_sha=b75aa7e7fe34eec11ebcd5b528c5a5f4d75f131fda1bd5e7cb54c773688503a0; selection metric computed on equity<=cutoff (engine day-causal; this row's stats cover the dev window),600.0,-0.19687260044964128,-0.23962382870508503,-0.112644222949846,-0.134996435922645,-0.28956975331289514,-0.3254169895181267,,
2026-07-18T11:53:49,wf_score,calendar_tom,dev,next_open,5.0,1.0,"{""leg_year"": 2023, ""score_cutoff"": ""2022-12-31"", ""spec_sha"": ""b75aa7e7fe34eec1"", ""k"": 3, ""metric"": ""sharpe"", ""margin_bps_annual"": 600.0}",0.011840466993000849,0.005870537337255621,1.022744898801804,1.5764648894941757,-0.14291948181440473,0.96998609771023,0.13862991045192263,0.13599389076442758,-0.09486881518729273,0.5625,38.81481481481482,0.2739564961787183,0.13,wf_score leg=2023 cutoff=2022-12-31 spec_sha=b75aa7e7fe34eec11ebcd5b528c5a5f4d75f131fda1bd5e7cb54c773688503a0; selection metric computed on equity<=cutoff (engine day-causal; this row's stats cover the dev window),600.0,-0.06656218986487061,-0.07027114798724354,-0.053036684005774215,-0.06970052971554341,0.23963963338417615,-0.05622164993738055,,
2026-07-18T11:53:49,wf_score,sector_momentum_rotation,dev,next_open,5.0,1.0,"{""leg_year"": 2023, ""score_cutoff"": ""2022-12-31"", ""spec_sha"": ""b75aa7e7fe34eec1"", ""k"": 3, ""metric"": ""sharpe"", ""margin_bps_annual"": 600.0}",0.011990744399496043,0.012807816527358518,0.7454203689266587,1.06723290437979,-0.3137900649662255,0.42959676886925957,0.13480319801276552,0.19532752617891577,-0.09895395811482233,0.6,7.2592592592592595,0.9129923574368018,0.15,wf_score leg=2023 cutoff=2022-12-31 spec_sha=b75aa7e7fe34eec11ebcd5b528c5a5f4d75f131fda1bd5e7cb54c773688503a0; selection metric computed on equity<=cutoff (engine day-causal; this row's stats cover the dev window),600.0,-0.11927225044960255,-0.15859539510277343,-0.16856301111164051,-0.3137900649662255,0.12314357265549813,-0.14334241083219557,,
2026-07-18T11:53:49,wf_score,adaptive_voltarget_momentum,dev,next_open,5.0,1.0,"{""leg_year"": 2023, ""score_cutoff"": ""2022-12-31"", ""spec_sha"": ""b75aa7e7fe34eec1"", ""k"": 3, ""metric"": ""sharpe"", ""margin_bps_annual"": 600.0}",0.017993416236503586,0.007597020879831717,0.9249528284446208,1.2999057522615867,-0.2706450452468996,0.787227762763023,0.21305929347261388,0.24017236288734664,-0.1659547617724063,0.5375,6.587608087878087,0.678424456202234,0.14,wf_score leg=2023 cutoff=2022-12-31 spec_sha=b75aa7e7fe34eec11ebcd5b528c5a5f4d75f131fda1bd5e7cb54c773688503a0; selection metric computed on equity<=cutoff (engine day-causal; this row's stats cover the dev window),600.0,-0.2136461641068338,-0.2494414013417645,-0.15020789858424555,-0.22533280844989134,0.08579056761460024,-0.1748718666346255,,
2026-07-18T11:53:50,wf_score,momentum_quality_blend,dev,next_open,5.0,1.0,"{""leg_year"": 2023, ""score_cutoff"": ""2022-12-31"", ""spec_sha"": ""b75aa7e7fe34eec1"", ""k"": 3, ""metric"": ""sharpe"", ""margin_bps_annual"": 600.0}",0.009117625816245289,0.0,0.548540980970316,0.7438212638645285,-0.3983298911167904,0.24809623197879208,0.09882414507059822,0.21393054469172373,-0.16677848907127313,0.4875,10.014814814814816,0.8389182833627277,0.14,wf_score leg=2023 cutoff=2022-12-31 spec_sha=b75aa7e7fe34eec11ebcd5b528c5a5f4d75f131fda1bd5e7cb54c773688503a0; selection metric computed on equity<=cutoff (engine day-causal; this row's stats cover the dev window),600.0,-0.17695831870919643,-0.22935952141352367,-0.2901205921956652,-0.3983298911167904,-0.07107649778933667,-0.17407402794087945,,
2026-07-18T11:53:50,wf_score,xs_momentum_12_1,full,next_open,5.0,1.0,"{""leg_year"": 2024, ""score_cutoff"": ""2023-12-31"", ""spec_sha"": ""b75aa7e7fe34eec1"", ""k"": 3, ""metric"": ""sharpe"", ""margin_bps_annual"": 600.0}",0.025671107892423082,0.022996227966383564,1.0660678322196095,1.5216272753373214,-0.43221960665338566,0.714617817454415,0.3088718319676482,0.2937912422290546,-0.1866642715229878,0.6050420168067226,4.434076433121021,0.8909235668789811,0.18,wf_score leg=2024 cutoff=2023-12-31 spec_sha=b75aa7e7fe34eec11ebcd5b528c5a5f4d75f131fda1bd5e7cb54c773688503a0; selection metric computed on equity<=cutoff (engine day-causal; this row's stats cover the full window),600.0,-0.2331672071382691,-0.3008791285886291,-0.30298916969436895,-0.43221960665338566,0.03876343468686283,-0.2586425434407338,-0.0457097499350273,-0.1029954647467275
2026-07-18T11:53:50,wf_score,xs_momentum_top30,full,next_open,5.0,1.0,"{""leg_year"": 2024, ""score_cutoff"": ""2023-12-31"", ""spec_sha"": ""b75aa7e7fe34eec1"", ""k"": 3, ""metric"": ""sharpe"", ""margin_bps_annual"": 600.0}",0.030277233188860556,0.025611047501419515,1.110545727081952,1.5998874192368717,-0.4262382168093908,0.8588866186680788,0.36609030078252913,0.33117810504686684,-0.1923474994896034,0.6050420168067226,4.801910828025477,0.8909235668789807,0.17,wf_score leg=2024 cutoff=2023-12-31 spec_sha=b75aa7e7fe34eec11ebcd5b528c5a5f4d75f131fda1bd5e7cb54c773688503a0; selection metric computed on equity<=cutoff (engine day-causal; this row's stats cover the full window),600.0,-0.24829317447354304,-0.31919900387824596,-0.2994131454604815,-0.4262382168093908,0.1427871389319506,-0.29000923330683237,-0.04773532821464721,-0.14058605266402713
2026-07-18T11:53:50,wf_score,mean_reversion_5d,full,next_open,5.0,1.0,"{""leg_year"": 2024, ""score_cutoff"": ""2023-12-31"", ""spec_sha"": ""b75aa7e7fe34eec1"", ""k"": 3, ""metric"": ""sharpe"", ""margin_bps_annual"": 600.0}",0.021570499126465633,0.023894988160249486,0.801679376435051,1.1907694666088584,-0.6502728568123506,0.3605070723422382,0.23442796383304398,0.3319725882079174,-0.28025266053015396,0.6386554621848739,69.9888535031848,0.9896496815286623,0.17,wf_score leg=2024 cutoff=2023-12-31 spec_sha=b75aa7e7fe34eec11ebcd5b528c5a5f4d75f131fda1bd5e7cb54c773688503a0; selection metric computed on equity<=cutoff (engine day-causal; this row's stats cover the full window),600.0,-0.06160851726719141,-0.21922392106421174,-0.29878628694135223,-0.625184139490353,-0.1780750513195083,-0.36801917935975736,-0.030025129935728367,-0.10893319218404707
2026-07-18T11:53:50,wf_score,trend_following,full,next_open,5.0,1.0,"{""leg_year"": 2024, ""score_cutoff"": ""2023-12-31"", ""spec_sha"": ""b75aa7e7fe34eec1"", ""k"": 3, ""metric"": ""sharpe"", ""margin_bps_annual"": 600.0}",0.014543419720927033,0.01248149405414578,0.7449215265877109,1.0487827746824554,-0.3808942809923318,0.4216591566039522,0.1606075612784954,0.23876844420814267,-0.18861277902045248,0.6050420168067226,12.419931787374844,0.9160031847133758,0.17,wf_score leg=2024 cutoff=2023-12-31 spec_sha=b75aa7e7fe34eec11ebcd5b528c5a5f4d75f131fda1bd5e7cb54c773688503a0; selection metric computed on equity<=cutoff (engine day-causal; this row's stats cover the full window),600.0,-0.19687260044964128,-0.23962382870508503,-0.23730527085740094,-0.32551857349269164,-0.08508646626976846,-0.31422189808467815,-0.06106815948153865,-0.12164181835366172
2026-07-18T11:53:50,wf_score,dual_momentum_vol,full,next_open,5.0,1.0,"{""leg_year"": 2024, ""score_cutoff"": ""2023-12-31"", ""spec_sha"": ""b75aa7e7fe34eec1"", ""k"": 3, ""metric"": ""sharpe"", ""margin_bps_annual"": 600.0}",0.026107153975240556,0.024420445829236304,1.1333904154503436,1.6044607611050075,-0.3832608999073688,0.827439785307382,0.31712531673606725,0.27790075339337245,-0.2072074946234237,0.6386554621848739,8.426788927240997,0.9397424802712961,0.18,wf_score leg=2024 cutoff=2023-12-31 spec_sha=b75aa7e7fe34eec11ebcd5b528c5a5f4d75f131fda1bd5e7cb54c773688503a0; selection metric computed on equity<=cutoff (engine day-causal; this row's stats cover the full window),600.0,-0.24509635395742846,-0.29169200118737204,-0.3005418794341157,-0.3832608999073688,0.01966306390543049,-0.2873123391290854,-0.06417940507982522,-0.11177612109324808
2026-07-18T11:53:51,wf_score,sector_rotation,full,next_open,5.0,1.0,"{""leg_year"": 2024, ""score_cutoff"": ""2023-12-31"", ""spec_sha"": ""b75aa7e7fe34eec1"", ""k"": 3, ""metric"": ""sharpe"", ""margin_bps_annual"": 600.0}",0.009567906295595724,0.014940233160352534,0.6797557193281145,0.9530142880989855,-0.3361782264849149,0.3210514713721713,0.10793051425626898,0.17329064178354134,-0.11082139462158691,0.6638655462184874,6.520700636942675,0.9661624203821656,0.19,wf_score leg=2024 cutoff=2023-12-31 spec_sha=b75aa7e7fe34eec11ebcd5b528c5a5f4d75f131fda1bd5e7cb54c773688503a0; selection metric computed on equity<=cutoff (engine day-causal; this row's stats cover the full window),600.0,-0.12618701946173172,-0.1638444441652267,-0.20824498265262392,-0.3361782264849149,-0.08962042950379545,-0.21290583174703837,-0.04629565898038124,-0.07112429790452268
2026-07-18T11:53:51,wf_score,xs_momentum_multi,full,next_open,5.0,1.0,"{""leg_year"": 2024, ""score_cutoff"": ""2023-12-31"", ""spec_sha"": ""b75aa7e7fe34eec1"", ""k"": 3, ""metric"": ""sharpe"", ""margin_bps_annual"": 600.0}",0.017902730146797316,0.01131060276250584,0.8045966845638741,1.129097482490915,-0.34669255811089494,0.5763263804969895,0.1998080671612943,0.27363791651923963,-0.2018254073057838,0.5630252100840336,10.459872611464975,0.8825636942675158,0.17,wf_score leg=2024 cutoff=2023-12-31 spec_sha=b75aa7e7fe34eec11ebcd5b528c5a5f4d75f131fda1bd5e7cb54c773688503a0; selection metric computed on equity<=cutoff (engine day-causal; this row's stats cover the full window),600.0,-0.24109854560434918,-0.2927830776261272,-0.245474606255079,-0.34186533099254135,-0.016746524238822835,-0.30395316626977764,-0.12417537937512313,-0.16836948428990095
2026-07-18T11:53:51,wf_score,xs_momentum_concentrated,full,next_open,5.0,1.0,"{""leg_year"": 2024, ""score_cutoff"": ""2023-12-31"", ""spec_sha"": ""b75aa7e7fe34eec1"", ""k"": 3, ""metric"": ""sharpe"", ""margin_bps_annual"": 600.0}",0.016319993070168192,0.012780487898046644,0.7961921828980921,1.1100825316143759,-0.3851213393009749,0.4799704414664594,0.18484685924244304,0.2544935767083325,-0.17919944546163813,0.5462184873949579,12.044904458598724,0.8881369426751591,0.17,wf_score leg=2024 cutoff=2023-12-31 spec_sha=b75aa7e7fe34eec11ebcd5b528c5a5f4d75f131fda1bd5e7cb54c773688503a0; selection metric computed on equity<=cutoff (engine day-causal; this row's stats cover the full window),600.0,-0.24321735341797168,-0.29992593975462933,-0.28068273393540333,-0.3851213393009749,0.10935661006405151,-0.22989550431095573,-0.07769518995977942,-0.12520869272520363
2026-07-18T11:53:51,wf_score,ts_momentum_multiasset,full,next_open,5.0,1.0,"{""leg_year"": 2024, ""score_cutoff"": ""2023-12-31"", ""spec_sha"": ""b75aa7e7fe34eec1"", ""k"": 3, ""metric"": ""sharpe"", ""margin_bps_annual"": 600.0}",0.0036753804651056534,0.0042071097322622375,0.6154482009792273,0.8449257607908777,-0.1207775338475312,0.35382906988229196,0.042734602463949,0.07240339301755236,-0.04509135435303202,0.6134453781512605,2.8576297871917427,0.8742038216560509,0.19,wf_score leg=2024 cutoff=2023-12-31 spec_sha=b75aa7e7fe34eec11ebcd5b528c5a5f4d75f131fda1bd5e7cb54c773688503a0; selection metric computed on equity<=cutoff (engine day-causal; this row's stats cover the full window),600.0,-0.0593920792641649,-0.07332154082249576,-0.07665196668960006,-0.1207775338475312,-0.05595141590601671,-0.11721050126277133,-0.020858594209739678,-0.04507709490459155
2026-07-18T11:53:51,wf_score,xs_momentum_fast,full,next_open,5.0,1.0,"{""leg_year"": 2024, ""score_cutoff"": ""2023-12-31"", ""spec_sha"": ""b75aa7e7fe34eec1"", ""k"": 3, ""metric"": ""sharpe"", ""margin_bps_annual"": 600.0}",0.02450717417874112,0.01822029040798223,0.8929695882595474,1.2737045543372896,-0.42720181516421163,0.6323557782610817,0.2701435363027118,0.32938306368046577,-0.2046062533966957,0.5714285714285714,23.554777070063697,0.9637738853503186,0.17,wf_score leg=2024 cutoff=2023-12-31 spec_sha=b75aa7e7fe34eec11ebcd5b528c5a5f4d75f131fda1bd5e7cb54c773688503a0; selection metric computed on equity<=cutoff (engine day-causal; this row's stats cover the full window),600.0,-0.23525902210079552,-0.25082944046731825,-0.3398749641886002,-0.3830090686400004,-0.2889182192188452,-0.3427904957777125,-0.05022885279632017,-0.15464742816336496
2026-07-18T11:53:52,wf_score,xs_momentum_fast_top10,full,next_open,5.0,1.0,"{""leg_year"": 2024, ""score_cutoff"": ""2023-12-31"", ""spec_sha"": ""b75aa7e7fe34eec1"", ""k"": 3, ""metric"": ""sharpe"", ""margin_bps_annual"": 600.0}",0.024435713947347892,0.024850962227692897,0.749068286667772,1.0824525406699061,-0.462581719593798,0.5173715030758933,0.23932659956167468,0.3875277431217837,-0.3337227891202137,0.5546218487394958,25.561146496815283,0.9637738853503183,0.17,wf_score leg=2024 cutoff=2023-12-31 spec_sha=b75aa7e7fe34eec11ebcd5b528c5a5f4d75f131fda1bd5e7cb54c773688503a0; selection metric computed on equity<=cutoff (engine day-causal; this row's stats cover the full window),600.0,-0.31427326937675915,-0.3148057593607654,-0.45225949763575335,-0.4527748381311837,-0.2364057125957254,-0.29447049683710014,-0.0869309614568422,-0.18454388010856282
2026-07-18T11:53:52,wf_score,low_vol_quality,full,next_open,5.0,1.0,"{""leg_year"": 2024, ""score_cutoff"": ""2023-12-31"", ""spec_sha"": ""b75aa7e7fe34eec1"", ""k"": 3, ""metric"": ""sharpe"", ""margin_bps_annual"": 600.0}",0.006675096432833067,0.009109725456016182,0.8281448857616561,1.140712633500226,-0.23365876227573745,0.33614650231990345,0.07854357567538695,0.09724021916007439,-0.07645745906294532,0.6302521008403361,4.571657520260643,0.9661624203821656,0.18,wf_score leg=2024 cutoff=2023-12-31 spec_sha=b75aa7e7fe34eec11ebcd5b528c5a5f4d75f131fda1bd5e7cb54c773688503a0; selection metric computed on equity<=cutoff (engine day-causal; this row's stats cover the full window),600.0,-0.040082875494704795,-0.06146958701396643,-0.14282934479862763,-0.23258140234862357,-0.033904463996941914,-0.10436733518389596,0.009710511823742607,-0.026341353657948763
2026-07-18T11:53:52,wf_score,acceleration_momentum,full,next_open,5.0,1.0,"{""leg_year"": 2024, ""score_cutoff"": ""2023-12-31"", ""spec_sha"": ""b75aa7e7fe34eec1"", ""k"": 3, ""metric"": ""sharpe"", ""margin_bps_annual"": 600.0}",0.016558174735963608,0.015818231990946563,1.0247652606535436,1.4276881805905661,-0.43140371153934587,0.45631686231552826,0.19685678804090756,0.1943862440194026,-0.18037227947724344,0.6470588235294118,11.984713375796188,0.8825636942675158,0.17,wf_score leg=2024 cutoff=2023-12-31 spec_sha=b75aa7e7fe34eec11ebcd5b528c5a5f4d75f131fda1bd5e7cb54c773688503a0; selection metric computed on equity<=cutoff (engine day-causal; this row's stats cover the full window),600.0,-0.09896056508151885,-0.1398181961761602,-0.3131147181386661,-0.43140371153934587,-0.006428907894509894,-0.1333452217408726,0.08760905683313491,-0.02979320221352677
2026-07-18T11:53:52,wf_score,donchian_breakout,full,next_open,5.0,1.0,"{""leg_year"": 2024, ""score_cutoff"": ""2023-12-31"", ""spec_sha"": ""b75aa7e7fe34eec1"", ""k"": 3, ""metric"": ""sharpe"", ""margin_bps_annual"": 600.0}",0.010592866307946524,0.011968862119813739,0.8385760642043684,1.1726503801875654,-0.24395535536760937,0.5008552682640379,0.1221863249570927,0.1514958022494381,-0.129967541653779,0.6638655462184874,22.363505212399403,0.9578025477706988,0.17,wf_score leg=2024 cutoff=2023-12-31 spec_sha=b75aa7e7fe34eec11ebcd5b528c5a5f4d75f131fda1bd5e7cb54c773688503a0; selection metric computed on equity<=cutoff (engine day-causal; this row's stats cover the full window),600.0,-0.1347936996433835,-0.15959308269087535,-0.18948494576765962,-0.19029364580026598,-0.14151246953573993,-0.24395535536760937,-0.06024291382588043,-0.10346025709032514
2026-07-18T11:53:52,wf_score,multifactor_mvr,full,next_open,5.0,1.0,"{""leg_year"": 2024, ""score_cutoff"": ""2023-12-31"", ""spec_sha"": ""b75aa7e7fe34eec1"", ""k"": 3, ""metric"": ""sharpe"", ""margin_bps_annual"": 600.0}",0.010475231883511038,0.009444506538281994,0.735841502075409,1.0271736438191421,-0.42115977236375235,0.2849218299816141,0.11999761305652035,0.17546983993712903,-0.18836957159255963,0.5966386554621849,14.03121019108282,0.8909235668789807,0.17,wf_score leg=2024 cutoff=2023-12-31 spec_sha=b75aa7e7fe34eec11ebcd5b528c5a5f4d75f131fda1bd5e7cb54c773688503a0; selection metric computed on equity<=cutoff (engine day-causal; this row's stats cover the full window),600.0,-0.08980519283441013,-0.13698585378946315,-0.2691180339970144,-0.415133237606677,-0.07653260264417239,-0.177076408252982,0.07181931575960565,-0.022823813787565927
2026-07-18T11:53:52,wf_score,risk_parity_etf,full,next_open,5.0,1.0,"{""leg_year"": 2024, ""score_cutoff"": ""2023-12-31"", ""spec_sha"": ""b75aa7e7fe34eec1"", ""k"": 3, ""metric"": ""sharpe"", ""margin_bps_annual"": 600.0}",0.005962607637875331,0.006988600885186713,0.8048402236827301,1.131436183634465,-0.2019809378396623,0.34403104360071657,0.06948771283243049,0.0885270252952178,-0.06403494682946398,0.6554621848739496,0.8868765085868439,0.9586869331845329,0.19,wf_score leg=2024 cutoff=2023-12-31 spec_sha=b75aa7e7fe34eec11ebcd5b528c5a5f4d75f131fda1bd5e7cb54c773688503a0; selection metric computed on equity<=cutoff (engine day-causal; this row's stats cover the full window),600.0,-0.03364281329228658,-0.055354097311492656,-0.10469209232669818,-0.1836543004663994,-0.1423265051329058,-0.19552122823957518,-0.012145632037597887,-0.06608801548656318
2026-07-18T11:53:53,wf_score,vix_gated_trend,full,next_open,5.0,1.0,"{""leg_year"": 2024, ""score_cutoff"": ""2023-12-31"", ""spec_sha"": ""b75aa7e7fe34eec1"", ""k"": 3, ""metric"": ""sharpe"", ""margin_bps_annual"": 600.0}",0.010559613368022747,0.010845264849900005,0.596144758397663,0.8361649284895182,-0.4496062734071431,0.2460324565842404,0.11061773594204505,0.21531123041565206,-0.2030659518693686,0.5798319327731093,11.249044585987269,0.8407643312101911,0.17,wf_score leg=2024 cutoff=2023-12-31 spec_sha=b75aa7e7fe34eec11ebcd5b528c5a5f4d75f131fda1bd5e7cb54c773688503a0; selection metric computed on equity<=cutoff (engine day-causal; this row's stats cover the full window),600.0,-0.19687260044964128,-0.23962382870508503,-0.112644222949846,-0.134996435922645,-0.28956975331289514,-0.3254169895181267,-0.06106815948153865,-0.12164181835366172
2026-07-18T11:53:53,wf_score,calendar_tom,full,next_open,5.0,1.0,"{""leg_year"": 2024, ""score_cutoff"": ""2023-12-31"", ""spec_sha"": ""b75aa7e7fe34eec1"", ""k"": 3, ""metric"": ""sharpe"", ""margin_bps_annual"": 600.0}",0.014210629804355479,0.009522520918134214,0.8497835276644986,1.264573069210663,-0.3631720008330158,0.44995514125459884,0.16341110893453492,0.20262865610151937,-0.12278683249032785,0.5882352941176471,30.342993630573254,0.4374999999999999,0.17,wf_score leg=2024 cutoff=2023-12-31 spec_sha=b75aa7e7fe34eec11ebcd5b528c5a5f4d75f131fda1bd5e7cb54c773688503a0; selection metric computed on equity<=cutoff (engine day-causal; this row's stats cover the full window),600.0,-0.06656218986487061,-0.07027114798724354,-0.053036684005774215,-0.06970052971554341,0.23963963338417615,-0.05622164993738055,-0.09468903611574597,-0.1528886206232608
2026-07-18T11:53:53,wf_score,sector_momentum_rotation,full,next_open,5.0,1.0,"{""leg_year"": 2024, ""score_cutoff"": ""2023-12-31"", ""spec_sha"": ""b75aa7e7fe34eec1"", ""k"": 3, ""metric"": ""sharpe"", ""margin_bps_annual"": 600.0}",0.01246957804158188,0.013331285419527772,0.817285705171882,1.171384012044668,-0.3137900649662255,0.4602720938687629,0.14442881023721976,0.18682352635488397,-0.09895395811482233,0.6134453781512605,5.5175159235668785,0.9410828025477707,0.18,wf_score leg=2024 cutoff=2023-12-31 spec_sha=b75aa7e7fe34eec11ebcd5b528c5a5f4d75f131fda1bd5e7cb54c773688503a0; selection metric computed on equity<=cutoff (engine day-causal; this row's stats cover the full window),600.0,-0.11927225044960255,-0.15859539510277343,-0.16856301111164051,-0.3137900649662255,0.12314357265549813,-0.14334241083219557,-0.10338385174182108,-0.11714882298234597
2026-07-18T11:53:53,wf_score,adaptive_voltarget_momentum,full,next_open,5.0,1.0,"{""leg_year"": 2024, ""score_cutoff"": ""2023-12-31"", ""spec_sha"": ""b75aa7e7fe34eec1"", ""k"": 3, ""metric"": ""sharpe"", ""margin_bps_annual"": 600.0}",0.022652374022252137,0.015756717477509286,1.064547033132548,1.5305085402792658,-0.30836427623330154,0.8870876068484383,0.27354612784135024,0.2593320331685982,-0.1659547617724063,0.5798319327731093,5.436434138127358,0.7822452229299363,0.17,wf_score leg=2024 cutoff=2023-12-31 spec_sha=b75aa7e7fe34eec11ebcd5b528c5a5f4d75f131fda1bd5e7cb54c773688503a0; selection metric computed on equity<=cutoff (engine day-causal; this row's stats cover the full window),600.0,-0.2136461641068338,-0.2494414013417645,-0.15020789858424555,-0.22533280844989134,0.08579056761460024,-0.1748718666346255,-0.05125918466168233,-0.11063127333587297
2026-07-18T11:53:53,wf_score,momentum_quality_blend,full,next_open,5.0,1.0,"{""leg_year"": 2024, ""score_cutoff"": ""2023-12-31"", ""spec_sha"": ""b75aa7e7fe34eec1"", ""k"": 3, ""metric"": ""sharpe"", ""margin_bps_annual"": 600.0}",0.011154806914932822,0.0026926593309086755,0.6815895000540338,0.9407562933567275,-0.3983298911167904,0.31720195025789477,0.1263510183082608,0.2064166372455108,-0.16677848907127313,0.5126050420168067,8.038853503184713,0.8909235668789807,0.17,wf_score leg=2024 cutoff=2023-12-31 spec_sha=b75aa7e7fe34eec11ebcd5b528c5a5f4d75f131fda1bd5e7cb54c773688503a0; selection metric computed on equity<=cutoff (engine day-causal; this row's stats cover the full window),600.0,-0.17695831870919643,-0.22935952141352367,-0.2901205921956652,-0.3983298911167904,-0.07107649778933667,-0.17407402794087945,-0.07878068601487642,-0.10259927689946258
2026-07-18T11:53:54,wf_score,xs_momentum_12_1,full,next_open,5.0,1.0,"{""leg_year"": 2025, ""score_cutoff"": ""2024-12-31"", ""spec_sha"": ""b75aa7e7fe34eec1"", ""k"": 3, ""metric"": ""sharpe"", ""margin_bps_annual"": 600.0}",0.025680931904219786,0.012140512131104897,1.060680725038659,1.5026684873975857,-0.43221960665338566,0.7190251670207576,0.3107767748635968,0.2978258829185382,-0.1866642715229878,0.6050420168067226,5.144331210191084,0.8909235668789811,0.19,wf_score leg=2025 cutoff=2024-12-31 spec_sha=b75aa7e7fe34eec11ebcd5b528c5a5f4d75f131fda1bd5e7cb54c773688503a0; selection metric computed on equity<=cutoff (engine day-causal; this row's stats cover the full window),600.0,-0.2331672071382691,-0.3008791285886291,-0.30298916969436895,-0.43221960665338566,0.03876343468686283,-0.2586425434407338,-0.001616919415824758,-0.10602840993895768
2026-07-18T11:53:54,wf_score,xs_momentum_top30,full,next_open,5.0,1.0,"{""leg_year"": 2025, ""score_cutoff"": ""2024-12-31"", ""spec_sha"": ""b75aa7e7fe34eec1"", ""k"": 3, ""metric"": ""sharpe"", ""margin_bps_annual"": 600.0}",0.029713263752596246,0.01552295912160484,1.105148094882653,1.5816077460364435,-0.4262382168093908,0.8514209429228464,0.36290814446560415,0.33053079556107184,-0.1923474994896034,0.5882352941176471,5.497452229299363,0.8909235668789807,0.18,wf_score leg=2025 cutoff=2024-12-31 spec_sha=b75aa7e7fe34eec11ebcd5b528c5a5f4d75f131fda1bd5e7cb54c773688503a0; selection metric computed on equity<=cutoff (engine day-causal; this row's stats cover the full window),600.0,-0.24829317447354304,-0.31919900387824596,-0.2994131454604815,-0.4262382168093908,0.1427871389319506,-0.29000923330683237,0.03034413414149717,-0.121864360900385
2026-07-18T11:53:54,wf_score,mean_reversion_5d,full,next_open,5.0,1.0,"{""leg_year"": 2025, ""score_cutoff"": ""2024-12-31"", ""spec_sha"": ""b75aa7e7fe34eec1"", ""k"": 3, ""metric"": ""sharpe"", ""margin_bps_annual"": 600.0}",0.01809466430518795,0.021950635803036356,0.6994644040608621,1.0332275540471718,-0.6502728568123506,0.2899687844693237,0.18855882986327188,0.3212375385806246,-0.28025266053015396,0.6302521008403361,79.1111464968154,0.9896496815286623,0.18,wf_score leg=2025 cutoff=2024-12-31 spec_sha=b75aa7e7fe34eec11ebcd5b528c5a5f4d75f131fda1bd5e7cb54c773688503a0; selection metric computed on equity<=cutoff (engine day-causal; this row's stats cover the full window),600.0,-0.06160851726719141,-0.21922392106421174,-0.29878628694135223,-0.625184139490353,-0.1780750513195083,-0.36801917935975736,-0.05038173961763259,-0.1119227675505926
2026-07-18T11:53:54,wf_score,trend_following,full,next_open,5.0,1.0,"{""leg_year"": 2025, ""score_cutoff"": ""2024-12-31"", ""spec_sha"": ""b75aa7e7fe34eec1"", ""k"": 3, ""metric"": ""sharpe"", ""margin_bps_annual"": 600.0}",0.012993679146444437,0.01248149405414578,0.6397779978546007,0.8917258861057674,-0.39224431979981866,0.3548341830675086,0.13918169277903925,0.2551423726594094,-0.18861277902045248,0.5882352941176471,14.23235216954045,0.9160031847133758,0.17,wf_score leg=2025 cutoff=2024-12-31 spec_sha=b75aa7e7fe34eec11ebcd5b528c5a5f4d75f131fda1bd5e7cb54c773688503a0; selection metric computed on equity<=cutoff (engine day-causal; this row's stats cover the full window),600.0,-0.19687260044964128,-0.23962382870508503,-0.23730527085740094,-0.32551857349269164,-0.08508646626976846,-0.31422189808467815,-0.08381260943126834,-0.12794730200088367
2026-07-18T11:53:54,wf_score,dual_momentum_vol,full,next_open,5.0,1.0,"{""leg_year"": 2025, ""score_cutoff"": ""2024-12-31"", ""spec_sha"": ""b75aa7e7fe34eec1"", ""k"": 3, ""metric"": ""sharpe"", ""margin_bps_annual"": 600.0}",0.02471779380539831,0.024420445829236304,1.0404097483813015,1.4663730345485495,-0.3832608999073688,0.7679250754820909,0.29431565549070027,0.28888006909063235,-0.2072074946234237,0.6554621848739496,9.623877469255891,0.9397424802712961,0.17,wf_score leg=2025 cutoff=2024-12-31 spec_sha=b75aa7e7fe34eec11ebcd5b528c5a5f4d75f131fda1bd5e7cb54c773688503a0; selection metric computed on equity<=cutoff (engine day-causal; this row's stats cover the full window),600.0,-0.24509635395742846,-0.29169200118737204,-0.3005418794341157,-0.3832608999073688,0.01966306390543049,-0.2873123391290854,-0.1328840678885964,-0.1539766922063701
2026-07-18T11:53:54,wf_score,sector_rotation,full,next_open,5.0,1.0,"{""leg_year"": 2025, ""score_cutoff"": ""2024-12-31"", ""spec_sha"": ""b75aa7e7fe34eec1"", ""k"": 3, ""metric"": ""sharpe"", ""margin_bps_annual"": 600.0}",0.008974715078828166,0.014269480378838795,0.6206518535802215,0.8732405559302754,-0.3361782264849149,0.29615228887000283,0.09955995124176575,0.17919179040148203,-0.11082139462158691,0.6470588235294118,7.423566878980892,0.9661624203821656,0.18,wf_score leg=2025 cutoff=2024-12-31 spec_sha=b75aa7e7fe34eec11ebcd5b528c5a5f4d75f131fda1bd5e7cb54c773688503a0; selection metric computed on equity<=cutoff (engine day-causal; this row's stats cover the full window),600.0,-0.12618701946173172,-0.1638444441652267,-0.20824498265262392,-0.3361782264849149,-0.08962042950379545,-0.21290583174703837,-0.0706499432908555,-0.09832388698337713
2026-07-18T11:53:55,wf_score,xs_momentum_multi,full,next_open,5.0,1.0,"{""leg_year"": 2025, ""score_cutoff"": ""2024-12-31"", ""spec_sha"": ""b75aa7e7fe34eec1"", ""k"": 3, ""metric"": ""sharpe"", ""margin_bps_annual"": 600.0}",0.019573000033377714,0.010128048592189742,0.8422299593229952,1.1772761621482526,-0.34669255811089494,0.6408220429979854,0.22216823338082148,0.2883627560478379,-0.2018254073057838,0.5630252100840336,12.205414012738862,0.8825636942675158,0.17,wf_score leg=2025 cutoff=2024-12-31 spec_sha=b75aa7e7fe34eec11ebcd5b528c5a5f4d75f131fda1bd5e7cb54c773688503a0; selection metric computed on equity<=cutoff (engine day-causal; this row's stats cover the full window),600.0,-0.24109854560434918,-0.2927830776261272,-0.245474606255079,-0.34186533099254135,-0.016746524238822835,-0.30395316626977764,-0.0517700083776923,-0.1081259519549137
2026-07-18T11:53:55,wf_score,xs_momentum_concentrated,full,next_open,5.0,1.0,"{""leg_year"": 2025, ""score_cutoff"": ""2024-12-31"", ""spec_sha"": ""b75aa7e7fe34eec1"", ""k"": 3, ""metric"": ""sharpe"", ""margin_bps_annual"": 600.0}",0.014433900647500856,0.004372407716226601,0.7015698929678128,0.9691705958145999,-0.3851213393009749,0.41209115544233016,0.15870509769803642,0.2584208902755721,-0.17919944546163813,0.5378151260504201,14.011146496815286,0.8881369426751591,0.17,wf_score leg=2025 cutoff=2024-12-31 spec_sha=b75aa7e7fe34eec11ebcd5b528c5a5f4d75f131fda1bd5e7cb54c773688503a0; selection metric computed on equity<=cutoff (engine day-causal; this row's stats cover the full window),600.0,-0.24321735341797168,-0.29992593975462933,-0.28068273393540333,-0.3851213393009749,0.10935661006405151,-0.22989550431095573,-0.06518009251399992,-0.1034848796915876
2026-07-18T11:53:55,wf_score,ts_momentum_multiasset,full,next_open,5.0,1.0,"{""leg_year"": 2025, ""score_cutoff"": ""2024-12-31"", ""spec_sha"": ""b75aa7e7fe34eec1"", ""k"": 3, ""metric"": ""sharpe"", ""margin_bps_annual"": 600.0}",0.003625117365644677,0.0042071097322622375,0.6232722579556416,0.8541134764643965,-0.1207775338475312,0.3490849793562098,0.042161622909859364,0.07037976594039867,-0.04509135435303202,0.6050420168067226,3.0054449026989056,0.8742038216560509,0.18,wf_score leg=2025 cutoff=2024-12-31 spec_sha=b75aa7e7fe34eec11ebcd5b528c5a5f4d75f131fda1bd5e7cb54c773688503a0; selection metric computed on equity<=cutoff (engine day-causal; this row's stats cover the full window),600.0,-0.0593920792641649,-0.07332154082249576,-0.07665196668960006,-0.1207775338475312,-0.05595141590601671,-0.11721050126277133,0.0033343586404708248,-0.035171346766098344
2026-07-18T11:53:55,wf_score,xs_momentum_fast,full,next_open,5.0,1.0,"{""leg_year"": 2025, ""score_cutoff"": ""2024-12-31"", ""spec_sha"": ""b75aa7e7fe34eec1"", ""k"": 3, ""metric"": ""sharpe"", ""margin_bps_annual"": 600.0}",0.02278192959560266,0.011837169308686724,0.8054042192289598,1.156109003209655,-0.4049980125657229,0.5859444206107615,0.23730632582133238,0.33460844836410336,-0.2046062533966957,0.5462184873949579,26.464012738853498,0.9637738853503186,0.17,wf_score leg=2025 cutoff=2024-12-31 spec_sha=b75aa7e7fe34eec11ebcd5b528c5a5f4d75f131fda1bd5e7cb54c773688503a0; selection metric computed on equity<=cutoff (engine day-causal; this row's stats cover the full window),600.0,-0.23525902210079552,-0.25082944046731825,-0.3398749641886002,-0.3830090686400004,-0.2889182192188452,-0.3427904957777125,-0.21818797824676794,-0.26526107378914976
2026-07-18T11:53:55,wf_score,xs_momentum_fast_top10,full,next_open,5.0,1.0,"{""leg_year"": 2025, ""score_cutoff"": ""2024-12-31"", ""spec_sha"": ""b75aa7e7fe34eec1"", ""k"": 3, ""metric"": ""sharpe"", ""margin_bps_annual"": 600.0}",0.02908843455915071,0.02266255165279274,0.7932572108500231,1.1645980351210956,-0.462581719593798,0.5999264290899409,0.27751499919819156,0.42105442248410757,-0.3337227891202137,0.5462184873949579,28.83152866242038,0.9637738853503183,0.17,wf_score leg=2025 cutoff=2024-12-31 spec_sha=b75aa7e7fe34eec11ebcd5b528c5a5f4d75f131fda1bd5e7cb54c773688503a0; selection metric computed on equity<=cutoff (engine day-causal; this row's stats cover the full window),600.0,-0.31427326937675915,-0.3148057593607654,-0.45225949763575335,-0.4527748381311837,-0.2364057125957254,-0.29447049683710014,-0.14790671971960423,-0.2749498510453159
2026-07-18T11:53:56,wf_score,low_vol_quality,full,next_open,5.0,1.0,"{""leg_year"": 2025, ""score_cutoff"": ""2024-12-31"", ""spec_sha"": ""b75aa7e7fe34eec1"", ""k"": 3, ""metric"": ""sharpe"", ""margin_bps_annual"": 600.0}",0.006178593927483902,0.009769919540265848,0.8239709146091589,1.1095284728903707,-0.23365876227573745,0.30926568355018047,0.07226263683269507,0.08978665653825582,-0.07645745906294532,0.6218487394957983,5.131600201825235,0.9661624203821656,0.17,wf_score leg=2025 cutoff=2024-12-31 spec_sha=b75aa7e7fe34eec11ebcd5b528c5a5f4d75f131fda1bd5e7cb54c773688503a0; selection metric computed on equity<=cutoff (engine day-causal; this row's stats cover the full window),600.0,-0.040082875494704795,-0.06146958701396643,-0.14282934479862763,-0.23258140234862357,-0.033904463996941914,-0.10436733518389596,0.00173665563988612,-0.06290710914584874
2026-07-18T11:53:56,wf_score,acceleration_momentum,full,next_open,5.0,1.0,"{""leg_year"": 2025, ""score_cutoff"": ""2024-12-31"", ""spec_sha"": ""b75aa7e7fe34eec1"", ""k"": 3, ""metric"": ""sharpe"", ""margin_bps_annual"": 600.0}",0.01568613083410507,0.01933626004852962,0.8617070642866873,1.2081263516884841,-0.43140371153934587,0.4164803362302054,0.17967116283286533,0.22061948274640833,-0.18037227947724344,0.6302521008403361,13.837261146496827,0.8825636942675158,0.17,wf_score leg=2025 cutoff=2024-12-31 spec_sha=b75aa7e7fe34eec11ebcd5b528c5a5f4d75f131fda1bd5e7cb54c773688503a0; selection metric computed on equity<=cutoff (engine day-causal; this row's stats cover the full window),600.0,-0.09896056508151885,-0.1398181961761602,-0.3131147181386661,-0.43140371153934587,-0.006428907894509894,-0.1333452217408726,-0.14708885232712265,-0.18114644985164297
2026-07-18T11:53:56,wf_score,donchian_breakout,full,next_open,5.0,1.0,"{""leg_year"": 2025, ""score_cutoff"": ""2024-12-31"", ""spec_sha"": ""b75aa7e7fe34eec1"", ""k"": 3, ""metric"": ""sharpe"", ""margin_bps_annual"": 600.0}",0.009942634148465723,0.011157348797812494,0.7644815935426821,1.065330424881028,-0.24395535536760937,0.4638325433396492,0.1131544329414862,0.15660841981379447,-0.129967541653779,0.6554621848739496,25.704110307940798,0.9578025477706988,0.18,wf_score leg=2025 cutoff=2024-12-31 spec_sha=b75aa7e7fe34eec11ebcd5b528c5a5f4d75f131fda1bd5e7cb54c773688503a0; selection metric computed on equity<=cutoff (engine day-causal; this row's stats cover the full window),600.0,-0.1347936996433835,-0.15959308269087535,-0.18948494576765962,-0.19029364580026598,-0.14151246953573993,-0.24395535536760937,-0.09045266695838261,-0.11114253574308652
2026-07-18T11:53:56,wf_score,multifactor_mvr,full,next_open,5.0,1.0,"{""leg_year"": 2025, ""score_cutoff"": ""2024-12-31"", ""spec_sha"": ""b75aa7e7fe34eec1"", ""k"": 3, ""metric"": ""sharpe"", ""margin_bps_annual"": 600.0}",0.009895820119444428,0.009444506538281994,0.6881462041499767,0.9583232443413292,-0.42115977236375235,0.2656967222176225,0.11190077104696905,0.17760940707248796,-0.18836957159255963,0.5966386554621849,16.164649681528683,0.8909235668789807,0.17,wf_score leg=2025 cutoff=2024-12-31 spec_sha=b75aa7e7fe34eec11ebcd5b528c5a5f4d75f131fda1bd5e7cb54c773688503a0; selection metric computed on equity<=cutoff (engine day-causal; this row's stats cover the full window),600.0,-0.08980519283441013,-0.13698585378946315,-0.2691180339970144,-0.415133237606677,-0.07653260264417239,-0.177076408252982,-0.022732110675801387,-0.09215843288055448
2026-07-18T11:53:56,wf_score,risk_parity_etf,full,next_open,5.0,1.0,"{""leg_year"": 2025, ""score_cutoff"": ""2024-12-31"", ""spec_sha"": ""b75aa7e7fe34eec1"", ""k"": 3, ""metric"": ""sharpe"", ""margin_bps_annual"": 600.0}",0.0054679134299268,0.007312069895835105,0.7609966641356144,1.0673509277552533,-0.2019809378396623,0.31423072255051215,0.06346861603878717,0.08589237202544965,-0.06403494682946398,0.6554621848739496,0.9698335010712291,0.9586869331845329,0.18,wf_score leg=2025 cutoff=2024-12-31 spec_sha=b75aa7e7fe34eec11ebcd5b528c5a5f4d75f131fda1bd5e7cb54c773688503a0; selection metric computed on equity<=cutoff (engine day-causal; this row's stats cover the full window),600.0,-0.03364281329228658,-0.055354097311492656,-0.10469209232669818,-0.1836543004663994,-0.1423265051329058,-0.19552122823957518,-0.015359069310837525,-0.050675322524094346
2026-07-18T11:53:56,wf_score,vix_gated_trend,full,next_open,5.0,1.0,"{""leg_year"": 2025, ""score_cutoff"": ""2024-12-31"", ""spec_sha"": ""b75aa7e7fe34eec1"", ""k"": 3, ""metric"": ""sharpe"", ""margin_bps_annual"": 600.0}",0.009009872793540128,0.010845264849900005,0.4874210169674098,0.6758935748343966,-0.4927437520648623,0.18288354665500914,0.09011472496971851,0.23332474363011207,-0.2030659518693686,0.5630252100840336,13.061464968152878,0.8407643312101911,0.17,wf_score leg=2025 cutoff=2024-12-31 spec_sha=b75aa7e7fe34eec11ebcd5b528c5a5f4d75f131fda1bd5e7cb54c773688503a0; selection metric computed on equity<=cutoff (engine day-causal; this row's stats cover the full window),600.0,-0.19687260044964128,-0.23962382870508503,-0.112644222949846,-0.134996435922645,-0.28956975331289514,-0.3254169895181267,-0.08381260943126845,-0.12794730200088378
2026-07-18T11:53:57,wf_score,calendar_tom,full,next_open,5.0,1.0,"{""leg_year"": 2025, ""score_cutoff"": ""2024-12-31"", ""spec_sha"": ""b75aa7e7fe34eec1"", ""k"": 3, ""metric"": ""sharpe"", ""margin_bps_annual"": 600.0}",0.009101443727270758,0.0062454867890959775,0.5479253882465092,0.8102261991420727,-0.4323914328858728,0.21869409228127565,0.09456145192517607,0.20248547959069463,-0.17145602758515055,0.5630252100840336,34.29554140127389,0.3658439490445859,0.17,wf_score leg=2025 cutoff=2024-12-31 spec_sha=b75aa7e7fe34eec11ebcd5b528c5a5f4d75f131fda1bd5e7cb54c773688503a0; selection metric computed on equity<=cutoff (engine day-causal; this row's stats cover the full window),600.0,-0.06656218986487061,-0.07027114798724354,-0.053036684005774215,-0.06970052971554341,0.23963963338417615,-0.05622164993738055,-0.2057946394992255,-0.2350872168701964
2026-07-18T11:53:57,wf_score,sector_momentum_rotation,full,next_open,5.0,1.0,"{""leg_year"": 2025, ""score_cutoff"": ""2024-12-31"", ""spec_sha"": ""b75aa7e7fe34eec1"", ""k"": 3, ""metric"": ""sharpe"", ""margin_bps_annual"": 600.0}",0.010715680041507194,0.012194922697192245,0.7121019019655815,1.0174070638947923,-0.3137900649662255,0.3858983986795637,0.1210910835920227,0.18491874772564948,-0.09895395811482233,0.6134453781512605,6.320063694267517,0.9410828025477707,0.18,wf_score leg=2025 cutoff=2024-12-31 spec_sha=b75aa7e7fe34eec11ebcd5b528c5a5f4d75f131fda1bd5e7cb54c773688503a0; selection metric computed on equity<=cutoff (engine day-causal; this row's stats cover the full window),600.0,-0.11927225044960255,-0.15859539510277343,-0.16856301111164051,-0.3137900649662255,0.12314357265549813,-0.14334241083219557,-0.10634064017605538,-0.12789342551760174
2026-07-18T11:53:57,wf_score,adaptive_voltarget_momentum,full,next_open,5.0,1.0,"{""leg_year"": 2025, ""score_cutoff"": ""2024-12-31"", ""spec_sha"": ""b75aa7e7fe34eec1"", ""k"": 3, ""metric"": ""sharpe"", ""margin_bps_annual"": 600.0}",0.021953328502669935,0.013003839013344232,1.0387249221543662,1.4761490032971845,-0.30578757792317157,0.8719328957690199,0.2666262483087458,0.26098294406577843,-0.1659547617724063,0.5630252100840336,6.274995777678775,0.7613455414012739,0.22,wf_score leg=2025 cutoff=2024-12-31 spec_sha=b75aa7e7fe34eec11ebcd5b528c5a5f4d75f131fda1bd5e7cb54c773688503a0; selection metric computed on equity<=cutoff (engine day-causal; this row's stats cover the full window),600.0,-0.2136461641068338,-0.2494414013417645,-0.15020789858424555,-0.22533280844989134,0.08579056761460024,-0.1748718666346255,0.060802750742793954,-0.09145634543181336
2026-07-18T11:53:57,wf_score,momentum_quality_blend,full,next_open,5.0,1.0,"{""leg_year"": 2025, ""score_cutoff"": ""2024-12-31"", ""spec_sha"": ""b75aa7e7fe34eec1"", ""k"": 3, ""metric"": ""sharpe"", ""margin_bps_annual"": 600.0}",0.011390390623446609,0.011987933824132435,0.6866461943267265,0.9472310317591257,-0.3983298911167904,0.32176694422229635,0.12816939185704967,0.20762162953584629,-0.16677848907127313,0.5378151260504201,9.336305732484078,0.8909235668789807,0.17,wf_score leg=2025 cutoff=2024-12-31 spec_sha=b75aa7e7fe34eec11ebcd5b528c5a5f4d75f131fda1bd5e7cb54c773688503a0; selection metric computed on equity<=cutoff (engine day-causal; this row's stats cover the full window),600.0,-0.17695831870919643,-0.22935952141352367,-0.2901205921956652,-0.3983298911167904,-0.07107649778933667,-0.17407402794087945,-0.06571730160585554,-0.09795563597132717
2026-07-18T11:53:57,wf_score,xs_momentum_12_1,full,next_open,5.0,1.0,"{""leg_year"": 2026, ""score_cutoff"": ""2025-12-31"", ""spec_sha"": ""b75aa7e7fe34eec1"", ""k"": 3, ""metric"": ""sharpe"", ""margin_bps_annual"": 600.0}",0.025199523148983695,0.018704862978144332,1.0249208069121143,1.4415153287242912,-0.43221960665338566,0.6987258322347792,0.30200300436707583,0.3033113038881844,-0.1866642715229878,0.6050420168067226,5.7823566878980905,0.8909235668789811,0.17,wf_score leg=2026 cutoff=2025-12-31 spec_sha=b75aa7e7fe34eec11ebcd5b528c5a5f4d75f131fda1bd5e7cb54c773688503a0; selection metric computed on equity<=cutoff (engine day-causal; this row's stats cover the full window),600.0,-0.2331672071382691,-0.3008791285886291,-0.30298916969436895,-0.43221960665338566,0.03876343468686283,-0.2586425434407338,0.056177473938974654,-0.13636390520052533
2026-07-18T11:53:58,wf_score,xs_momentum_top30,full,next_open,5.0,1.0,"{""leg_year"": 2026, ""score_cutoff"": ""2025-12-31"", ""spec_sha"": ""b75aa7e7fe34eec1"", ""k"": 3, ""metric"": ""sharpe"", ""margin_bps_annual"": 600.0}",0.03001295047819469,0.021237532347308852,1.0984265965752067,1.566265088510283,-0.4262382168093908,0.8577586223668833,0.36560950565053996,0.33608267488875215,-0.1923474994896034,0.5966386554621849,6.206369426751592,0.8909235668789807,0.17,wf_score leg=2026 cutoff=2025-12-31 spec_sha=b75aa7e7fe34eec11ebcd5b528c5a5f4d75f131fda1bd5e7cb54c773688503a0; selection metric computed on equity<=cutoff (engine day-causal; this row's stats cover the full window),600.0,-0.24829317447354304,-0.31919900387824596,-0.2994131454604815,-0.4262382168093908,0.1427871389319506,-0.29000923330683237,0.10328706351943295,-0.13549677362442558
2026-07-18T11:53:58,wf_score,mean_reversion_5d,full,next_open,5.0,1.0,"{""leg_year"": 2026, ""score_cutoff"": ""2025-12-31"", ""spec_sha"": ""b75aa7e7fe34eec1"", ""k"": 3, ""metric"": ""sharpe"", ""margin_bps_annual"": 600.0}",0.01909964223836938,0.019593727567838393,0.7133811180460004,1.0592202011755207,-0.6502728568123506,0.3091448021418531,0.20102847365747167,0.3363951064498492,-0.28025266053015396,0.6302521008403361,88.3939490445861,0.9896496815286623,0.17,wf_score leg=2026 cutoff=2025-12-31 spec_sha=b75aa7e7fe34eec11ebcd5b528c5a5f4d75f131fda1bd5e7cb54c773688503a0; selection metric computed on equity<=cutoff (engine day-causal; this row's stats cover the full window),600.0,-0.06160851726719141,-0.21922392106421174,-0.29878628694135223,-0.625184139490353,-0.1780750513195083,-0.36801917935975736,-0.09099680514515651,-0.13766796111158386
2026-07-18T11:53:58,wf_score,trend_following,full,next_open,5.0,1.0,"{""leg_year"": 2026, ""score_cutoff"": ""2025-12-31"", ""spec_sha"": ""b75aa7e7fe34eec1"", ""k"": 3, ""metric"": ""sharpe"", ""margin_bps_annual"": 600.0}",0.00907372724117346,0.010845264849900005,0.4315852824771427,0.5697602836372129,-0.5763055748711865,0.13838324755866888,0.07975103703684039,0.25580631408814525,-0.3431902869691861,0.5798319327731093,16.165154717311154,0.9160031847133758,0.17,wf_score leg=2026 cutoff=2025-12-31 spec_sha=b75aa7e7fe34eec11ebcd5b528c5a5f4d75f131fda1bd5e7cb54c773688503a0; selection metric computed on equity<=cutoff (engine day-causal; this row's stats cover the full window),600.0,-0.19687260044964128,-0.23962382870508503,-0.23730527085740094,-0.32551857349269164,-0.08508646626976846,-0.31422189808467815,0.17063214438406327,-0.11877889414051712
2026-07-18T11:53:58,wf_score,dual_momentum_vol,full,next_open,5.0,1.0,"{""leg_year"": 2026, ""score_cutoff"": ""2025-12-31"", ""spec_sha"": ""b75aa7e7fe34eec1"", ""k"": 3, ""metric"": ""sharpe"", ""margin_bps_annual"": 600.0}",0.027489067520316036,0.027242356440282167,1.138400455461889,1.587572762410414,-0.3832608999073688,0.8676631273417934,0.33254135100145765,0.29005973524150186,-0.2072074946234237,0.6554621848739496,10.689294890151512,0.9397424802712961,0.17,wf_score leg=2026 cutoff=2025-12-31 spec_sha=b75aa7e7fe34eec11ebcd5b528c5a5f4d75f131fda1bd5e7cb54c773688503a0; selection metric computed on equity<=cutoff (engine day-causal; this row's stats cover the full window),600.0,-0.24509635395742846,-0.29169200118737204,-0.3005418794341157,-0.3832608999073688,0.01966306390543049,-0.2873123391290854,0.09836802350033258,-0.13610938540270512
2026-07-18T11:53:58,wf_score,sector_rotation,full,next_open,5.0,1.0,"{""leg_year"": 2026, ""score_cutoff"": ""2025-12-31"", ""spec_sha"": ""b75aa7e7fe34eec1"", ""k"": 3, ""metric"": ""sharpe"", ""margin_bps_annual"": 600.0}",0.009049946269426916,0.013776716885230078,0.6466994797363778,0.9038117478804784,-0.3361782264849149,0.3011750807792198,0.10124850451780909,0.1725942871122607,-0.11082139462158691,0.6386554621848739,8.226114649681529,0.9661624203821656,0.2,wf_score leg=2026 cutoff=2025-12-31 spec_sha=b75aa7e7fe34eec11ebcd5b528c5a5f4d75f131fda1bd5e7cb54c773688503a0; selection metric computed on equity<=cutoff (engine day-causal; this row's stats cover the full window),600.0,-0.12618701946173172,-0.1638444441652267,-0.20824498265262392,-0.3361782264849149,-0.08962042950379545,-0.21290583174703837,0.05002352244249697,-0.03336960765859143
2026-07-18T11:53:59,wf_score,xs_momentum_multi,full,next_open,5.0,1.0,"{""leg_year"": 2026, ""score_cutoff"": ""2025-12-31"", ""spec_sha"": ""b75aa7e7fe34eec1"", ""k"": 3, ""metric"": ""sharpe"", ""margin_bps_annual"": 600.0}",0.020864415710974204,0.012738681617122882,0.9083700280087568,1.2574728676049767,-0.34669255811089494,0.6858726762242421,0.2377869526585481,0.2783314144388227,-0.2018254073057838,0.5714285714285714,13.790445859872621,0.8825636942675158,0.17,wf_score leg=2026 cutoff=2025-12-31 spec_sha=b75aa7e7fe34eec11ebcd5b528c5a5f4d75f131fda1bd5e7cb54c773688503a0; selection metric computed on equity<=cutoff (engine day-causal; this row's stats cover the full window),600.0,-0.24109854560434918,-0.2927830776261272,-0.245474606255079,-0.34186533099254135,-0.016746524238822835,-0.30395316626977764,0.10772094231797946,-0.1558300937260062
2026-07-18T11:53:59,wf_score,xs_momentum_concentrated,full,next_open,5.0,1.0,"{""leg_year"": 2026, ""score_cutoff"": ""2025-12-31"", ""spec_sha"": ""b75aa7e7fe34eec1"", ""k"": 3, ""metric"": ""sharpe"", ""margin_bps_annual"": 600.0}",0.01581491956379856,0.005565259922798216,0.7612267942447984,1.0515432331634902,-0.3851213393009749,0.4592665534040036,0.17687335014309258,0.2587975849719779,-0.17919944546163813,0.5462184873949579,15.843630573248404,0.8881369426751591,0.17,wf_score leg=2026 cutoff=2025-12-31 spec_sha=b75aa7e7fe34eec11ebcd5b528c5a5f4d75f131fda1bd5e7cb54c773688503a0; selection metric computed on equity<=cutoff (engine day-causal; this row's stats cover the full window),600.0,-0.24321735341797168,-0.29992593975462933,-0.28068273393540333,-0.3851213393009749,0.10935661006405151,-0.22989550431095573,-0.002089251896934652,-0.1088347974901811
2026-07-18T11:53:59,wf_score,ts_momentum_multiasset,full,next_open,5.0,1.0,"{""leg_year"": 2026, ""score_cutoff"": ""2025-12-31"", ""spec_sha"": ""b75aa7e7fe34eec1"", ""k"": 3, ""metric"": ""sharpe"", ""margin_bps_annual"": 600.0}",0.0031414899383507473,0.004186076574594466,0.5569241345347118,0.7514136504844181,-0.1207775338475312,0.2997520819578703,0.036203317224534626,0.06817519623632536,-0.04509135435303202,0.6134453781512605,3.2885335749828655,0.8742038216560509,0.19,wf_score leg=2026 cutoff=2025-12-31 spec_sha=b75aa7e7fe34eec11ebcd5b528c5a5f4d75f131fda1bd5e7cb54c773688503a0; selection metric computed on equity<=cutoff (engine day-causal; this row's stats cover the full window),600.0,-0.0593920792641649,-0.07332154082249576,-0.07665196668960006,-0.1207775338475312,-0.05595141590601671,-0.11721050126277133,-0.009839178541054205,-0.03232947463649727
2026-07-18T11:53:59,wf_score,xs_momentum_fast,full,next_open,5.0,1.0,"{""leg_year"": 2026, ""score_cutoff"": ""2025-12-31"", ""spec_sha"": ""b75aa7e7fe34eec1"", ""k"": 3, ""metric"": ""sharpe"", ""margin_bps_annual"": 600.0}",0.024851560904905378,0.011837169308686724,0.9224051273504565,1.3123633204211824,-0.4049980125657229,0.6687068445277584,0.270824943022838,0.3142122460972204,-0.2046062533966957,0.5462184873949579,29.503662420382167,0.9637738853503186,0.18,wf_score leg=2026 cutoff=2025-12-31 spec_sha=b75aa7e7fe34eec11ebcd5b528c5a5f4d75f131fda1bd5e7cb54c773688503a0; selection metric computed on equity<=cutoff (engine day-causal; this row's stats cover the full window),600.0,-0.23525902210079552,-0.25082944046731825,-0.3398749641886002,-0.3830090686400004,-0.2889182192188452,-0.3427904957777125,0.0757333703365981,-0.10541882422798643
2026-07-18T11:53:59,wf_score,xs_momentum_fast_top10,full,next_open,5.0,1.0,"{""leg_year"": 2026, ""score_cutoff"": ""2025-12-31"", ""spec_sha"": ""b75aa7e7fe34eec1"", ""k"": 3, ""metric"": ""sharpe"", ""margin_bps_annual"": 600.0}",0.027891519050923977,0.019538735779054184,0.7955852521891014,1.1532323403636702,-0.462581719593798,0.5725076222707531,0.26483156039056155,0.39342385698869775,-0.3337227891202137,0.5378151260504201,32.32261146496815,0.9637738853503183,0.17,wf_score leg=2026 cutoff=2025-12-31 spec_sha=b75aa7e7fe34eec11ebcd5b528c5a5f4d75f131fda1bd5e7cb54c773688503a0; selection metric computed on equity<=cutoff (engine day-causal; this row's stats cover the full window),600.0,-0.31427326937675915,-0.3148057593607654,-0.45225949763575335,-0.4527748381311837,-0.2364057125957254,-0.29447049683710014,0.08112387700736257,-0.14321372140044086
2026-07-18T11:53:59,wf_score,low_vol_quality,full,next_open,5.0,1.0,"{""leg_year"": 2026, ""score_cutoff"": ""2025-12-31"", ""spec_sha"": ""b75aa7e7fe34eec1"", ""k"": 3, ""metric"": ""sharpe"", ""margin_bps_annual"": 600.0}",0.005839040985358798,0.009109725456016182,0.7851301295879829,1.0517950864458023,-0.23365876227573745,0.29169001248791554,0.06815592728612074,0.08927240550633887,-0.07645745906294532,0.6134453781512605,5.761907180699471,0.9661624203821656,0.17,wf_score leg=2026 cutoff=2025-12-31 spec_sha=b75aa7e7fe34eec11ebcd5b528c5a5f4d75f131fda1bd5e7cb54c773688503a0; selection metric computed on equity<=cutoff (engine day-causal; this row's stats cover the full window),600.0,-0.040082875494704795,-0.06146958701396643,-0.14282934479862763,-0.23258140234862357,-0.033904463996941914,-0.10436733518389596,-0.0029820865598285673,-0.045871475377259996
2026-07-18T11:54:00,wf_score,acceleration_momentum,full,next_open,5.0,1.0,"{""leg_year"": 2026, ""score_cutoff"": ""2025-12-31"", ""spec_sha"": ""b75aa7e7fe34eec1"", ""k"": 3, ""metric"": ""sharpe"", ""margin_bps_annual"": 600.0}",0.014914491941077777,0.016006361752786802,0.8398249284487441,1.1609061514492083,-0.43140371153934587,0.3916744347127855,0.16896980485017088,0.21378706193730368,-0.18037227947724344,0.6218487394957983,15.64299363057326,0.8825636942675158,0.17,wf_score leg=2026 cutoff=2025-12-31 spec_sha=b75aa7e7fe34eec11ebcd5b528c5a5f4d75f131fda1bd5e7cb54c773688503a0; selection metric computed on equity<=cutoff (engine day-causal; this row's stats cover the full window),600.0,-0.09896056508151885,-0.1398181961761602,-0.3131147181386661,-0.43140371153934587,-0.006428907894509894,-0.1333452217408726,-0.0014716971050823258,-0.09537385831895662
2026-07-18T11:54:00,wf_score,donchian_breakout,full,next_open,5.0,1.0,"{""leg_year"": 2026, ""score_cutoff"": ""2025-12-31"", ""spec_sha"": ""b75aa7e7fe34eec1"", ""k"": 3, ""metric"": ""sharpe"", ""margin_bps_annual"": 600.0}",0.00937819129418217,0.009734655637952505,0.7558628164593424,1.0370412582768898,-0.24395535536760937,0.4359691473653833,0.10635700827483574,0.14870847748847885,-0.129967541653779,0.6470588235294118,28.797263174182834,0.9578025477706988,0.17,wf_score leg=2026 cutoff=2025-12-31 spec_sha=b75aa7e7fe34eec11ebcd5b528c5a5f4d75f131fda1bd5e7cb54c773688503a0; selection metric computed on equity<=cutoff (engine day-causal; this row's stats cover the full window),600.0,-0.1347936996433835,-0.15959308269087535,-0.18948494576765962,-0.19029364580026598,-0.14151246953573993,-0.24395535536760937,-0.025788592153167422,-0.08634786508371206
2026-07-18T11:54:00,wf_score,multifactor_mvr,full,next_open,5.0,1.0,"{""leg_year"": 2026, ""score_cutoff"": ""2025-12-31"", ""spec_sha"": ""b75aa7e7fe34eec1"", ""k"": 3, ""metric"": ""sharpe"", ""margin_bps_annual"": 600.0}",0.01034889415668025,0.008326289399678943,0.71125082601749,0.9870322423955296,-0.42115977236375235,0.280154893025564,0.11798997097323793,0.18020450487414524,-0.18836957159255963,0.5966386554621849,18.271337579617853,0.8909235668789807,0.17,wf_score leg=2026 cutoff=2025-12-31 spec_sha=b75aa7e7fe34eec11ebcd5b528c5a5f4d75f131fda1bd5e7cb54c773688503a0; selection metric computed on equity<=cutoff (engine day-causal; this row's stats cover the full window),600.0,-0.08980519283441013,-0.13698585378946315,-0.2691180339970144,-0.415133237606677,-0.07653260264417239,-0.177076408252982,0.047281011805841766,-0.06721858098460487
2026-07-18T11:54:00,wf_score,risk_parity_etf,full,next_open,5.0,1.0,"{""leg_year"": 2026, ""score_cutoff"": ""2025-12-31"", ""spec_sha"": ""b75aa7e7fe34eec1"", ""k"": 3, ""metric"": ""sharpe"", ""margin_bps_annual"": 600.0}",0.005406997256023868,0.006988600885186713,0.7554523988577453,1.0587251377319653,-0.2019809378396623,0.3105538724640396,0.06272596241002559,0.085558490334177,-0.06403494682946398,0.6470588235294118,1.073503905888902,0.9586869331845329,0.19,wf_score leg=2026 cutoff=2025-12-31 spec_sha=b75aa7e7fe34eec11ebcd5b528c5a5f4d75f131fda1bd5e7cb54c773688503a0; selection metric computed on equity<=cutoff (engine day-causal; this row's stats cover the full window),600.0,-0.03364281329228658,-0.055354097311492656,-0.10469209232669818,-0.1836543004663994,-0.1423265051329058,-0.19552122823957518,-0.016029264576945867,-0.04836225131495908
2026-07-18T11:54:00,wf_score,vix_gated_trend,full,next_open,5.0,1.0,"{""leg_year"": 2026, ""score_cutoff"": ""2025-12-31"", ""spec_sha"": ""b75aa7e7fe34eec1"", ""k"": 3, ""metric"": ""sharpe"", ""margin_bps_annual"": 600.0}",0.007958430810116634,0.010845264849900005,0.45780794589407,0.6218838569962261,-0.46355986348417766,0.16670208629757824,0.07727639636663297,0.21250173484960036,-0.2030659518693686,0.5630252100840336,14.793630573248416,0.8324044585987261,0.18,wf_score leg=2026 cutoff=2025-12-31 spec_sha=b75aa7e7fe34eec11ebcd5b528c5a5f4d75f131fda1bd5e7cb54c773688503a0; selection metric computed on equity<=cutoff (engine day-causal; this row's stats cover the full window),600.0,-0.19687260044964128,-0.23962382870508503,-0.112644222949846,-0.134996435922645,-0.28956975331289514,-0.3254169895181267,0.17063214438406238,-0.11877889414051712
2026-07-18T11:54:01,wf_score,calendar_tom,full,next_open,5.0,1.0,"{""leg_year"": 2026, ""score_cutoff"": ""2025-12-31"", ""spec_sha"": ""b75aa7e7fe34eec1"", ""k"": 3, ""metric"": ""sharpe"", ""margin_bps_annual"": 600.0}",0.009686772626711151,0.0062454867890959775,0.7625159062789866,1.1299163298068515,-0.2934625307237053,0.36685544150849037,0.10765832627484384,0.14893508254452056,-0.11147543420546335,0.5630252100840336,38.014012738853495,0.2949840764331209,0.17,wf_score leg=2026 cutoff=2025-12-31 spec_sha=b75aa7e7fe34eec11ebcd5b528c5a5f4d75f131fda1bd5e7cb54c773688503a0; selection metric computed on equity<=cutoff (engine day-causal; this row's stats cover the full window),600.0,-0.06656218986487061,-0.07027114798724354,-0.053036684005774215,-0.06970052971554341,0.23963963338417615,-0.05622164993738055,0.06480677018121317,-0.12177174508461319
2026-07-18T11:54:01,wf_score,sector_momentum_rotation,full,next_open,5.0,1.0,"{""leg_year"": 2026, ""score_cutoff"": ""2025-12-31"", ""spec_sha"": ""b75aa7e7fe34eec1"", ""k"": 3, ""metric"": ""sharpe"", ""margin_bps_annual"": 600.0}",0.009234195660048421,0.011020309544153006,0.6235189950359616,0.8784576168280984,-0.3137900649662255,0.3217177737898036,0.10095184113829192,0.18090356962338605,-0.11916681440413002,0.6050420168067226,7.122611464968153,0.9327229299363057,0.18,wf_score leg=2026 cutoff=2025-12-31 spec_sha=b75aa7e7fe34eec11ebcd5b528c5a5f4d75f131fda1bd5e7cb54c773688503a0; selection metric computed on equity<=cutoff (engine day-causal; this row's stats cover the full window),600.0,-0.11927225044960255,-0.15859539510277343,-0.16856301111164051,-0.3137900649662255,0.12314357265549813,-0.14334241083219557,-0.08605871027544887,-0.0992183272214241
2026-07-18T11:54:01,wf_score,adaptive_voltarget_momentum,full,next_open,5.0,1.0,"{""leg_year"": 2026, ""score_cutoff"": ""2025-12-31"", ""spec_sha"": ""b75aa7e7fe34eec1"", ""k"": 3, ""metric"": ""sharpe"", ""margin_bps_annual"": 600.0}",0.021061396624425775,0.01671706114985194,1.0165116686587499,1.4256207262901446,-0.28677262123397085,0.88091386542288,0.2526219782686687,0.25401737739404184,-0.1659547617724063,0.5798319327731093,7.107029907734617,0.7446257961783439,0.2,wf_score leg=2026 cutoff=2025-12-31 spec_sha=b75aa7e7fe34eec11ebcd5b528c5a5f4d75f131fda1bd5e7cb54c773688503a0; selection metric computed on equity<=cutoff (engine day-causal; this row's stats cover the full window),600.0,-0.2136461641068338,-0.2494414013417645,-0.15020789858424555,-0.22533280844989134,0.08579056761460024,-0.1748718666346255,0.10937927534431391,-0.12513986212745543
2026-07-18T11:54:01,wf_score,momentum_quality_blend,full,next_open,5.0,1.0,"{""leg_year"": 2026, ""score_cutoff"": ""2025-12-31"", ""spec_sha"": ""b75aa7e7fe34eec1"", ""k"": 3, ""metric"": ""sharpe"", ""margin_bps_annual"": 600.0}",0.011891577399482219,0.0055160710566311,0.7219166913317707,0.9862433662713306,-0.3983298911167904,0.3372083079248671,0.13432014857938945,0.20405256492420934,-0.16677848907127313,0.5210084033613446,10.63375796178344,0.8909235668789807,0.18,wf_score leg=2026 cutoff=2025-12-31 spec_sha=b75aa7e7fe34eec11ebcd5b528c5a5f4d75f131fda1bd5e7cb54c773688503a0; selection metric computed on equity<=cutoff (engine day-causal; this row's stats cover the full window),600.0,-0.17695831870919643,-0.22935952141352367,-0.2901205921956652,-0.3983298911167904,-0.07107649778933667,-0.17407402794087945,0.053326581359858016,-0.10355252479652088
